2025-11-12 23:02:40 | INFO     | __main__:main:11 - ============================================================
2025-11-12 23:02:40 | INFO     | __main__:main:12 - Starting Books Scraper
2025-11-12 23:02:40 | INFO     | __main__:main:13 - ============================================================
2025-11-12 23:02:40 | INFO     | src.crawler.scraper:crawl:47 - Starting crawl of https://books.toscrape.com
2025-11-12 23:02:40 | INFO     | src.crawler.scraper:_load_progress:269 - No progress file found, starting fresh
2025-11-12 23:02:41 | ERROR    | src.database.mongodb:connect:28 - Failed to connect to MongoDB: . Index spec: { expireAfterSeconds: null, name: "crawl_timestamp_1", key: { crawl_timestamp: 1 } } :: caused by :: TTL index 'expireAfterSeconds' option must be numeric, but received a type of 'null, full error: {'ok': 0.0, 'errmsg': '. Index spec: { expireAfterSeconds: null, name: "crawl_timestamp_1", key: { crawl_timestamp: 1 } } :: caused by :: TTL index \'expireAfterSeconds\' option must be numeric, but received a type of \'null', 'code': 67, 'codeName': 'CannotCreateIndex'}
2025-11-12 23:02:41 | ERROR    | src.crawler.scraper:crawl:89 - Crawl failed: . Index spec: { expireAfterSeconds: null, name: "crawl_timestamp_1", key: { crawl_timestamp: 1 } } :: caused by :: TTL index 'expireAfterSeconds' option must be numeric, but received a type of 'null, full error: {'ok': 0.0, 'errmsg': '. Index spec: { expireAfterSeconds: null, name: "crawl_timestamp_1", key: { crawl_timestamp: 1 } } :: caused by :: TTL index \'expireAfterSeconds\' option must be numeric, but received a type of \'null', 'code': 67, 'codeName': 'CannotCreateIndex'}
2025-11-12 23:02:41 | INFO     | src.database.mongodb:disconnect:35 - Disconnected from MongoDB
2025-11-12 23:02:47 | INFO     | __main__:main:11 - ============================================================
2025-11-12 23:02:47 | INFO     | __main__:main:12 - Starting Books Scraper
2025-11-12 23:02:47 | INFO     | __main__:main:13 - ============================================================
2025-11-12 23:02:47 | INFO     | src.crawler.scraper:crawl:47 - Starting crawl of https://books.toscrape.com
2025-11-12 23:02:47 | INFO     | src.crawler.scraper:_load_progress:281 - Resumed from checkpoint: 0 URLs already processed
2025-11-12 23:02:47 | ERROR    | src.database.mongodb:connect:28 - Failed to connect to MongoDB: . Index spec: { expireAfterSeconds: null, name: "crawl_timestamp_1", key: { crawl_timestamp: 1 } } :: caused by :: TTL index 'expireAfterSeconds' option must be numeric, but received a type of 'null, full error: {'ok': 0.0, 'errmsg': '. Index spec: { expireAfterSeconds: null, name: "crawl_timestamp_1", key: { crawl_timestamp: 1 } } :: caused by :: TTL index \'expireAfterSeconds\' option must be numeric, but received a type of \'null', 'code': 67, 'codeName': 'CannotCreateIndex'}
2025-11-12 23:02:47 | ERROR    | src.crawler.scraper:crawl:89 - Crawl failed: . Index spec: { expireAfterSeconds: null, name: "crawl_timestamp_1", key: { crawl_timestamp: 1 } } :: caused by :: TTL index 'expireAfterSeconds' option must be numeric, but received a type of 'null, full error: {'ok': 0.0, 'errmsg': '. Index spec: { expireAfterSeconds: null, name: "crawl_timestamp_1", key: { crawl_timestamp: 1 } } :: caused by :: TTL index \'expireAfterSeconds\' option must be numeric, but received a type of \'null', 'code': 67, 'codeName': 'CannotCreateIndex'}
2025-11-12 23:02:47 | INFO     | src.database.mongodb:disconnect:35 - Disconnected from MongoDB
2025-11-13 10:51:18 | INFO     | __main__:main:11 - ============================================================
2025-11-13 10:51:18 | INFO     | __main__:main:12 - Starting Books Scraper
2025-11-13 10:51:18 | INFO     | __main__:main:13 - ============================================================
2025-11-13 10:51:18 | INFO     | src.crawler.scraper:crawl:47 - Starting crawl of https://books.toscrape.com
2025-11-13 10:51:18 | INFO     | src.crawler.scraper:_load_progress:281 - Resumed from checkpoint: 0 URLs already processed
2025-11-13 10:51:21 | INFO     | src.database.mongodb:_create_indexes:66 - Database indexes created successfully
2025-11-13 10:51:21 | INFO     | src.database.mongodb:connect:26 - Connected to MongoDB: books_scraper
2025-11-13 10:51:21 | INFO     | src.crawler.scraper:_crawl_catalog:125 - Crawling catalog page 1: https://books.toscrape.com
2025-11-13 10:51:28 | ERROR    | src.crawler.parser:extract_book_links:173 - Error extracting book links: Couldn't find a tree builder with the features you requested: lxml. Do you need to install a parser library?
2025-11-13 10:51:28 | INFO     | src.crawler.scraper:_crawl_catalog:143 - Found 0 new books on page 1
2025-11-13 10:51:28 | ERROR    | src.crawler.parser:get_next_page_url:203 - Error extracting next page URL: Couldn't find a tree builder with the features you requested: lxml. Do you need to install a parser library?
2025-11-13 10:51:28 | INFO     | src.crawler.scraper:_crawl_catalog:156 - No more catalog pages found
2025-11-13 10:51:28 | INFO     | src.crawler.scraper:crawl:76 - Crawl completed: 0 books processed, 0 new, 0 updated, 0 failed
2025-11-13 10:51:28 | INFO     | src.database.mongodb:disconnect:35 - Disconnected from MongoDB
2025-11-13 10:51:28 | INFO     | __main__:main:18 - ============================================================
2025-11-13 10:51:28 | INFO     | __main__:main:19 - Crawl Summary:
2025-11-13 10:51:28 | INFO     | __main__:main:20 -   Total Books: 0
2025-11-13 10:51:28 | INFO     | __main__:main:21 -   New Books: 0
2025-11-13 10:51:28 | INFO     | __main__:main:22 -   Updated Books: 0
2025-11-13 10:51:28 | INFO     | __main__:main:23 -   Failed Pages: 0
2025-11-13 10:51:28 | INFO     | __main__:main:24 - ============================================================
2025-11-13 10:57:21 | INFO     | __main__:main:11 - ============================================================
2025-11-13 10:57:21 | INFO     | __main__:main:12 - Starting Books Scraper
2025-11-13 10:57:21 | INFO     | __main__:main:13 - ============================================================
2025-11-13 10:57:21 | INFO     | src.crawler.scraper:crawl:47 - Starting crawl of https://books.toscrape.com
2025-11-13 10:57:21 | INFO     | src.crawler.scraper:_load_progress:269 - No progress file found, starting fresh
2025-11-13 10:57:21 | INFO     | src.database.mongodb:_create_indexes:66 - Database indexes created successfully
2025-11-13 10:57:21 | INFO     | src.database.mongodb:connect:26 - Connected to MongoDB: books_scraper
2025-11-13 10:57:21 | INFO     | src.crawler.scraper:_crawl_catalog:125 - Crawling catalog page 1: https://books.toscrape.com
2025-11-13 10:57:23 | INFO     | src.crawler.parser:extract_book_links:169 - Extracted 20 book links from page
2025-11-13 10:57:23 | INFO     | src.crawler.scraper:_crawl_catalog:143 - Found 20 new books on page 1
2025-11-13 10:57:23 | INFO     | src.database.mongodb:insert_book:77 - Inserted new book: A Light in the Attic (ID: 69158f63c0abf7fb8a1300bd)
2025-11-13 10:57:23 | INFO     | src.crawler.scraper:_crawl_book:233 - Inserted new book: A Light in the Attic
2025-11-13 10:57:23 | INFO     | src.database.mongodb:insert_book:77 - Inserted new book: Starving Hearts (Triangular Trade Trilogy, #1) (ID: 69158f63c0abf7fb8a1300be)
2025-11-13 10:57:23 | INFO     | src.crawler.scraper:_crawl_book:233 - Inserted new book: Starving Hearts (Triangular Trade Trilogy, #1)
2025-11-13 10:57:24 | INFO     | src.database.mongodb:insert_book:77 - Inserted new book: Shakespeare's Sonnets (ID: 69158f64c0abf7fb8a1300bf)
2025-11-13 10:57:24 | INFO     | src.crawler.scraper:_crawl_book:233 - Inserted new book: Shakespeare's Sonnets
2025-11-13 10:57:24 | INFO     | src.database.mongodb:insert_book:77 - Inserted new book: Sharp Objects (ID: 69158f64c0abf7fb8a1300c0)
2025-11-13 10:57:24 | INFO     | src.crawler.scraper:_crawl_book:233 - Inserted new book: Sharp Objects
2025-11-13 10:57:24 | INFO     | src.database.mongodb:insert_book:77 - Inserted new book: The Dirty Little Secrets of Getting Your Dream Job (ID: 69158f64c0abf7fb8a1300c1)
2025-11-13 10:57:24 | INFO     | src.crawler.scraper:_crawl_book:233 - Inserted new book: The Dirty Little Secrets of Getting Your Dream Job
2025-11-13 10:57:24 | INFO     | src.database.mongodb:insert_book:77 - Inserted new book: Sapiens: A Brief History of Humankind (ID: 69158f64c0abf7fb8a1300c2)
2025-11-13 10:57:24 | INFO     | src.crawler.scraper:_crawl_book:233 - Inserted new book: Sapiens: A Brief History of Humankind
2025-11-13 10:57:24 | INFO     | src.database.mongodb:insert_book:77 - Inserted new book: Tipping the Velvet (ID: 69158f64c0abf7fb8a1300c5)
2025-11-13 10:57:24 | INFO     | src.crawler.scraper:_crawl_book:233 - Inserted new book: Tipping the Velvet
2025-11-13 10:57:24 | INFO     | src.database.mongodb:insert_book:77 - Inserted new book: The Black Maria (ID: 69158f64c0abf7fb8a1300c7)
2025-11-13 10:57:24 | INFO     | src.crawler.scraper:_crawl_book:233 - Inserted new book: The Black Maria
2025-11-13 10:57:24 | INFO     | src.database.mongodb:insert_book:77 - Inserted new book: The Coming Woman: A Novel Based on the Life of the Infamous Feminist, Victoria Woodhull (ID: 69158f64c0abf7fb8a1300c3)
2025-11-13 10:57:24 | INFO     | src.crawler.scraper:_crawl_book:233 - Inserted new book: The Coming Woman: A Novel Based on the Life of the Infamous Feminist, Victoria Woodhull
2025-11-13 10:57:24 | INFO     | src.database.mongodb:insert_book:77 - Inserted new book: The Boys in the Boat: Nine Americans and Their Epic Quest for Gold at the 1936 Berlin Olympics (ID: 69158f64c0abf7fb8a1300c4)
2025-11-13 10:57:24 | INFO     | src.crawler.scraper:_crawl_book:233 - Inserted new book: The Boys in the Boat: Nine Americans and Their Epic Quest for Gold at the 1936 Berlin Olympics
2025-11-13 10:57:24 | INFO     | src.database.mongodb:insert_book:77 - Inserted new book: Soumission (ID: 69158f64c0abf7fb8a1300c6)
2025-11-13 10:57:24 | INFO     | src.crawler.scraper:_crawl_book:233 - Inserted new book: Soumission
2025-11-13 10:57:24 | INFO     | src.database.mongodb:insert_book:77 - Inserted new book: The Requiem Red (ID: 69158f64c0abf7fb8a1300c8)
2025-11-13 10:57:24 | INFO     | src.crawler.scraper:_crawl_book:233 - Inserted new book: The Requiem Red
2025-11-13 10:57:24 | INFO     | src.database.mongodb:insert_book:77 - Inserted new book: Set Me Free (ID: 69158f64c0abf7fb8a1300c9)
2025-11-13 10:57:24 | INFO     | src.crawler.scraper:_crawl_book:233 - Inserted new book: Set Me Free
2025-11-13 10:57:24 | INFO     | src.database.mongodb:insert_book:77 - Inserted new book: Scott Pilgrim's Precious Little Life (Scott Pilgrim #1) (ID: 69158f64c0abf7fb8a1300ca)
2025-11-13 10:57:24 | INFO     | src.crawler.scraper:_crawl_book:233 - Inserted new book: Scott Pilgrim's Precious Little Life (Scott Pilgrim #1)
2025-11-13 10:57:24 | INFO     | src.database.mongodb:insert_book:77 - Inserted new book: Rip it Up and Start Again (ID: 69158f64c0abf7fb8a1300cb)
2025-11-13 10:57:24 | INFO     | src.crawler.scraper:_crawl_book:233 - Inserted new book: Rip it Up and Start Again
2025-11-13 10:57:24 | INFO     | src.database.mongodb:insert_book:77 - Inserted new book: Our Band Could Be Your Life: Scenes from the American Indie Underground, 1981-1991 (ID: 69158f64c0abf7fb8a1300cc)
2025-11-13 10:57:24 | INFO     | src.crawler.scraper:_crawl_book:233 - Inserted new book: Our Band Could Be Your Life: Scenes from the American Indie Underground, 1981-1991
2025-11-13 10:57:24 | INFO     | src.database.mongodb:insert_book:77 - Inserted new book: Mesaerion: The Best Science Fiction Stories 1800-1849 (ID: 69158f64c0abf7fb8a1300cf)
2025-11-13 10:57:24 | INFO     | src.crawler.scraper:_crawl_book:233 - Inserted new book: Mesaerion: The Best Science Fiction Stories 1800-1849
2025-11-13 10:57:24 | INFO     | src.database.mongodb:insert_book:77 - Inserted new book: Olio (ID: 69158f64c0abf7fb8a1300cd)
2025-11-13 10:57:24 | INFO     | src.crawler.scraper:_crawl_book:233 - Inserted new book: Olio
2025-11-13 10:57:24 | INFO     | src.database.mongodb:insert_book:77 - Inserted new book: It's Only the Himalayas (ID: 69158f64c0abf7fb8a1300ce)
2025-11-13 10:57:24 | INFO     | src.crawler.scraper:_crawl_book:233 - Inserted new book: It's Only the Himalayas
2025-11-13 10:57:24 | INFO     | src.database.mongodb:insert_book:77 - Inserted new book: Libertarianism for Beginners (ID: 69158f64c0abf7fb8a1300d0)
2025-11-13 10:57:24 | INFO     | src.crawler.scraper:_crawl_book:233 - Inserted new book: Libertarianism for Beginners
2025-11-13 10:57:24 | INFO     | src.crawler.scraper:_crawl_catalog:125 - Crawling catalog page 2: https://books.toscrape.com/catalogue/page-2.html
2025-11-13 10:57:25 | INFO     | src.crawler.parser:extract_book_links:169 - Extracted 20 book links from page
2025-11-13 10:57:25 | INFO     | src.crawler.scraper:_crawl_catalog:143 - Found 20 new books on page 2
2025-11-13 10:57:25 | INFO     | src.database.mongodb:insert_book:77 - Inserted new book: In Her Wake (ID: 69158f65c0abf7fb8a1300d1)
2025-11-13 10:57:25 | INFO     | src.crawler.scraper:_crawl_book:233 - Inserted new book: In Her Wake
2025-11-13 10:57:25 | INFO     | src.database.mongodb:insert_book:77 - Inserted new book: Chase Me (Paris Nights #2) (ID: 69158f65c0abf7fb8a1300d3)
2025-11-13 10:57:25 | INFO     | src.crawler.scraper:_crawl_book:233 - Inserted new book: Chase Me (Paris Nights #2)
2025-11-13 10:57:25 | INFO     | src.database.mongodb:insert_book:77 - Inserted new book: Aladdin and His Wonderful Lamp (ID: 69158f65c0abf7fb8a1300d2)
2025-11-13 10:57:25 | INFO     | src.crawler.scraper:_crawl_book:233 - Inserted new book: Aladdin and His Wonderful Lamp
2025-11-13 10:57:25 | INFO     | src.database.mongodb:insert_book:77 - Inserted new book: Birdsong: A Story in Pictures (ID: 69158f65c0abf7fb8a1300d5)
2025-11-13 10:57:25 | INFO     | src.crawler.scraper:_crawl_book:233 - Inserted new book: Birdsong: A Story in Pictures
2025-11-13 10:57:25 | INFO     | src.database.mongodb:insert_book:77 - Inserted new book: Black Dust (ID: 69158f65c0abf7fb8a1300d4)
2025-11-13 10:57:25 | INFO     | src.crawler.scraper:_crawl_book:233 - Inserted new book: Black Dust
2025-11-13 10:57:25 | INFO     | src.database.mongodb:insert_book:77 - Inserted new book: Wall and Piece (ID: 69158f65c0abf7fb8a1300d6)
2025-11-13 10:57:25 | INFO     | src.crawler.scraper:_crawl_book:233 - Inserted new book: Wall and Piece
2025-11-13 10:57:25 | INFO     | src.database.mongodb:insert_book:77 - Inserted new book: America's Cradle of Quarterbacks: Western Pennsylvania's Football Factory from Johnny Unitas to Joe Montana (ID: 69158f65c0abf7fb8a1300d8)
2025-11-13 10:57:25 | INFO     | src.crawler.scraper:_crawl_book:233 - Inserted new book: America's Cradle of Quarterbacks: Western Pennsylvania's Football Factory from Johnny Unitas to Joe Montana
2025-11-13 10:57:25 | INFO     | src.database.mongodb:insert_book:77 - Inserted new book: How Music Works (ID: 69158f65c0abf7fb8a1300d7)
2025-11-13 10:57:25 | INFO     | src.crawler.scraper:_crawl_book:233 - Inserted new book: How Music Works
2025-11-13 10:57:25 | INFO     | src.database.mongodb:insert_book:77 - Inserted new book: Worlds Elsewhere: Journeys Around Shakespeare’s Globe (ID: 69158f65c0abf7fb8a1300d9)
2025-11-13 10:57:25 | INFO     | src.crawler.scraper:_crawl_book:233 - Inserted new book: Worlds Elsewhere: Journeys Around Shakespeare’s Globe
2025-11-13 10:57:25 | INFO     | src.database.mongodb:insert_book:77 - Inserted new book: Foolproof Preserving: A Guide to Small Batch Jams, Jellies, Pickles, Condiments, and More: A Foolproof Guide to Making Small Batch Jams, Jellies, Pickles, Condiments, and More (ID: 69158f65c0abf7fb8a1300da)
2025-11-13 10:57:25 | INFO     | src.crawler.scraper:_crawl_book:233 - Inserted new book: Foolproof Preserving: A Guide to Small Batch Jams, Jellies, Pickles, Condiments, and More: A Foolproof Guide to Making Small Batch Jams, Jellies, Pickles, Condiments, and More
2025-11-13 10:57:25 | INFO     | src.database.mongodb:insert_book:77 - Inserted new book: The Four Agreements: A Practical Guide to Personal Freedom (ID: 69158f65c0abf7fb8a1300db)
2025-11-13 10:57:25 | INFO     | src.crawler.scraper:_crawl_book:233 - Inserted new book: The Four Agreements: A Practical Guide to Personal Freedom
2025-11-13 10:57:25 | INFO     | src.database.mongodb:insert_book:77 - Inserted new book: The Five Love Languages: How to Express Heartfelt Commitment to Your Mate (ID: 69158f65c0abf7fb8a1300dc)
2025-11-13 10:57:25 | INFO     | src.crawler.scraper:_crawl_book:233 - Inserted new book: The Five Love Languages: How to Express Heartfelt Commitment to Your Mate
2025-11-13 10:57:25 | INFO     | src.database.mongodb:insert_book:77 - Inserted new book: The Bear and the Piano (ID: 69158f65c0abf7fb8a1300de)
2025-11-13 10:57:25 | INFO     | src.crawler.scraper:_crawl_book:233 - Inserted new book: The Bear and the Piano
2025-11-13 10:57:25 | INFO     | src.database.mongodb:insert_book:77 - Inserted new book: Penny Maybe (ID: 69158f65c0abf7fb8a1300e0)
2025-11-13 10:57:25 | INFO     | src.crawler.scraper:_crawl_book:233 - Inserted new book: Penny Maybe
2025-11-13 10:57:25 | INFO     | src.database.mongodb:insert_book:77 - Inserted new book: Sophie's World (ID: 69158f65c0abf7fb8a1300df)
2025-11-13 10:57:25 | INFO     | src.crawler.scraper:_crawl_book:233 - Inserted new book: Sophie's World
2025-11-13 10:57:25 | INFO     | src.database.mongodb:insert_book:77 - Inserted new book: The Elephant Tree (ID: 69158f65c0abf7fb8a1300dd)
2025-11-13 10:57:25 | INFO     | src.crawler.scraper:_crawl_book:233 - Inserted new book: The Elephant Tree
2025-11-13 10:57:26 | INFO     | src.database.mongodb:insert_book:77 - Inserted new book: Maude (1883-1993):She Grew Up with the country (ID: 69158f66c0abf7fb8a1300e1)
2025-11-13 10:57:26 | INFO     | src.crawler.scraper:_crawl_book:233 - Inserted new book: Maude (1883-1993):She Grew Up with the country
2025-11-13 10:57:26 | INFO     | src.database.mongodb:insert_book:77 - Inserted new book: In a Dark, Dark Wood (ID: 69158f66c0abf7fb8a1300e2)
2025-11-13 10:57:26 | INFO     | src.crawler.scraper:_crawl_book:233 - Inserted new book: In a Dark, Dark Wood
2025-11-13 10:57:26 | INFO     | src.database.mongodb:insert_book:77 - Inserted new book: Behind Closed Doors (ID: 69158f66c0abf7fb8a1300e3)
2025-11-13 10:57:26 | INFO     | src.crawler.scraper:_crawl_book:233 - Inserted new book: Behind Closed Doors
2025-11-13 10:57:26 | INFO     | src.database.mongodb:insert_book:77 - Inserted new book: You can't bury them all: Poems (ID: 69158f66c0abf7fb8a1300e4)
2025-11-13 10:57:26 | INFO     | src.crawler.scraper:_crawl_book:233 - Inserted new book: You can't bury them all: Poems
2025-11-13 10:57:26 | INFO     | src.crawler.scraper:_crawl_catalog:125 - Crawling catalog page 3: https://books.toscrape.com/catalogue/page-3.html
2025-11-13 10:57:26 | INFO     | src.crawler.parser:extract_book_links:169 - Extracted 20 book links from page
2025-11-13 10:57:26 | INFO     | src.crawler.scraper:_crawl_catalog:143 - Found 20 new books on page 3
2025-11-13 10:57:26 | INFO     | src.database.mongodb:insert_book:77 - Inserted new book: Slow States of Collapse: Poems (ID: 69158f66c0abf7fb8a1300e5)
2025-11-13 10:57:26 | INFO     | src.crawler.scraper:_crawl_book:233 - Inserted new book: Slow States of Collapse: Poems
2025-11-13 10:57:26 | INFO     | src.database.mongodb:insert_book:77 - Inserted new book: Reasons to Stay Alive (ID: 69158f66c0abf7fb8a1300e6)
2025-11-13 10:57:26 | INFO     | src.crawler.scraper:_crawl_book:233 - Inserted new book: Reasons to Stay Alive
2025-11-13 10:57:26 | INFO     | src.database.mongodb:insert_book:77 - Inserted new book: Untitled Collection: Sabbath Poems 2014 (ID: 69158f66c0abf7fb8a1300e7)
2025-11-13 10:57:26 | INFO     | src.crawler.scraper:_crawl_book:233 - Inserted new book: Untitled Collection: Sabbath Poems 2014
2025-11-13 10:57:26 | INFO     | src.database.mongodb:insert_book:77 - Inserted new book: Private Paris (Private #10) (ID: 69158f66c0abf7fb8a1300e8)
2025-11-13 10:57:26 | INFO     | src.crawler.scraper:_crawl_book:233 - Inserted new book: Private Paris (Private #10)
2025-11-13 10:57:26 | INFO     | src.database.mongodb:insert_book:77 - Inserted new book: Unicorn Tracks (ID: 69158f66c0abf7fb8a1300e9)
2025-11-13 10:57:26 | INFO     | src.crawler.scraper:_crawl_book:233 - Inserted new book: Unicorn Tracks
2025-11-13 10:57:27 | INFO     | src.database.mongodb:insert_book:77 - Inserted new book: Unseen City: The Majesty of Pigeons, the Discreet Charm of Snails & Other Wonders of the Urban Wilderness (ID: 69158f67c0abf7fb8a1300eb)
2025-11-13 10:57:27 | INFO     | src.crawler.scraper:_crawl_book:233 - Inserted new book: Unseen City: The Majesty of Pigeons, the Discreet Charm of Snails & Other Wonders of the Urban Wilderness
2025-11-13 10:57:27 | INFO     | src.database.mongodb:insert_book:77 - Inserted new book: Without Borders (Wanderlove #1) (ID: 69158f67c0abf7fb8a1300ea)
2025-11-13 10:57:27 | INFO     | src.crawler.scraper:_crawl_book:233 - Inserted new book: Without Borders (Wanderlove #1)
2025-11-13 10:57:27 | INFO     | src.database.mongodb:insert_book:77 - Inserted new book: When We Collided (ID: 69158f67c0abf7fb8a1300ec)
2025-11-13 10:57:27 | INFO     | src.crawler.scraper:_crawl_book:233 - Inserted new book: When We Collided
2025-11-13 10:57:27 | INFO     | src.database.mongodb:insert_book:77 - Inserted new book: We Love You, Charlie Freeman (ID: 69158f67c0abf7fb8a1300ed)
2025-11-13 10:57:27 | INFO     | src.crawler.scraper:_crawl_book:233 - Inserted new book: We Love You, Charlie Freeman
2025-11-13 10:57:27 | INFO     | src.database.mongodb:insert_book:77 - Inserted new book: #HigherSelfie: Wake Up Your Life. Free Your Soul. Find Your Tribe. (ID: 69158f67c0abf7fb8a1300ee)
2025-11-13 10:57:27 | INFO     | src.crawler.scraper:_crawl_book:233 - Inserted new book: #HigherSelfie: Wake Up Your Life. Free Your Soul. Find Your Tribe.
2025-11-13 10:57:27 | INFO     | src.database.mongodb:insert_book:77 - Inserted new book: Unbound: How Eight Technologies Made Us Human, Transformed Society, and Brought Our World to the Brink (ID: 69158f67c0abf7fb8a1300ef)
2025-11-13 10:57:27 | INFO     | src.crawler.scraper:_crawl_book:233 - Inserted new book: Unbound: How Eight Technologies Made Us Human, Transformed Society, and Brought Our World to the Brink
2025-11-13 10:57:27 | INFO     | src.database.mongodb:insert_book:77 - Inserted new book: Tsubasa: WoRLD CHRoNiCLE 2 (Tsubasa WoRLD CHRoNiCLE #2) (ID: 69158f67c0abf7fb8a1300f0)
2025-11-13 10:57:27 | INFO     | src.crawler.scraper:_crawl_book:233 - Inserted new book: Tsubasa: WoRLD CHRoNiCLE 2 (Tsubasa WoRLD CHRoNiCLE #2)
2025-11-13 10:57:27 | INFO     | src.database.mongodb:insert_book:77 - Inserted new book: Throwing Rocks at the Google Bus: How Growth Became the Enemy of Prosperity (ID: 69158f67c0abf7fb8a1300f1)
2025-11-13 10:57:27 | INFO     | src.crawler.scraper:_crawl_book:233 - Inserted new book: Throwing Rocks at the Google Bus: How Growth Became the Enemy of Prosperity
2025-11-13 10:57:27 | INFO     | src.database.mongodb:insert_book:77 - Inserted new book: This One Summer (ID: 69158f67c0abf7fb8a1300f2)
2025-11-13 10:57:27 | INFO     | src.crawler.scraper:_crawl_book:233 - Inserted new book: This One Summer
2025-11-13 10:57:27 | INFO     | src.database.mongodb:insert_book:77 - Inserted new book: Thirst (ID: 69158f67c0abf7fb8a1300f3)
2025-11-13 10:57:27 | INFO     | src.crawler.scraper:_crawl_book:233 - Inserted new book: Thirst
2025-11-13 10:57:27 | INFO     | src.database.mongodb:insert_book:77 - Inserted new book: The Torch Is Passed: A Harding Family Story (ID: 69158f67c0abf7fb8a1300f4)
2025-11-13 10:57:27 | INFO     | src.crawler.scraper:_crawl_book:233 - Inserted new book: The Torch Is Passed: A Harding Family Story
2025-11-13 10:57:27 | INFO     | src.database.mongodb:insert_book:77 - Inserted new book: The Secret of Dreadwillow Carse (ID: 69158f67c0abf7fb8a1300f5)
2025-11-13 10:57:27 | INFO     | src.crawler.scraper:_crawl_book:233 - Inserted new book: The Secret of Dreadwillow Carse
2025-11-13 10:57:27 | INFO     | src.database.mongodb:insert_book:77 - Inserted new book: The Pioneer Woman Cooks: Dinnertime: Comfort Classics, Freezer Food, 16-Minute Meals, and Other Delicious Ways to Solve Supper! (ID: 69158f67c0abf7fb8a1300f6)
2025-11-13 10:57:27 | INFO     | src.crawler.scraper:_crawl_book:233 - Inserted new book: The Pioneer Woman Cooks: Dinnertime: Comfort Classics, Freezer Food, 16-Minute Meals, and Other Delicious Ways to Solve Supper!
2025-11-13 10:57:27 | INFO     | src.database.mongodb:insert_book:77 - Inserted new book: The Natural History of Us (The Fine Art of Pretending #2) (ID: 69158f67c0abf7fb8a1300f7)
2025-11-13 10:57:27 | INFO     | src.crawler.scraper:_crawl_book:233 - Inserted new book: The Natural History of Us (The Fine Art of Pretending #2)
2025-11-13 10:57:27 | INFO     | src.database.mongodb:insert_book:77 - Inserted new book: The Past Never Ends (ID: 69158f67c0abf7fb8a1300f8)
2025-11-13 10:57:27 | INFO     | src.crawler.scraper:_crawl_book:233 - Inserted new book: The Past Never Ends
2025-11-13 10:57:27 | INFO     | src.crawler.scraper:_crawl_catalog:125 - Crawling catalog page 4: https://books.toscrape.com/catalogue/page-4.html
2025-11-13 10:57:28 | INFO     | src.crawler.parser:extract_book_links:169 - Extracted 20 book links from page
2025-11-13 10:57:28 | INFO     | src.crawler.scraper:_crawl_catalog:143 - Found 20 new books on page 4
2025-11-13 10:57:28 | INFO     | src.database.mongodb:insert_book:77 - Inserted new book: The Nameless City (The Nameless City #1) (ID: 69158f68c0abf7fb8a1300f9)
2025-11-13 10:57:28 | INFO     | src.crawler.scraper:_crawl_book:233 - Inserted new book: The Nameless City (The Nameless City #1)
2025-11-13 10:57:28 | INFO     | src.database.mongodb:insert_book:77 - Inserted new book: The Murder That Never Was (Forensic Instincts #5) (ID: 69158f68c0abf7fb8a1300fa)
2025-11-13 10:57:28 | INFO     | src.crawler.scraper:_crawl_book:233 - Inserted new book: The Murder That Never Was (Forensic Instincts #5)
2025-11-13 10:57:28 | INFO     | src.database.mongodb:insert_book:77 - Inserted new book: The Electric Pencil: Drawings from Inside State Hospital No. 3 (ID: 69158f68c0abf7fb8a1300fb)
2025-11-13 10:57:28 | INFO     | src.crawler.scraper:_crawl_book:233 - Inserted new book: The Electric Pencil: Drawings from Inside State Hospital No. 3
2025-11-13 10:57:28 | INFO     | src.database.mongodb:insert_book:77 - Inserted new book: The Life-Changing Magic of Tidying Up: The Japanese Art of Decluttering and Organizing (ID: 69158f68c0abf7fb8a1300fc)
2025-11-13 10:57:28 | INFO     | src.crawler.scraper:_crawl_book:233 - Inserted new book: The Life-Changing Magic of Tidying Up: The Japanese Art of Decluttering and Organizing
2025-11-13 10:57:28 | INFO     | src.database.mongodb:insert_book:77 - Inserted new book: The Mindfulness and Acceptance Workbook for Anxiety: A Guide to Breaking Free from Anxiety, Phobias, and Worry Using Acceptance and Commitment Therapy (ID: 69158f68c0abf7fb8a1300fd)
2025-11-13 10:57:28 | INFO     | src.crawler.scraper:_crawl_book:233 - Inserted new book: The Mindfulness and Acceptance Workbook for Anxiety: A Guide to Breaking Free from Anxiety, Phobias, and Worry Using Acceptance and Commitment Therapy
2025-11-13 10:57:28 | INFO     | src.database.mongodb:insert_book:77 - Inserted new book: The Gutsy Girl: Escapades for Your Life of Epic Adventure (ID: 69158f68c0abf7fb8a1300fe)
2025-11-13 10:57:28 | INFO     | src.crawler.scraper:_crawl_book:233 - Inserted new book: The Gutsy Girl: Escapades for Your Life of Epic Adventure
2025-11-13 10:57:28 | INFO     | src.database.mongodb:insert_book:77 - Inserted new book: The Most Perfect Thing: Inside (and Outside) a Bird's Egg (ID: 69158f68c0abf7fb8a130101)
2025-11-13 10:57:28 | INFO     | src.crawler.scraper:_crawl_book:233 - Inserted new book: The Most Perfect Thing: Inside (and Outside) a Bird's Egg
2025-11-13 10:57:28 | INFO     | src.database.mongodb:insert_book:77 - Inserted new book: The Inefficiency Assassin: Time Management Tactics for Working Smarter, Not Longer (ID: 69158f68c0abf7fb8a130100)
2025-11-13 10:57:28 | INFO     | src.crawler.scraper:_crawl_book:233 - Inserted new book: The Inefficiency Assassin: Time Management Tactics for Working Smarter, Not Longer
2025-11-13 10:57:28 | INFO     | src.database.mongodb:insert_book:77 - Inserted new book: The Death of Humanity: and the Case for Life (ID: 69158f68c0abf7fb8a1300ff)
2025-11-13 10:57:28 | INFO     | src.crawler.scraper:_crawl_book:233 - Inserted new book: The Death of Humanity: and the Case for Life
2025-11-13 10:57:28 | INFO     | src.database.mongodb:insert_book:77 - Inserted new book: The Bulletproof Diet: Lose up to a Pound a Day, Reclaim Energy and Focus, Upgrade Your Life (ID: 69158f68c0abf7fb8a130102)
2025-11-13 10:57:28 | INFO     | src.crawler.scraper:_crawl_book:233 - Inserted new book: The Bulletproof Diet: Lose up to a Pound a Day, Reclaim Energy and Focus, Upgrade Your Life
2025-11-13 10:57:28 | INFO     | src.database.mongodb:insert_book:77 - Inserted new book: The Art Forger (ID: 69158f68c0abf7fb8a130103)
2025-11-13 10:57:28 | INFO     | src.crawler.scraper:_crawl_book:233 - Inserted new book: The Art Forger
2025-11-13 10:57:29 | INFO     | src.database.mongodb:insert_book:77 - Inserted new book: The Age of Genius: The Seventeenth Century and the Birth of the Modern Mind (ID: 69158f69c0abf7fb8a130104)
2025-11-13 10:57:29 | INFO     | src.crawler.scraper:_crawl_book:233 - Inserted new book: The Age of Genius: The Seventeenth Century and the Birth of the Modern Mind
2025-11-13 10:57:29 | INFO     | src.database.mongodb:insert_book:77 - Inserted new book: The Activist's Tao Te Ching: Ancient Advice for a Modern Revolution (ID: 69158f69c0abf7fb8a130105)
2025-11-13 10:57:29 | INFO     | src.crawler.scraper:_crawl_book:233 - Inserted new book: The Activist's Tao Te Ching: Ancient Advice for a Modern Revolution
2025-11-13 10:57:29 | INFO     | src.database.mongodb:insert_book:77 - Inserted new book: Security (ID: 69158f69c0abf7fb8a130106)
2025-11-13 10:57:29 | INFO     | src.crawler.scraper:_crawl_book:233 - Inserted new book: Security
2025-11-13 10:57:29 | INFO     | src.database.mongodb:insert_book:77 - Inserted new book: Spark Joy: An Illustrated Master Class on the Art of Organizing and Tidying Up (ID: 69158f69c0abf7fb8a130107)
2025-11-13 10:57:29 | INFO     | src.crawler.scraper:_crawl_book:233 - Inserted new book: Spark Joy: An Illustrated Master Class on the Art of Organizing and Tidying Up
2025-11-13 10:57:29 | INFO     | src.database.mongodb:insert_book:77 - Inserted new book: Saga, Volume 6 (Saga (Collected Editions) #6) (ID: 69158f69c0abf7fb8a130108)
2025-11-13 10:57:29 | INFO     | src.crawler.scraper:_crawl_book:233 - Inserted new book: Saga, Volume 6 (Saga (Collected Editions) #6)
2025-11-13 10:57:29 | INFO     | src.database.mongodb:insert_book:77 - Inserted new book: Soul Reader (ID: 69158f69c0abf7fb8a130109)
2025-11-13 10:57:29 | INFO     | src.crawler.scraper:_crawl_book:233 - Inserted new book: Soul Reader
2025-11-13 10:57:29 | INFO     | src.database.mongodb:insert_book:77 - Inserted new book: Rat Queens, Vol. 3: Demons (Rat Queens (Collected Editions) #11-15) (ID: 69158f69c0abf7fb8a13010b)
2025-11-13 10:57:29 | INFO     | src.crawler.scraper:_crawl_book:233 - Inserted new book: Rat Queens, Vol. 3: Demons (Rat Queens (Collected Editions) #11-15)
2025-11-13 10:57:29 | INFO     | src.database.mongodb:insert_book:77 - Inserted new book: Saga, Volume 5 (Saga (Collected Editions) #5) (ID: 69158f69c0abf7fb8a13010a)
2025-11-13 10:57:29 | INFO     | src.crawler.scraper:_crawl_book:233 - Inserted new book: Saga, Volume 5 (Saga (Collected Editions) #5)
2025-11-13 10:57:29 | INFO     | src.database.mongodb:insert_book:77 - Inserted new book: Reskilling America: Learning to Labor in the Twenty-First Century (ID: 69158f69c0abf7fb8a13010c)
2025-11-13 10:57:29 | INFO     | src.crawler.scraper:_crawl_book:233 - Inserted new book: Reskilling America: Learning to Labor in the Twenty-First Century
2025-11-13 10:57:29 | INFO     | src.crawler.scraper:_crawl_catalog:125 - Crawling catalog page 5: https://books.toscrape.com/catalogue/page-5.html
2025-11-13 10:57:30 | INFO     | src.crawler.parser:extract_book_links:169 - Extracted 20 book links from page
2025-11-13 10:57:30 | INFO     | src.crawler.scraper:_crawl_catalog:143 - Found 20 new books on page 5
2025-11-13 10:57:30 | INFO     | src.database.mongodb:insert_book:77 - Inserted new book: Princess Jellyfish 2-in-1 Omnibus, Vol. 01 (Princess Jellyfish 2-in-1 Omnibus #1) (ID: 69158f6ac0abf7fb8a13010d)
2025-11-13 10:57:30 | INFO     | src.crawler.scraper:_crawl_book:233 - Inserted new book: Princess Jellyfish 2-in-1 Omnibus, Vol. 01 (Princess Jellyfish 2-in-1 Omnibus #1)
2025-11-13 10:57:30 | INFO     | src.database.mongodb:insert_book:77 - Inserted new book: Online Marketing for Busy Authors: A Step-By-Step Guide (ID: 69158f6ac0abf7fb8a13010e)
2025-11-13 10:57:30 | INFO     | src.crawler.scraper:_crawl_book:233 - Inserted new book: Online Marketing for Busy Authors: A Step-By-Step Guide
2025-11-13 10:57:30 | INFO     | src.database.mongodb:insert_book:77 - Inserted new book: Princess Between Worlds (Wide-Awake Princess #5) (ID: 69158f6ac0abf7fb8a13010f)
2025-11-13 10:57:30 | INFO     | src.crawler.scraper:_crawl_book:233 - Inserted new book: Princess Between Worlds (Wide-Awake Princess #5)
2025-11-13 10:57:30 | INFO     | src.database.mongodb:insert_book:77 - Inserted new book: Political Suicide: Missteps, Peccadilloes, Bad Calls, Backroom Hijinx, Sordid Pasts, Rotten Breaks, and Just Plain Dumb Mistakes in the Annals of American Politics (ID: 69158f6ac0abf7fb8a130111)
2025-11-13 10:57:30 | INFO     | src.crawler.scraper:_crawl_book:233 - Inserted new book: Political Suicide: Missteps, Peccadilloes, Bad Calls, Backroom Hijinx, Sordid Pasts, Rotten Breaks, and Just Plain Dumb Mistakes in the Annals of American Politics
2025-11-13 10:57:30 | INFO     | src.database.mongodb:insert_book:77 - Inserted new book: Patience (ID: 69158f6ac0abf7fb8a130110)
2025-11-13 10:57:30 | INFO     | src.crawler.scraper:_crawl_book:233 - Inserted new book: Patience
2025-11-13 10:57:30 | INFO     | src.database.mongodb:insert_book:77 - Inserted new book: On a Midnight Clear (ID: 69158f6ac0abf7fb8a130112)
2025-11-13 10:57:30 | INFO     | src.crawler.scraper:_crawl_book:233 - Inserted new book: On a Midnight Clear
2025-11-13 10:57:30 | INFO     | src.database.mongodb:insert_book:77 - Inserted new book: Obsidian (Lux #1) (ID: 69158f6ac0abf7fb8a130115)
2025-11-13 10:57:30 | INFO     | src.crawler.scraper:_crawl_book:233 - Inserted new book: Obsidian (Lux #1)
2025-11-13 10:57:30 | INFO     | src.database.mongodb:insert_book:77 - Inserted new book: orange: The Complete Collection 1 (orange: The Complete Collection #1) (ID: 69158f6ac0abf7fb8a130113)
2025-11-13 10:57:30 | INFO     | src.crawler.scraper:_crawl_book:233 - Inserted new book: orange: The Complete Collection 1 (orange: The Complete Collection #1)
2025-11-13 10:57:30 | INFO     | src.database.mongodb:insert_book:77 - Inserted new book: Pop Gun War, Volume 1: Gift (ID: 69158f6ac0abf7fb8a130114)
2025-11-13 10:57:30 | INFO     | src.crawler.scraper:_crawl_book:233 - Inserted new book: Pop Gun War, Volume 1: Gift
2025-11-13 10:57:30 | INFO     | src.database.mongodb:insert_book:77 - Inserted new book: Outcast, Vol. 1: A Darkness Surrounds Him (Outcast #1) (ID: 69158f6ac0abf7fb8a130116)
2025-11-13 10:57:30 | INFO     | src.crawler.scraper:_crawl_book:233 - Inserted new book: Outcast, Vol. 1: A Darkness Surrounds Him (Outcast #1)
2025-11-13 10:57:30 | INFO     | src.database.mongodb:insert_book:77 - Inserted new book: My Paris Kitchen: Recipes and Stories (ID: 69158f6ac0abf7fb8a130117)
2025-11-13 10:57:30 | INFO     | src.crawler.scraper:_crawl_book:233 - Inserted new book: My Paris Kitchen: Recipes and Stories
2025-11-13 10:57:31 | INFO     | src.database.mongodb:insert_book:77 - Inserted new book: Masks and Shadows (ID: 69158f6bc0abf7fb8a130118)
2025-11-13 10:57:31 | INFO     | src.crawler.scraper:_crawl_book:233 - Inserted new book: Masks and Shadows
2025-11-13 10:57:31 | INFO     | src.database.mongodb:insert_book:77 - Inserted new book: Mama Tried: Traditional Italian Cooking for the Screwed, Crude, Vegan, and Tattooed (ID: 69158f6bc0abf7fb8a130119)
2025-11-13 10:57:31 | INFO     | src.crawler.scraper:_crawl_book:233 - Inserted new book: Mama Tried: Traditional Italian Cooking for the Screwed, Crude, Vegan, and Tattooed
2025-11-13 10:57:31 | INFO     | src.database.mongodb:insert_book:77 - Inserted new book: Layered: Baking, Building, and Styling Spectacular Cakes (ID: 69158f6bc0abf7fb8a13011b)
2025-11-13 10:57:31 | INFO     | src.crawler.scraper:_crawl_book:233 - Inserted new book: Layered: Baking, Building, and Styling Spectacular Cakes
2025-11-13 10:57:31 | INFO     | src.database.mongodb:insert_book:77 - Inserted new book: In the Country We Love: My Family Divided (ID: 69158f6bc0abf7fb8a13011c)
2025-11-13 10:57:31 | INFO     | src.crawler.scraper:_crawl_book:233 - Inserted new book: In the Country We Love: My Family Divided
2025-11-13 10:57:31 | INFO     | src.database.mongodb:insert_book:77 - Inserted new book: Join (ID: 69158f6bc0abf7fb8a13011e)
2025-11-13 10:57:31 | INFO     | src.crawler.scraper:_crawl_book:233 - Inserted new book: Join
2025-11-13 10:57:31 | INFO     | src.database.mongodb:insert_book:77 - Inserted new book: Lumberjanes Vol. 3: A Terrible Plan (Lumberjanes #9-12) (ID: 69158f6bc0abf7fb8a13011d)
2025-11-13 10:57:31 | INFO     | src.crawler.scraper:_crawl_book:233 - Inserted new book: Lumberjanes Vol. 3: A Terrible Plan (Lumberjanes #9-12)
2025-11-13 10:57:31 | INFO     | src.database.mongodb:insert_book:77 - Inserted new book: Lumberjanes, Vol. 2: Friendship to the Max (Lumberjanes #5-8) (ID: 69158f6bc0abf7fb8a13011a)
2025-11-13 10:57:31 | INFO     | src.crawler.scraper:_crawl_book:233 - Inserted new book: Lumberjanes, Vol. 2: Friendship to the Max (Lumberjanes #5-8)
2025-11-13 10:57:31 | INFO     | src.database.mongodb:insert_book:77 - Inserted new book: Lumberjanes, Vol. 1: Beware the Kitten Holy (Lumberjanes #1-4) (ID: 69158f6bc0abf7fb8a13011f)
2025-11-13 10:57:31 | INFO     | src.crawler.scraper:_crawl_book:233 - Inserted new book: Lumberjanes, Vol. 1: Beware the Kitten Holy (Lumberjanes #1-4)
2025-11-13 10:57:31 | INFO     | src.database.mongodb:insert_book:77 - Inserted new book: Judo: Seven Steps to Black Belt (an Introductory Guide for Beginners) (ID: 69158f6bc0abf7fb8a130120)
2025-11-13 10:57:31 | INFO     | src.crawler.scraper:_crawl_book:233 - Inserted new book: Judo: Seven Steps to Black Belt (an Introductory Guide for Beginners)
2025-11-13 10:57:31 | INFO     | src.crawler.scraper:_crawl_catalog:125 - Crawling catalog page 6: https://books.toscrape.com/catalogue/page-6.html
2025-11-13 10:57:31 | INFO     | src.crawler.parser:extract_book_links:169 - Extracted 20 book links from page
2025-11-13 10:57:31 | INFO     | src.crawler.scraper:_crawl_catalog:143 - Found 20 new books on page 6
2025-11-13 10:57:32 | INFO     | src.database.mongodb:insert_book:77 - Inserted new book: Immunity: How Elie Metchnikoff Changed the Course of Modern Medicine (ID: 69158f6cc0abf7fb8a130121)
2025-11-13 10:57:32 | INFO     | src.crawler.scraper:_crawl_book:233 - Inserted new book: Immunity: How Elie Metchnikoff Changed the Course of Modern Medicine
2025-11-13 10:57:32 | INFO     | src.database.mongodb:insert_book:77 - Inserted new book: Her Backup Boyfriend (The Sorensen Family #1) (ID: 69158f6cc0abf7fb8a130122)
2025-11-13 10:57:32 | INFO     | src.crawler.scraper:_crawl_book:233 - Inserted new book: Her Backup Boyfriend (The Sorensen Family #1)
2025-11-13 10:57:32 | INFO     | src.database.mongodb:insert_book:77 - Inserted new book: I am a Hero Omnibus Volume 1 (ID: 69158f6cc0abf7fb8a130125)
2025-11-13 10:57:32 | INFO     | src.crawler.scraper:_crawl_book:233 - Inserted new book: I am a Hero Omnibus Volume 1
2025-11-13 10:57:32 | INFO     | src.database.mongodb:insert_book:77 - Inserted new book: Forever and Forever: The Courtship of Henry Longfellow and Fanny Appleton (ID: 69158f6cc0abf7fb8a130123)
2025-11-13 10:57:32 | INFO     | src.crawler.scraper:_crawl_book:233 - Inserted new book: Forever and Forever: The Courtship of Henry Longfellow and Fanny Appleton
2025-11-13 10:57:32 | INFO     | src.database.mongodb:insert_book:77 - Inserted new book: How to Be Miserable: 40 Strategies You Already Use (ID: 69158f6cc0abf7fb8a130126)
2025-11-13 10:57:32 | INFO     | src.crawler.scraper:_crawl_book:233 - Inserted new book: How to Be Miserable: 40 Strategies You Already Use
2025-11-13 10:57:32 | INFO     | src.database.mongodb:insert_book:77 - Inserted new book: Fifty Shades Darker (Fifty Shades #2) (ID: 69158f6cc0abf7fb8a130124)
2025-11-13 10:57:32 | INFO     | src.crawler.scraper:_crawl_book:233 - Inserted new book: Fifty Shades Darker (Fifty Shades #2)
2025-11-13 10:57:32 | INFO     | src.database.mongodb:insert_book:77 - Inserted new book: Giant Days, Vol. 2 (Giant Days #5-8) (ID: 69158f6cc0abf7fb8a130127)
2025-11-13 10:57:32 | INFO     | src.crawler.scraper:_crawl_book:233 - Inserted new book: Giant Days, Vol. 2 (Giant Days #5-8)
2025-11-13 10:57:32 | INFO     | src.database.mongodb:insert_book:77 - Inserted new book: I Hate Fairyland, Vol. 1: Madly Ever After (I Hate Fairyland (Compilations) #1-5) (ID: 69158f6cc0abf7fb8a130128)
2025-11-13 10:57:32 | INFO     | src.crawler.scraper:_crawl_book:233 - Inserted new book: I Hate Fairyland, Vol. 1: Madly Ever After (I Hate Fairyland (Compilations) #1-5)
2025-11-13 10:57:32 | INFO     | src.database.mongodb:insert_book:77 - Inserted new book: First and First (Five Boroughs #3) (ID: 69158f6cc0abf7fb8a130129)
2025-11-13 10:57:32 | INFO     | src.crawler.scraper:_crawl_book:233 - Inserted new book: First and First (Five Boroughs #3)
2025-11-13 10:57:32 | INFO     | src.database.mongodb:insert_book:77 - Inserted new book: Everydata: The Misinformation Hidden in the Little Data You Consume Every Day (ID: 69158f6cc0abf7fb8a13012a)
2025-11-13 10:57:32 | INFO     | src.crawler.scraper:_crawl_book:233 - Inserted new book: Everydata: The Misinformation Hidden in the Little Data You Consume Every Day
2025-11-13 10:57:32 | INFO     | src.database.mongodb:insert_book:77 - Inserted new book: Crown of Midnight (Throne of Glass #2) (ID: 69158f6cc0abf7fb8a13012d)
2025-11-13 10:57:32 | INFO     | src.crawler.scraper:_crawl_book:233 - Inserted new book: Crown of Midnight (Throne of Glass #2)
2025-11-13 10:57:32 | INFO     | src.database.mongodb:insert_book:77 - Inserted new book: Don't Be a Jerk: And Other Practical Advice from Dogen, Japan's Greatest Zen Master (ID: 69158f6cc0abf7fb8a13012b)
2025-11-13 10:57:32 | INFO     | src.crawler.scraper:_crawl_book:233 - Inserted new book: Don't Be a Jerk: And Other Practical Advice from Dogen, Japan's Greatest Zen Master
2025-11-13 10:57:32 | INFO     | src.database.mongodb:insert_book:77 - Inserted new book: Danganronpa Volume 1 (ID: 69158f6cc0abf7fb8a13012c)
2025-11-13 10:57:32 | INFO     | src.crawler.scraper:_crawl_book:233 - Inserted new book: Danganronpa Volume 1
2025-11-13 10:57:32 | INFO     | src.database.mongodb:insert_book:77 - Inserted new book: Codename Baboushka, Volume 1: The Conclave of Death (ID: 69158f6cc0abf7fb8a13012f)
2025-11-13 10:57:32 | INFO     | src.crawler.scraper:_crawl_book:233 - Inserted new book: Codename Baboushka, Volume 1: The Conclave of Death
2025-11-13 10:57:32 | INFO     | src.database.mongodb:insert_book:77 - Inserted new book: Call the Nurse: True Stories of a Country Nurse on a Scottish Isle (ID: 69158f6cc0abf7fb8a13012e)
2025-11-13 10:57:32 | INFO     | src.crawler.scraper:_crawl_book:233 - Inserted new book: Call the Nurse: True Stories of a Country Nurse on a Scottish Isle
2025-11-13 10:57:32 | INFO     | src.database.mongodb:insert_book:77 - Inserted new book: Burning (ID: 69158f6cc0abf7fb8a130130)
2025-11-13 10:57:32 | INFO     | src.crawler.scraper:_crawl_book:233 - Inserted new book: Burning
2025-11-13 10:57:32 | INFO     | src.database.mongodb:insert_book:77 - Inserted new book: Camp Midnight (ID: 69158f6cc0abf7fb8a130131)
2025-11-13 10:57:32 | INFO     | src.crawler.scraper:_crawl_book:233 - Inserted new book: Camp Midnight
2025-11-13 10:57:32 | INFO     | src.database.mongodb:insert_book:77 - Inserted new book: Bossypants (ID: 69158f6cc0abf7fb8a130132)
2025-11-13 10:57:32 | INFO     | src.crawler.scraper:_crawl_book:233 - Inserted new book: Bossypants
2025-11-13 10:57:32 | INFO     | src.database.mongodb:insert_book:77 - Inserted new book: Avatar: The Last Airbender: Smoke and Shadow, Part 3 (Smoke and Shadow #3) (ID: 69158f6cc0abf7fb8a130134)
2025-11-13 10:57:32 | INFO     | src.crawler.scraper:_crawl_book:233 - Inserted new book: Avatar: The Last Airbender: Smoke and Shadow, Part 3 (Smoke and Shadow #3)
2025-11-13 10:57:32 | INFO     | src.database.mongodb:insert_book:77 - Inserted new book: Bitch Planet, Vol. 1: Extraordinary Machine (Bitch Planet (Collected Editions)) (ID: 69158f6cc0abf7fb8a130133)
2025-11-13 10:57:32 | INFO     | src.crawler.scraper:_crawl_book:233 - Inserted new book: Bitch Planet, Vol. 1: Extraordinary Machine (Bitch Planet (Collected Editions))
2025-11-13 10:57:32 | INFO     | src.crawler.scraper:_crawl_catalog:125 - Crawling catalog page 7: https://books.toscrape.com/catalogue/page-7.html
2025-11-13 10:57:33 | INFO     | src.crawler.parser:extract_book_links:169 - Extracted 20 book links from page
2025-11-13 10:57:33 | INFO     | src.crawler.scraper:_crawl_catalog:143 - Found 20 new books on page 7
2025-11-13 10:57:33 | INFO     | src.database.mongodb:insert_book:77 - Inserted new book: Algorithms to Live By: The Computer Science of Human Decisions (ID: 69158f6dc0abf7fb8a130135)
2025-11-13 10:57:33 | INFO     | src.crawler.scraper:_crawl_book:233 - Inserted new book: Algorithms to Live By: The Computer Science of Human Decisions
2025-11-13 10:57:34 | INFO     | src.database.mongodb:insert_book:77 - Inserted new book: A World of Flavor: Your Gluten Free Passport (ID: 69158f6ec0abf7fb8a130136)
2025-11-13 10:57:34 | INFO     | src.crawler.scraper:_crawl_book:233 - Inserted new book: A World of Flavor: Your Gluten Free Passport
2025-11-13 10:57:34 | INFO     | src.database.mongodb:insert_book:77 - Inserted new book: A Flight of Arrows (The Pathfinders #2) (ID: 69158f6ec0abf7fb8a130138)
2025-11-13 10:57:34 | INFO     | src.crawler.scraper:_crawl_book:233 - Inserted new book: A Flight of Arrows (The Pathfinders #2)
2025-11-13 10:57:34 | INFO     | src.database.mongodb:insert_book:77 - Inserted new book: (Un)Qualified: How God Uses Broken People to Do Big Things (ID: 69158f6ec0abf7fb8a130137)
2025-11-13 10:57:34 | INFO     | src.crawler.scraper:_crawl_book:233 - Inserted new book: (Un)Qualified: How God Uses Broken People to Do Big Things
2025-11-13 10:57:34 | INFO     | src.database.mongodb:insert_book:77 - Inserted new book: A Murder in Time (ID: 69158f6ec0abf7fb8a130139)
2025-11-13 10:57:34 | INFO     | src.crawler.scraper:_crawl_book:233 - Inserted new book: A Murder in Time
2025-11-13 10:57:34 | INFO     | src.database.mongodb:insert_book:77 - Inserted new book: A Piece of Sky, a Grain of Rice: A Memoir in Four Meditations (ID: 69158f6ec0abf7fb8a13013d)
2025-11-13 10:57:34 | INFO     | src.crawler.scraper:_crawl_book:233 - Inserted new book: A Piece of Sky, a Grain of Rice: A Memoir in Four Meditations
2025-11-13 10:57:34 | INFO     | src.database.mongodb:insert_book:77 - Inserted new book: A Fierce and Subtle Poison (ID: 69158f6ec0abf7fb8a13013a)
2025-11-13 10:57:34 | INFO     | src.crawler.scraper:_crawl_book:233 - Inserted new book: A Fierce and Subtle Poison
2025-11-13 10:57:34 | INFO     | src.database.mongodb:insert_book:77 - Inserted new book: A Court of Thorns and Roses (A Court of Thorns and Roses #1) (ID: 69158f6ec0abf7fb8a13013c)
2025-11-13 10:57:34 | INFO     | src.crawler.scraper:_crawl_book:233 - Inserted new book: A Court of Thorns and Roses (A Court of Thorns and Roses #1)
2025-11-13 10:57:34 | INFO     | src.database.mongodb:insert_book:77 - Inserted new book: You Are What You Love: The Spiritual Power of Habit (ID: 69158f6ec0abf7fb8a13013b)
2025-11-13 10:57:34 | INFO     | src.crawler.scraper:_crawl_book:233 - Inserted new book: You Are What You Love: The Spiritual Power of Habit
2025-11-13 10:57:34 | INFO     | src.database.mongodb:insert_book:77 - Inserted new book: William Shakespeare's Star Wars: Verily, A New Hope (William Shakespeare's Star Wars #4) (ID: 69158f6ec0abf7fb8a13013e)
2025-11-13 10:57:34 | INFO     | src.crawler.scraper:_crawl_book:233 - Inserted new book: William Shakespeare's Star Wars: Verily, A New Hope (William Shakespeare's Star Wars #4)
2025-11-13 10:57:34 | INFO     | src.database.mongodb:insert_book:77 - Inserted new book: Tuesday Nights in 1980 (ID: 69158f6ec0abf7fb8a13013f)
2025-11-13 10:57:34 | INFO     | src.crawler.scraper:_crawl_book:233 - Inserted new book: Tuesday Nights in 1980
2025-11-13 10:57:34 | INFO     | src.database.mongodb:insert_book:77 - Inserted new book: Thomas Jefferson and the Tripoli Pirates: The Forgotten War That Changed American History (ID: 69158f6ec0abf7fb8a130140)
2025-11-13 10:57:34 | INFO     | src.crawler.scraper:_crawl_book:233 - Inserted new book: Thomas Jefferson and the Tripoli Pirates: The Forgotten War That Changed American History
2025-11-13 10:57:34 | INFO     | src.database.mongodb:insert_book:77 - Inserted new book: Tracing Numbers on a Train (ID: 69158f6ec0abf7fb8a130141)
2025-11-13 10:57:34 | INFO     | src.crawler.scraper:_crawl_book:233 - Inserted new book: Tracing Numbers on a Train
2025-11-13 10:57:35 | INFO     | src.database.mongodb:insert_book:77 - Inserted new book: Throne of Glass (Throne of Glass #1) (ID: 69158f6fc0abf7fb8a130142)
2025-11-13 10:57:35 | INFO     | src.crawler.scraper:_crawl_book:233 - Inserted new book: Throne of Glass (Throne of Glass #1)
2025-11-13 10:57:35 | INFO     | src.database.mongodb:insert_book:77 - Inserted new book: The Wedding Dress (ID: 69158f6fc0abf7fb8a130143)
2025-11-13 10:57:35 | INFO     | src.crawler.scraper:_crawl_book:233 - Inserted new book: The Wedding Dress
2025-11-13 10:57:35 | INFO     | src.database.mongodb:insert_book:77 - Inserted new book: The Stranger (ID: 69158f6fc0abf7fb8a130144)
2025-11-13 10:57:35 | INFO     | src.crawler.scraper:_crawl_book:233 - Inserted new book: The Stranger
2025-11-13 10:57:35 | INFO     | src.database.mongodb:insert_book:77 - Inserted new book: The White Cat and the Monk: A Retelling of the Poem “Pangur Bán” (ID: 69158f6fc0abf7fb8a130145)
2025-11-13 10:57:35 | INFO     | src.crawler.scraper:_crawl_book:233 - Inserted new book: The White Cat and the Monk: A Retelling of the Poem “Pangur Bán”
2025-11-13 10:57:35 | INFO     | src.database.mongodb:insert_book:77 - Inserted new book: Thirteen Reasons Why (ID: 69158f6fc0abf7fb8a130146)
2025-11-13 10:57:35 | INFO     | src.crawler.scraper:_crawl_book:233 - Inserted new book: Thirteen Reasons Why
2025-11-13 10:57:35 | INFO     | src.database.mongodb:insert_book:77 - Inserted new book: The Third Wave: An Entrepreneur’s Vision of the Future (ID: 69158f6fc0abf7fb8a130147)
2025-11-13 10:57:35 | INFO     | src.crawler.scraper:_crawl_book:233 - Inserted new book: The Third Wave: An Entrepreneur’s Vision of the Future
2025-11-13 10:57:35 | INFO     | src.database.mongodb:insert_book:77 - Inserted new book: The Vacationers (ID: 69158f6fc0abf7fb8a130148)
2025-11-13 10:57:35 | INFO     | src.crawler.scraper:_crawl_book:233 - Inserted new book: The Vacationers
2025-11-13 10:57:35 | INFO     | src.crawler.scraper:_crawl_catalog:125 - Crawling catalog page 8: https://books.toscrape.com/catalogue/page-8.html
2025-11-13 10:57:35 | INFO     | src.crawler.parser:extract_book_links:169 - Extracted 20 book links from page
2025-11-13 10:57:35 | INFO     | src.crawler.scraper:_crawl_catalog:143 - Found 20 new books on page 8
2025-11-13 10:57:35 | INFO     | src.database.mongodb:insert_book:77 - Inserted new book: The Shadow Hero (The Shadow Hero) (ID: 69158f6fc0abf7fb8a130149)
2025-11-13 10:57:35 | INFO     | src.crawler.scraper:_crawl_book:233 - Inserted new book: The Shadow Hero (The Shadow Hero)
2025-11-13 10:57:36 | INFO     | src.database.mongodb:insert_book:77 - Inserted new book: The Secret (The Secret #1) (ID: 69158f70c0abf7fb8a13014a)
2025-11-13 10:57:36 | INFO     | src.crawler.scraper:_crawl_book:233 - Inserted new book: The Secret (The Secret #1)
2025-11-13 10:57:36 | INFO     | src.database.mongodb:insert_book:77 - Inserted new book: The Project (ID: 69158f70c0abf7fb8a13014b)
2025-11-13 10:57:36 | INFO     | src.crawler.scraper:_crawl_book:233 - Inserted new book: The Project
2025-11-13 10:57:36 | INFO     | src.database.mongodb:insert_book:77 - Inserted new book: The Nerdy Nummies Cookbook: Sweet Treats for the Geek in All of Us (ID: 69158f70c0abf7fb8a13014c)
2025-11-13 10:57:36 | INFO     | src.crawler.scraper:_crawl_book:233 - Inserted new book: The Nerdy Nummies Cookbook: Sweet Treats for the Geek in All of Us
2025-11-13 10:57:36 | INFO     | src.database.mongodb:insert_book:77 - Inserted new book: The Psychopath Test: A Journey Through the Madness Industry (ID: 69158f70c0abf7fb8a13014d)
2025-11-13 10:57:36 | INFO     | src.crawler.scraper:_crawl_book:233 - Inserted new book: The Psychopath Test: A Journey Through the Madness Industry
2025-11-13 10:57:36 | INFO     | src.database.mongodb:insert_book:77 - Inserted new book: The Power of Now: A Guide to Spiritual Enlightenment (ID: 69158f70c0abf7fb8a13014e)
2025-11-13 10:57:36 | INFO     | src.crawler.scraper:_crawl_book:233 - Inserted new book: The Power of Now: A Guide to Spiritual Enlightenment
2025-11-13 10:57:36 | INFO     | src.database.mongodb:insert_book:77 - Inserted new book: The Murder of Roger Ackroyd (Hercule Poirot #4) (ID: 69158f70c0abf7fb8a13014f)
2025-11-13 10:57:36 | INFO     | src.crawler.scraper:_crawl_book:233 - Inserted new book: The Murder of Roger Ackroyd (Hercule Poirot #4)
2025-11-13 10:57:36 | INFO     | src.database.mongodb:insert_book:77 - Inserted new book: The Omnivore's Dilemma: A Natural History of Four Meals (ID: 69158f70c0abf7fb8a130150)
2025-11-13 10:57:36 | INFO     | src.crawler.scraper:_crawl_book:233 - Inserted new book: The Omnivore's Dilemma: A Natural History of Four Meals
2025-11-13 10:57:36 | INFO     | src.database.mongodb:insert_book:77 - Inserted new book: The Mistake (Off-Campus #2) (ID: 69158f70c0abf7fb8a130152)
2025-11-13 10:57:36 | INFO     | src.crawler.scraper:_crawl_book:233 - Inserted new book: The Mistake (Off-Campus #2)
2025-11-13 10:57:36 | INFO     | src.database.mongodb:insert_book:77 - Inserted new book: The Regional Office Is Under Attack! (ID: 69158f70c0abf7fb8a130151)
2025-11-13 10:57:36 | INFO     | src.crawler.scraper:_crawl_book:233 - Inserted new book: The Regional Office Is Under Attack!
2025-11-13 10:57:36 | INFO     | src.database.mongodb:insert_book:77 - Inserted new book: The Matchmaker's Playbook (Wingmen Inc. #1) (ID: 69158f70c0abf7fb8a130153)
2025-11-13 10:57:36 | INFO     | src.crawler.scraper:_crawl_book:233 - Inserted new book: The Matchmaker's Playbook (Wingmen Inc. #1)
2025-11-13 10:57:36 | INFO     | src.database.mongodb:insert_book:77 - Inserted new book: The Love and Lemons Cookbook: An Apple-to-Zucchini Celebration of Impromptu Cooking (ID: 69158f70c0abf7fb8a130154)
2025-11-13 10:57:36 | INFO     | src.crawler.scraper:_crawl_book:233 - Inserted new book: The Love and Lemons Cookbook: An Apple-to-Zucchini Celebration of Impromptu Cooking
2025-11-13 10:57:36 | INFO     | src.database.mongodb:insert_book:77 - Inserted new book: The Long Shadow of Small Ghosts: Murder and Memory in an American City (ID: 69158f70c0abf7fb8a130155)
2025-11-13 10:57:36 | INFO     | src.crawler.scraper:_crawl_book:233 - Inserted new book: The Long Shadow of Small Ghosts: Murder and Memory in an American City
2025-11-13 10:57:36 | INFO     | src.database.mongodb:insert_book:77 - Inserted new book: The Kite Runner (ID: 69158f70c0abf7fb8a130156)
2025-11-13 10:57:36 | INFO     | src.crawler.scraper:_crawl_book:233 - Inserted new book: The Kite Runner
2025-11-13 10:57:36 | INFO     | src.database.mongodb:insert_book:77 - Inserted new book: The House by the Lake (ID: 69158f70c0abf7fb8a130157)
2025-11-13 10:57:36 | INFO     | src.crawler.scraper:_crawl_book:233 - Inserted new book: The House by the Lake
2025-11-13 10:57:36 | INFO     | src.database.mongodb:insert_book:77 - Inserted new book: The Cookies & Cups Cookbook: 125+ sweet & savory recipes reminding you to Always Eat Dessert First (ID: 69158f70c0abf7fb8a130159)
2025-11-13 10:57:36 | INFO     | src.crawler.scraper:_crawl_book:233 - Inserted new book: The Cookies & Cups Cookbook: 125+ sweet & savory recipes reminding you to Always Eat Dessert First
2025-11-13 10:57:36 | INFO     | src.database.mongodb:insert_book:77 - Inserted new book: The Girl on the Train (ID: 69158f70c0abf7fb8a130158)
2025-11-13 10:57:36 | INFO     | src.crawler.scraper:_crawl_book:233 - Inserted new book: The Girl on the Train
2025-11-13 10:57:36 | INFO     | src.database.mongodb:insert_book:77 - Inserted new book: The Genius of Birds (ID: 69158f70c0abf7fb8a13015c)
2025-11-13 10:57:36 | INFO     | src.crawler.scraper:_crawl_book:233 - Inserted new book: The Genius of Birds
2025-11-13 10:57:36 | INFO     | src.database.mongodb:insert_book:77 - Inserted new book: The Emerald Mystery (ID: 69158f70c0abf7fb8a13015b)
2025-11-13 10:57:36 | INFO     | src.crawler.scraper:_crawl_book:233 - Inserted new book: The Emerald Mystery
2025-11-13 10:57:36 | INFO     | src.database.mongodb:insert_book:77 - Inserted new book: The Glittering Court (The Glittering Court #1) (ID: 69158f70c0abf7fb8a13015a)
2025-11-13 10:57:36 | INFO     | src.crawler.scraper:_crawl_book:233 - Inserted new book: The Glittering Court (The Glittering Court #1)
2025-11-13 10:57:36 | INFO     | src.crawler.scraper:_crawl_catalog:125 - Crawling catalog page 9: https://books.toscrape.com/catalogue/page-9.html
2025-11-13 10:57:37 | INFO     | src.crawler.parser:extract_book_links:169 - Extracted 20 book links from page
2025-11-13 10:57:37 | INFO     | src.crawler.scraper:_crawl_catalog:143 - Found 20 new books on page 9
2025-11-13 10:57:37 | INFO     | src.database.mongodb:insert_book:77 - Inserted new book: The Bridge to Consciousness: I'm Writing the Bridge Between Science and Our Old and New Beliefs. (ID: 69158f71c0abf7fb8a13015d)
2025-11-13 10:57:37 | INFO     | src.crawler.scraper:_crawl_book:233 - Inserted new book: The Bridge to Consciousness: I'm Writing the Bridge Between Science and Our Old and New Beliefs.
2025-11-13 10:57:37 | INFO     | src.database.mongodb:insert_book:77 - Inserted new book: The Argonauts (ID: 69158f71c0abf7fb8a13015e)
2025-11-13 10:57:37 | INFO     | src.crawler.scraper:_crawl_book:233 - Inserted new book: The Argonauts
2025-11-13 10:57:37 | INFO     | src.database.mongodb:insert_book:77 - Inserted new book: Suddenly in Love (Lake Haven #1) (ID: 69158f71c0abf7fb8a13015f)
2025-11-13 10:57:37 | INFO     | src.crawler.scraper:_crawl_book:233 - Inserted new book: Suddenly in Love (Lake Haven #1)
2025-11-13 10:57:37 | INFO     | src.database.mongodb:insert_book:77 - Inserted new book: The 10% Entrepreneur: Live Your Startup Dream Without Quitting Your Day Job (ID: 69158f71c0abf7fb8a130161)
2025-11-13 10:57:37 | INFO     | src.crawler.scraper:_crawl_book:233 - Inserted new book: The 10% Entrepreneur: Live Your Startup Dream Without Quitting Your Day Job
2025-11-13 10:57:37 | INFO     | src.database.mongodb:insert_book:77 - Inserted new book: The Artist's Way: A Spiritual Path to Higher Creativity (ID: 69158f71c0abf7fb8a130160)
2025-11-13 10:57:37 | INFO     | src.crawler.scraper:_crawl_book:233 - Inserted new book: The Artist's Way: A Spiritual Path to Higher Creativity
2025-11-13 10:57:37 | INFO     | src.database.mongodb:insert_book:77 - Inserted new book: Soft Apocalypse (ID: 69158f71c0abf7fb8a130162)
2025-11-13 10:57:37 | INFO     | src.crawler.scraper:_crawl_book:233 - Inserted new book: Soft Apocalypse
2025-11-13 10:57:38 | INFO     | src.database.mongodb:insert_book:77 - Inserted new book: So You've Been Publicly Shamed (ID: 69158f71c0abf7fb8a130163)
2025-11-13 10:57:38 | INFO     | src.crawler.scraper:_crawl_book:233 - Inserted new book: So You've Been Publicly Shamed
2025-11-13 10:57:38 | INFO     | src.database.mongodb:insert_book:77 - Inserted new book: Something More Than This (ID: 69158f72c0abf7fb8a130164)
2025-11-13 10:57:38 | INFO     | src.crawler.scraper:_crawl_book:233 - Inserted new book: Something More Than This
2025-11-13 10:57:38 | INFO     | src.database.mongodb:insert_book:77 - Inserted new book: Shobu Samurai, Project Aryoku (#3) (ID: 69158f72c0abf7fb8a130165)
2025-11-13 10:57:38 | INFO     | src.crawler.scraper:_crawl_book:233 - Inserted new book: Shobu Samurai, Project Aryoku (#3)
2025-11-13 10:57:38 | INFO     | src.database.mongodb:insert_book:77 - Inserted new book: The Art of War (ID: 69158f72c0abf7fb8a130166)
2025-11-13 10:57:38 | INFO     | src.crawler.scraper:_crawl_book:233 - Inserted new book: The Art of War
2025-11-13 10:57:38 | INFO     | src.database.mongodb:insert_book:77 - Inserted new book: Shoe Dog: A Memoir by the Creator of NIKE (ID: 69158f72c0abf7fb8a130167)
2025-11-13 10:57:38 | INFO     | src.crawler.scraper:_crawl_book:233 - Inserted new book: Shoe Dog: A Memoir by the Creator of NIKE
2025-11-13 10:57:38 | INFO     | src.database.mongodb:insert_book:77 - Inserted new book: Secrets and Lace (Fatal Hearts #1) (ID: 69158f72c0abf7fb8a130168)
2025-11-13 10:57:38 | INFO     | src.crawler.scraper:_crawl_book:233 - Inserted new book: Secrets and Lace (Fatal Hearts #1)
2025-11-13 10:57:38 | INFO     | src.database.mongodb:insert_book:77 - Inserted new book: Scarlett Epstein Hates It Here (ID: 69158f72c0abf7fb8a130169)
2025-11-13 10:57:38 | INFO     | src.crawler.scraper:_crawl_book:233 - Inserted new book: Scarlett Epstein Hates It Here
2025-11-13 10:57:38 | INFO     | src.database.mongodb:insert_book:77 - Inserted new book: Romero and Juliet: A Tragic Tale of Love and Zombies (ID: 69158f72c0abf7fb8a13016a)
2025-11-13 10:57:38 | INFO     | src.crawler.scraper:_crawl_book:233 - Inserted new book: Romero and Juliet: A Tragic Tale of Love and Zombies
2025-11-13 10:57:38 | INFO     | src.database.mongodb:insert_book:77 - Inserted new book: Poses for Artists Volume 1 - Dynamic and Sitting Poses: An Essential Reference for Figure Drawing and the Human Form (ID: 69158f72c0abf7fb8a13016b)
2025-11-13 10:57:38 | INFO     | src.crawler.scraper:_crawl_book:233 - Inserted new book: Poses for Artists Volume 1 - Dynamic and Sitting Poses: An Essential Reference for Figure Drawing and the Human Form
2025-11-13 10:57:38 | INFO     | src.database.mongodb:insert_book:77 - Inserted new book: Redeeming Love (ID: 69158f72c0abf7fb8a13016c)
2025-11-13 10:57:38 | INFO     | src.crawler.scraper:_crawl_book:233 - Inserted new book: Redeeming Love
2025-11-13 10:57:38 | INFO     | src.database.mongodb:insert_book:77 - Inserted new book: Poems That Make Grown Women Cry (ID: 69158f72c0abf7fb8a13016d)
2025-11-13 10:57:38 | INFO     | src.crawler.scraper:_crawl_book:233 - Inserted new book: Poems That Make Grown Women Cry
2025-11-13 10:57:38 | INFO     | src.database.mongodb:insert_book:77 - Inserted new book: Night Sky with Exit Wounds (ID: 69158f72c0abf7fb8a13016e)
2025-11-13 10:57:38 | INFO     | src.crawler.scraper:_crawl_book:233 - Inserted new book: Night Sky with Exit Wounds
2025-11-13 10:57:38 | INFO     | src.database.mongodb:insert_book:77 - Inserted new book: Nightingale, Sing (ID: 69158f72c0abf7fb8a13016f)
2025-11-13 10:57:38 | INFO     | src.crawler.scraper:_crawl_book:233 - Inserted new book: Nightingale, Sing
2025-11-13 10:57:38 | INFO     | src.database.mongodb:insert_book:77 - Inserted new book: Mrs. Houdini (ID: 69158f72c0abf7fb8a130170)
2025-11-13 10:57:38 | INFO     | src.crawler.scraper:_crawl_book:233 - Inserted new book: Mrs. Houdini
2025-11-13 10:57:38 | INFO     | src.crawler.scraper:_crawl_catalog:125 - Crawling catalog page 10: https://books.toscrape.com/catalogue/page-10.html
2025-11-13 10:57:38 | INFO     | src.crawler.parser:extract_book_links:169 - Extracted 20 book links from page
2025-11-13 10:57:38 | INFO     | src.crawler.scraper:_crawl_catalog:143 - Found 20 new books on page 10
2025-11-13 10:57:39 | INFO     | src.database.mongodb:insert_book:77 - Inserted new book: Modern Romance (ID: 69158f72c0abf7fb8a130171)
2025-11-13 10:57:39 | INFO     | src.crawler.scraper:_crawl_book:233 - Inserted new book: Modern Romance
2025-11-13 10:57:39 | INFO     | src.database.mongodb:insert_book:77 - Inserted new book: Library of Souls (Miss Peregrine’s Peculiar Children #3) (ID: 69158f72c0abf7fb8a130172)
2025-11-13 10:57:39 | INFO     | src.crawler.scraper:_crawl_book:233 - Inserted new book: Library of Souls (Miss Peregrine’s Peculiar Children #3)
2025-11-13 10:57:39 | INFO     | src.database.mongodb:insert_book:77 - Inserted new book: Grumbles (ID: 69158f73c0abf7fb8a130174)
2025-11-13 10:57:39 | INFO     | src.crawler.scraper:_crawl_book:233 - Inserted new book: Grumbles
2025-11-13 10:57:39 | INFO     | src.database.mongodb:insert_book:77 - Inserted new book: Little Red (ID: 69158f73c0abf7fb8a130173)
2025-11-13 10:57:39 | INFO     | src.crawler.scraper:_crawl_book:233 - Inserted new book: Little Red
2025-11-13 10:57:39 | INFO     | src.database.mongodb:insert_book:77 - Inserted new book: Large Print Heart of the Pride (ID: 69158f73c0abf7fb8a130175)
2025-11-13 10:57:39 | INFO     | src.crawler.scraper:_crawl_book:233 - Inserted new book: Large Print Heart of the Pride
2025-11-13 10:57:39 | INFO     | src.database.mongodb:insert_book:77 - Inserted new book: Miss Peregrine’s Home for Peculiar Children (Miss Peregrine’s Peculiar Children #1) (ID: 69158f73c0abf7fb8a130176)
2025-11-13 10:57:39 | INFO     | src.crawler.scraper:_crawl_book:233 - Inserted new book: Miss Peregrine’s Home for Peculiar Children (Miss Peregrine’s Peculiar Children #1)
2025-11-13 10:57:39 | INFO     | src.database.mongodb:insert_book:77 - Inserted new book: Hollow City (Miss Peregrine’s Peculiar Children #2) (ID: 69158f73c0abf7fb8a130177)
2025-11-13 10:57:39 | INFO     | src.crawler.scraper:_crawl_book:233 - Inserted new book: Hollow City (Miss Peregrine’s Peculiar Children #2)
2025-11-13 10:57:39 | INFO     | src.database.mongodb:insert_book:77 - Inserted new book: I Had a Nice Time And Other Lies...: How to find love & sh*t like that (ID: 69158f73c0abf7fb8a130178)
2025-11-13 10:57:39 | INFO     | src.crawler.scraper:_crawl_book:233 - Inserted new book: I Had a Nice Time And Other Lies...: How to find love & sh*t like that
2025-11-13 10:57:39 | INFO     | src.database.mongodb:insert_book:77 - Inserted new book: Louisa: The Extraordinary Life of Mrs. Adams (ID: 69158f73c0abf7fb8a130179)
2025-11-13 10:57:39 | INFO     | src.crawler.scraper:_crawl_book:233 - Inserted new book: Louisa: The Extraordinary Life of Mrs. Adams
2025-11-13 10:57:39 | INFO     | src.database.mongodb:insert_book:77 - Inserted new book: Full Moon over Noah’s Ark: An Odyssey to Mount Ararat and Beyond (ID: 69158f73c0abf7fb8a13017a)
2025-11-13 10:57:39 | INFO     | src.crawler.scraper:_crawl_book:233 - Inserted new book: Full Moon over Noah’s Ark: An Odyssey to Mount Ararat and Beyond
2025-11-13 10:57:39 | INFO     | src.database.mongodb:insert_book:77 - Inserted new book: Frostbite (Vampire Academy #2) (ID: 69158f73c0abf7fb8a13017b)
2025-11-13 10:57:39 | INFO     | src.crawler.scraper:_crawl_book:233 - Inserted new book: Frostbite (Vampire Academy #2)
2025-11-13 10:57:39 | INFO     | src.database.mongodb:insert_book:77 - Inserted new book: First Steps for New Christians (Print Edition) (ID: 69158f73c0abf7fb8a13017d)
2025-11-13 10:57:39 | INFO     | src.crawler.scraper:_crawl_book:233 - Inserted new book: First Steps for New Christians (Print Edition)
2025-11-13 10:57:39 | INFO     | src.database.mongodb:insert_book:77 - Inserted new book: Follow You Home (ID: 69158f73c0abf7fb8a13017c)
2025-11-13 10:57:39 | INFO     | src.crawler.scraper:_crawl_book:233 - Inserted new book: Follow You Home
2025-11-13 10:57:39 | INFO     | src.database.mongodb:insert_book:77 - Inserted new book: Fables, Vol. 1: Legends in Exile (Fables #1) (ID: 69158f73c0abf7fb8a13017e)
2025-11-13 10:57:39 | INFO     | src.crawler.scraper:_crawl_book:233 - Inserted new book: Fables, Vol. 1: Legends in Exile (Fables #1)
2025-11-13 10:57:39 | INFO     | src.database.mongodb:insert_book:77 - Inserted new book: Finders Keepers (Bill Hodges Trilogy #2) (ID: 69158f73c0abf7fb8a13017f)
2025-11-13 10:57:39 | INFO     | src.crawler.scraper:_crawl_book:233 - Inserted new book: Finders Keepers (Bill Hodges Trilogy #2)
2025-11-13 10:57:39 | INFO     | src.database.mongodb:insert_book:77 - Inserted new book: Eureka Trivia 6.0 (ID: 69158f73c0abf7fb8a130180)
2025-11-13 10:57:39 | INFO     | src.crawler.scraper:_crawl_book:233 - Inserted new book: Eureka Trivia 6.0
2025-11-13 10:57:39 | INFO     | src.database.mongodb:insert_book:77 - Inserted new book: Drive: The Surprising Truth About What Motivates Us (ID: 69158f73c0abf7fb8a130181)
2025-11-13 10:57:39 | INFO     | src.crawler.scraper:_crawl_book:233 - Inserted new book: Drive: The Surprising Truth About What Motivates Us
2025-11-13 10:57:39 | INFO     | src.database.mongodb:insert_book:77 - Inserted new book: Done Rubbed Out (Reightman & Bailey #1) (ID: 69158f73c0abf7fb8a130182)
2025-11-13 10:57:39 | INFO     | src.crawler.scraper:_crawl_book:233 - Inserted new book: Done Rubbed Out (Reightman & Bailey #1)
2025-11-13 10:57:39 | INFO     | src.database.mongodb:insert_book:77 - Inserted new book: Doing It Over (Most Likely To #1) (ID: 69158f73c0abf7fb8a130183)
2025-11-13 10:57:39 | INFO     | src.crawler.scraper:_crawl_book:233 - Inserted new book: Doing It Over (Most Likely To #1)
2025-11-13 10:57:39 | INFO     | src.database.mongodb:insert_book:77 - Inserted new book: Deliciously Ella Every Day: Quick and Easy Recipes for Gluten-Free Snacks, Packed Lunches, and Simple Meals (ID: 69158f73c0abf7fb8a130184)
2025-11-13 10:57:39 | INFO     | src.crawler.scraper:_crawl_book:233 - Inserted new book: Deliciously Ella Every Day: Quick and Easy Recipes for Gluten-Free Snacks, Packed Lunches, and Simple Meals
2025-11-13 10:57:39 | INFO     | src.crawler.scraper:_crawl_catalog:125 - Crawling catalog page 11: https://books.toscrape.com/catalogue/page-11.html
2025-11-13 10:57:39 | INFO     | src.crawler.parser:extract_book_links:169 - Extracted 20 book links from page
2025-11-13 10:57:39 | INFO     | src.crawler.scraper:_crawl_catalog:143 - Found 20 new books on page 11
2025-11-13 10:57:40 | INFO     | src.database.mongodb:insert_book:77 - Inserted new book: Dark Notes (ID: 69158f74c0abf7fb8a130185)
2025-11-13 10:57:40 | INFO     | src.crawler.scraper:_crawl_book:233 - Inserted new book: Dark Notes
2025-11-13 10:57:40 | INFO     | src.database.mongodb:insert_book:77 - Inserted new book: Big Magic: Creative Living Beyond Fear (ID: 69158f74c0abf7fb8a130186)
2025-11-13 10:57:40 | INFO     | src.crawler.scraper:_crawl_book:233 - Inserted new book: Big Magic: Creative Living Beyond Fear
2025-11-13 10:57:40 | INFO     | src.database.mongodb:insert_book:77 - Inserted new book: Beauty Restored (Riley Family Legacy Novellas #3) (ID: 69158f74c0abf7fb8a130187)
2025-11-13 10:57:40 | INFO     | src.crawler.scraper:_crawl_book:233 - Inserted new book: Beauty Restored (Riley Family Legacy Novellas #3)
2025-11-13 10:57:40 | INFO     | src.database.mongodb:insert_book:77 - Inserted new book: Daring Greatly: How the Courage to Be Vulnerable Transforms the Way We Live, Love, Parent, and Lead (ID: 69158f74c0abf7fb8a130188)
2025-11-13 10:57:40 | INFO     | src.crawler.scraper:_crawl_book:233 - Inserted new book: Daring Greatly: How the Courage to Be Vulnerable Transforms the Way We Live, Love, Parent, and Lead
2025-11-13 10:57:40 | INFO     | src.database.mongodb:insert_book:77 - Inserted new book: Batman: The Long Halloween (Batman) (ID: 69158f74c0abf7fb8a130189)
2025-11-13 10:57:40 | INFO     | src.crawler.scraper:_crawl_book:233 - Inserted new book: Batman: The Long Halloween (Batman)
2025-11-13 10:57:40 | INFO     | src.database.mongodb:insert_book:77 - Inserted new book: Chasing Heaven: What Dying Taught Me About Living (ID: 69158f74c0abf7fb8a13018a)
2025-11-13 10:57:40 | INFO     | src.crawler.scraper:_crawl_book:233 - Inserted new book: Chasing Heaven: What Dying Taught Me About Living
2025-11-13 10:57:40 | INFO     | src.database.mongodb:insert_book:77 - Inserted new book: Becoming Wise: An Inquiry into the Mystery and Art of Living (ID: 69158f74c0abf7fb8a13018b)
2025-11-13 10:57:40 | INFO     | src.crawler.scraper:_crawl_book:233 - Inserted new book: Becoming Wise: An Inquiry into the Mystery and Art of Living
2025-11-13 10:57:40 | INFO     | src.database.mongodb:insert_book:77 - Inserted new book: Batman: The Dark Knight Returns (Batman) (ID: 69158f74c0abf7fb8a13018c)
2025-11-13 10:57:40 | INFO     | src.crawler.scraper:_crawl_book:233 - Inserted new book: Batman: The Dark Knight Returns (Batman)
2025-11-13 10:57:40 | INFO     | src.database.mongodb:insert_book:77 - Inserted new book: Amy Meets the Saints and Sages (ID: 69158f74c0abf7fb8a130190)
2025-11-13 10:57:40 | INFO     | src.crawler.scraper:_crawl_book:233 - Inserted new book: Amy Meets the Saints and Sages
2025-11-13 10:57:40 | INFO     | src.database.mongodb:insert_book:77 - Inserted new book: Close to You (ID: 69158f74c0abf7fb8a13018d)
2025-11-13 10:57:40 | INFO     | src.crawler.scraper:_crawl_book:233 - Inserted new book: Close to You
2025-11-13 10:57:40 | INFO     | src.database.mongodb:insert_book:77 - Inserted new book: Anonymous (ID: 69158f74c0abf7fb8a13018f)
2025-11-13 10:57:40 | INFO     | src.crawler.scraper:_crawl_book:233 - Inserted new book: Anonymous
2025-11-13 10:57:40 | INFO     | src.database.mongodb:insert_book:77 - Inserted new book: Ayumi's Violin (ID: 69158f74c0abf7fb8a13018e)
2025-11-13 10:57:40 | INFO     | src.crawler.scraper:_crawl_book:233 - Inserted new book: Ayumi's Violin
2025-11-13 10:57:40 | INFO     | src.database.mongodb:insert_book:77 - Inserted new book: Amid the Chaos (ID: 69158f74c0abf7fb8a130191)
2025-11-13 10:57:40 | INFO     | src.crawler.scraper:_crawl_book:233 - Inserted new book: Amid the Chaos
2025-11-13 10:57:40 | INFO     | src.database.mongodb:insert_book:77 - Inserted new book: Amatus (ID: 69158f74c0abf7fb8a130192)
2025-11-13 10:57:40 | INFO     | src.crawler.scraper:_crawl_book:233 - Inserted new book: Amatus
2025-11-13 10:57:40 | INFO     | src.database.mongodb:insert_book:77 - Inserted new book: Agnostic: A Spirited Manifesto (ID: 69158f74c0abf7fb8a130193)
2025-11-13 10:57:40 | INFO     | src.crawler.scraper:_crawl_book:233 - Inserted new book: Agnostic: A Spirited Manifesto
2025-11-13 10:57:40 | INFO     | src.database.mongodb:insert_book:77 - Inserted new book: Wonder Woman: Earth One, Volume One (Wonder Woman: Earth One #1) (ID: 69158f74c0abf7fb8a130194)
2025-11-13 10:57:40 | INFO     | src.crawler.scraper:_crawl_book:233 - Inserted new book: Wonder Woman: Earth One, Volume One (Wonder Woman: Earth One #1)
2025-11-13 10:57:40 | INFO     | src.database.mongodb:insert_book:77 - Inserted new book: Zealot: The Life and Times of Jesus of Nazareth (ID: 69158f74c0abf7fb8a130195)
2025-11-13 10:57:40 | INFO     | src.crawler.scraper:_crawl_book:233 - Inserted new book: Zealot: The Life and Times of Jesus of Nazareth
2025-11-13 10:57:40 | INFO     | src.database.mongodb:insert_book:77 - Inserted new book: Wild Swans (ID: 69158f74c0abf7fb8a130196)
2025-11-13 10:57:40 | INFO     | src.crawler.scraper:_crawl_book:233 - Inserted new book: Wild Swans
2025-11-13 10:57:40 | INFO     | src.database.mongodb:insert_book:77 - Inserted new book: You (You #1) (ID: 69158f74c0abf7fb8a130197)
2025-11-13 10:57:40 | INFO     | src.crawler.scraper:_crawl_book:233 - Inserted new book: You (You #1)
2025-11-13 10:57:40 | INFO     | src.database.mongodb:insert_book:77 - Inserted new book: Why the Right Went Wrong: Conservatism--From Goldwater to the Tea Party and Beyond (ID: 69158f74c0abf7fb8a130198)
2025-11-13 10:57:40 | INFO     | src.crawler.scraper:_crawl_book:233 - Inserted new book: Why the Right Went Wrong: Conservatism--From Goldwater to the Tea Party and Beyond
2025-11-13 10:57:41 | INFO     | src.crawler.scraper:_crawl_catalog:125 - Crawling catalog page 12: https://books.toscrape.com/catalogue/page-12.html
2025-11-13 10:57:41 | INFO     | src.crawler.parser:extract_book_links:169 - Extracted 20 book links from page
2025-11-13 10:57:41 | INFO     | src.crawler.scraper:_crawl_catalog:143 - Found 20 new books on page 12
2025-11-13 10:57:41 | INFO     | src.database.mongodb:insert_book:77 - Inserted new book: Until Friday Night (The Field Party #1) (ID: 69158f75c0abf7fb8a13019c)
2025-11-13 10:57:41 | INFO     | src.crawler.scraper:_crawl_book:233 - Inserted new book: Until Friday Night (The Field Party #1)
2025-11-13 10:57:41 | INFO     | src.database.mongodb:insert_book:77 - Inserted new book: Through the Woods (ID: 69158f75c0abf7fb8a13019d)
2025-11-13 10:57:41 | INFO     | src.crawler.scraper:_crawl_book:233 - Inserted new book: Through the Woods
2025-11-13 10:57:41 | INFO     | src.database.mongodb:insert_book:77 - Inserted new book: Walt Disney's Alice in Wonderland (ID: 69158f75c0abf7fb8a13019b)
2025-11-13 10:57:41 | INFO     | src.crawler.scraper:_crawl_book:233 - Inserted new book: Walt Disney's Alice in Wonderland
2025-11-13 10:57:41 | INFO     | src.database.mongodb:insert_book:77 - Inserted new book: V for Vendetta (V for Vendetta Complete) (ID: 69158f75c0abf7fb8a13019a)
2025-11-13 10:57:41 | INFO     | src.crawler.scraper:_crawl_book:233 - Inserted new book: V for Vendetta (V for Vendetta Complete)
2025-11-13 10:57:41 | INFO     | src.database.mongodb:insert_book:77 - Inserted new book: Whole Lotta Creativity Going On: 60 Fun and Unusual Exercises to Awaken and Strengthen Your Creativity (ID: 69158f75c0abf7fb8a130199)
2025-11-13 10:57:41 | INFO     | src.crawler.scraper:_crawl_book:233 - Inserted new book: Whole Lotta Creativity Going On: 60 Fun and Unusual Exercises to Awaken and Strengthen Your Creativity
2025-11-13 10:57:41 | INFO     | src.database.mongodb:insert_book:77 - Inserted new book: What's It Like in Space?: Stories from Astronauts Who've Been There (ID: 69158f75c0abf7fb8a13019e)
2025-11-13 10:57:41 | INFO     | src.crawler.scraper:_crawl_book:233 - Inserted new book: What's It Like in Space?: Stories from Astronauts Who've Been There
2025-11-13 10:57:41 | INFO     | src.database.mongodb:insert_book:77 - Inserted new book: Unbroken: A World War II Story of Survival, Resilience, and Redemption (ID: 69158f75c0abf7fb8a1301a0)
2025-11-13 10:57:41 | INFO     | src.crawler.scraper:_crawl_book:233 - Inserted new book: Unbroken: A World War II Story of Survival, Resilience, and Redemption
2025-11-13 10:57:41 | INFO     | src.database.mongodb:insert_book:77 - Inserted new book: Twenty Yawns (ID: 69158f75c0abf7fb8a13019f)
2025-11-13 10:57:41 | INFO     | src.crawler.scraper:_crawl_book:233 - Inserted new book: Twenty Yawns
2025-11-13 10:57:41 | INFO     | src.database.mongodb:insert_book:77 - Inserted new book: We Are Robin, Vol. 1: The Vigilante Business (We Are Robin #1) (ID: 69158f75c0abf7fb8a1301a1)
2025-11-13 10:57:41 | INFO     | src.crawler.scraper:_crawl_book:233 - Inserted new book: We Are Robin, Vol. 1: The Vigilante Business (We Are Robin #1)
2025-11-13 10:57:41 | INFO     | src.database.mongodb:insert_book:77 - Inserted new book: This Is Where It Ends (ID: 69158f75c0abf7fb8a1301a2)
2025-11-13 10:57:41 | INFO     | src.crawler.scraper:_crawl_book:233 - Inserted new book: This Is Where It Ends
2025-11-13 10:57:42 | INFO     | src.database.mongodb:insert_book:77 - Inserted new book: The Year of Magical Thinking (ID: 69158f75c0abf7fb8a1301a3)
2025-11-13 10:57:42 | INFO     | src.crawler.scraper:_crawl_book:233 - Inserted new book: The Year of Magical Thinking
2025-11-13 10:57:42 | INFO     | src.database.mongodb:insert_book:77 - Inserted new book: The Wright Brothers (ID: 69158f76c0abf7fb8a1301a4)
2025-11-13 10:57:42 | INFO     | src.crawler.scraper:_crawl_book:233 - Inserted new book: The Wright Brothers
2025-11-13 10:57:42 | INFO     | src.database.mongodb:insert_book:77 - Inserted new book: The Wedding Pact (The O'Malleys #2) (ID: 69158f76c0abf7fb8a1301a7)
2025-11-13 10:57:42 | INFO     | src.crawler.scraper:_crawl_book:233 - Inserted new book: The Wedding Pact (The O'Malleys #2)
2025-11-13 10:57:42 | INFO     | src.database.mongodb:insert_book:77 - Inserted new book: The White Queen (The Cousins' War #1) (ID: 69158f76c0abf7fb8a1301a5)
2025-11-13 10:57:42 | INFO     | src.crawler.scraper:_crawl_book:233 - Inserted new book: The White Queen (The Cousins' War #1)
2025-11-13 10:57:42 | INFO     | src.database.mongodb:insert_book:77 - Inserted new book: The Time Keeper (ID: 69158f76c0abf7fb8a1301a6)
2025-11-13 10:57:42 | INFO     | src.crawler.scraper:_crawl_book:233 - Inserted new book: The Time Keeper
2025-11-13 10:57:42 | INFO     | src.database.mongodb:insert_book:77 - Inserted new book: The Testament of Mary (ID: 69158f76c0abf7fb8a1301a8)
2025-11-13 10:57:42 | INFO     | src.crawler.scraper:_crawl_book:233 - Inserted new book: The Testament of Mary
2025-11-13 10:57:42 | INFO     | src.database.mongodb:insert_book:77 - Inserted new book: The Star-Touched Queen (ID: 69158f76c0abf7fb8a1301a9)
2025-11-13 10:57:42 | INFO     | src.crawler.scraper:_crawl_book:233 - Inserted new book: The Star-Touched Queen
2025-11-13 10:57:42 | INFO     | src.database.mongodb:insert_book:77 - Inserted new book: The Songs of the Gods (ID: 69158f76c0abf7fb8a1301aa)
2025-11-13 10:57:42 | INFO     | src.crawler.scraper:_crawl_book:233 - Inserted new book: The Songs of the Gods
2025-11-13 10:57:42 | INFO     | src.database.mongodb:insert_book:77 - Inserted new book: The Song of Achilles (ID: 69158f76c0abf7fb8a1301ab)
2025-11-13 10:57:42 | INFO     | src.crawler.scraper:_crawl_book:233 - Inserted new book: The Song of Achilles
2025-11-13 10:57:42 | INFO     | src.database.mongodb:insert_book:77 - Inserted new book: The Rosie Project (Don Tillman #1) (ID: 69158f76c0abf7fb8a1301ac)
2025-11-13 10:57:42 | INFO     | src.crawler.scraper:_crawl_book:233 - Inserted new book: The Rosie Project (Don Tillman #1)
2025-11-13 10:57:42 | INFO     | src.crawler.scraper:_crawl_catalog:125 - Crawling catalog page 13: https://books.toscrape.com/catalogue/page-13.html
2025-11-13 10:57:42 | INFO     | src.crawler.parser:extract_book_links:169 - Extracted 20 book links from page
2025-11-13 10:57:42 | INFO     | src.crawler.scraper:_crawl_catalog:143 - Found 20 new books on page 13
2025-11-13 10:57:42 | INFO     | src.database.mongodb:insert_book:77 - Inserted new book: The Power of Habit: Why We Do What We Do in Life and Business (ID: 69158f76c0abf7fb8a1301ad)
2025-11-13 10:57:42 | INFO     | src.crawler.scraper:_crawl_book:233 - Inserted new book: The Power of Habit: Why We Do What We Do in Life and Business
2025-11-13 10:57:42 | INFO     | src.database.mongodb:insert_book:77 - Inserted new book: The Loney (ID: 69158f76c0abf7fb8a1301ae)
2025-11-13 10:57:42 | INFO     | src.crawler.scraper:_crawl_book:233 - Inserted new book: The Loney
2025-11-13 10:57:42 | INFO     | src.database.mongodb:insert_book:77 - Inserted new book: The Long Haul (Diary of a Wimpy Kid #9) (ID: 69158f76c0abf7fb8a1301af)
2025-11-13 10:57:42 | INFO     | src.crawler.scraper:_crawl_book:233 - Inserted new book: The Long Haul (Diary of a Wimpy Kid #9)
2025-11-13 10:57:43 | INFO     | src.database.mongodb:insert_book:77 - Inserted new book: The Marriage of Opposites (ID: 69158f77c0abf7fb8a1301b0)
2025-11-13 10:57:43 | INFO     | src.crawler.scraper:_crawl_book:233 - Inserted new book: The Marriage of Opposites
2025-11-13 10:57:43 | INFO     | src.database.mongodb:insert_book:77 - Inserted new book: The Immortal Life of Henrietta Lacks (ID: 69158f77c0abf7fb8a1301b1)
2025-11-13 10:57:43 | INFO     | src.crawler.scraper:_crawl_book:233 - Inserted new book: The Immortal Life of Henrietta Lacks
2025-11-13 10:57:43 | INFO     | src.database.mongodb:insert_book:77 - Inserted new book: The Last Mile (Amos Decker #2) (ID: 69158f77c0abf7fb8a1301b3)
2025-11-13 10:57:43 | INFO     | src.crawler.scraper:_crawl_book:233 - Inserted new book: The Last Mile (Amos Decker #2)
2025-11-13 10:57:43 | INFO     | src.database.mongodb:insert_book:77 - Inserted new book: The Hidden Oracle (The Trials of Apollo #1) (ID: 69158f77c0abf7fb8a1301b2)
2025-11-13 10:57:43 | INFO     | src.crawler.scraper:_crawl_book:233 - Inserted new book: The Hidden Oracle (The Trials of Apollo #1)
2025-11-13 10:57:43 | INFO     | src.database.mongodb:insert_book:77 - Inserted new book: The Literature Book (Big Ideas Simply Explained) (ID: 69158f77c0abf7fb8a1301b4)
2025-11-13 10:57:43 | INFO     | src.crawler.scraper:_crawl_book:233 - Inserted new book: The Literature Book (Big Ideas Simply Explained)
2025-11-13 10:57:43 | INFO     | src.database.mongodb:insert_book:77 - Inserted new book: The Lucifer Effect: Understanding How Good People Turn Evil (ID: 69158f77c0abf7fb8a1301b5)
2025-11-13 10:57:43 | INFO     | src.crawler.scraper:_crawl_book:233 - Inserted new book: The Lucifer Effect: Understanding How Good People Turn Evil
2025-11-13 10:57:43 | INFO     | src.database.mongodb:insert_book:77 - Inserted new book: The Help Yourself Cookbook for Kids: 60 Easy Plant-Based Recipes Kids Can Make to Stay Healthy and Save the Earth (ID: 69158f77c0abf7fb8a1301b6)
2025-11-13 10:57:43 | INFO     | src.crawler.scraper:_crawl_book:233 - Inserted new book: The Help Yourself Cookbook for Kids: 60 Easy Plant-Based Recipes Kids Can Make to Stay Healthy and Save the Earth
2025-11-13 10:57:43 | INFO     | src.database.mongodb:insert_book:77 - Inserted new book: The Dovekeepers (ID: 69158f77c0abf7fb8a1301b8)
2025-11-13 10:57:43 | INFO     | src.crawler.scraper:_crawl_book:233 - Inserted new book: The Dovekeepers
2025-11-13 10:57:43 | INFO     | src.database.mongodb:insert_book:77 - Inserted new book: The First Hostage (J.B. Collins #2) (ID: 69158f77c0abf7fb8a1301b9)
2025-11-13 10:57:43 | INFO     | src.crawler.scraper:_crawl_book:233 - Inserted new book: The First Hostage (J.B. Collins #2)
2025-11-13 10:57:43 | INFO     | src.database.mongodb:insert_book:77 - Inserted new book: The Guilty (Will Robie #4) (ID: 69158f77c0abf7fb8a1301b7)
2025-11-13 10:57:43 | INFO     | src.crawler.scraper:_crawl_book:233 - Inserted new book: The Guilty (Will Robie #4)
2025-11-13 10:57:43 | INFO     | src.database.mongodb:insert_book:77 - Inserted new book: The Darkest Lie (ID: 69158f77c0abf7fb8a1301ba)
2025-11-13 10:57:43 | INFO     | src.crawler.scraper:_crawl_book:233 - Inserted new book: The Darkest Lie
2025-11-13 10:57:43 | INFO     | src.database.mongodb:insert_book:77 - Inserted new book: The Bad-Ass Librarians of Timbuktu: And Their Race to Save the World’s Most Precious Manuscripts (ID: 69158f77c0abf7fb8a1301bc)
2025-11-13 10:57:43 | INFO     | src.crawler.scraper:_crawl_book:233 - Inserted new book: The Bad-Ass Librarians of Timbuktu: And Their Race to Save the World’s Most Precious Manuscripts
2025-11-13 10:57:43 | INFO     | src.database.mongodb:insert_book:77 - Inserted new book: The Bane Chronicles (The Bane Chronicles #1-11) (ID: 69158f77c0abf7fb8a1301bb)
2025-11-13 10:57:43 | INFO     | src.crawler.scraper:_crawl_book:233 - Inserted new book: The Bane Chronicles (The Bane Chronicles #1-11)
2025-11-13 10:57:43 | INFO     | src.database.mongodb:insert_book:77 - Inserted new book: The 14th Colony (Cotton Malone #11) (ID: 69158f77c0abf7fb8a1301bd)
2025-11-13 10:57:43 | INFO     | src.crawler.scraper:_crawl_book:233 - Inserted new book: The 14th Colony (Cotton Malone #11)
2025-11-13 10:57:43 | INFO     | src.database.mongodb:insert_book:77 - Inserted new book: Take Me with You (ID: 69158f77c0abf7fb8a1301c0)
2025-11-13 10:57:43 | INFO     | src.crawler.scraper:_crawl_book:233 - Inserted new book: Take Me with You
2025-11-13 10:57:43 | INFO     | src.database.mongodb:insert_book:77 - Inserted new book: Tastes Like Fear (DI Marnie Rome #3) (ID: 69158f77c0abf7fb8a1301be)
2025-11-13 10:57:43 | INFO     | src.crawler.scraper:_crawl_book:233 - Inserted new book: Tastes Like Fear (DI Marnie Rome #3)
2025-11-13 10:57:43 | INFO     | src.database.mongodb:insert_book:77 - Inserted new book: That Darkness (Gardiner and Renner #1) (ID: 69158f77c0abf7fb8a1301bf)
2025-11-13 10:57:43 | INFO     | src.crawler.scraper:_crawl_book:233 - Inserted new book: That Darkness (Gardiner and Renner #1)
2025-11-13 10:57:43 | INFO     | src.crawler.scraper:_crawl_catalog:125 - Crawling catalog page 14: https://books.toscrape.com/catalogue/page-14.html
2025-11-13 10:57:44 | INFO     | src.crawler.parser:extract_book_links:169 - Extracted 20 book links from page
2025-11-13 10:57:44 | INFO     | src.crawler.scraper:_crawl_catalog:143 - Found 20 new books on page 14
2025-11-13 10:57:44 | INFO     | src.database.mongodb:insert_book:77 - Inserted new book: Swell: A Year of Waves (ID: 69158f78c0abf7fb8a1301c1)
2025-11-13 10:57:44 | INFO     | src.crawler.scraper:_crawl_book:233 - Inserted new book: Swell: A Year of Waves
2025-11-13 10:57:44 | INFO     | src.database.mongodb:insert_book:77 - Inserted new book: Steve Jobs (ID: 69158f78c0abf7fb8a1301c2)
2025-11-13 10:57:44 | INFO     | src.crawler.scraper:_crawl_book:233 - Inserted new book: Steve Jobs
2025-11-13 10:57:44 | INFO     | src.database.mongodb:insert_book:77 - Inserted new book: Someone Like You (The Harrisons #2) (ID: 69158f78c0abf7fb8a1301c3)
2025-11-13 10:57:44 | INFO     | src.crawler.scraper:_crawl_book:233 - Inserted new book: Someone Like You (The Harrisons #2)
2025-11-13 10:57:44 | INFO     | src.database.mongodb:insert_book:77 - Inserted new book: See America: A Celebration of Our National Parks & Treasured Sites (ID: 69158f78c0abf7fb8a1301c4)
2025-11-13 10:57:44 | INFO     | src.crawler.scraper:_crawl_book:233 - Inserted new book: See America: A Celebration of Our National Parks & Treasured Sites
2025-11-13 10:57:44 | INFO     | src.database.mongodb:insert_book:77 - Inserted new book: Superman Vol. 1: Before Truth (Superman by Gene Luen Yang #1) (ID: 69158f78c0abf7fb8a1301c5)
2025-11-13 10:57:44 | INFO     | src.crawler.scraper:_crawl_book:233 - Inserted new book: Superman Vol. 1: Before Truth (Superman by Gene Luen Yang #1)
2025-11-13 10:57:44 | INFO     | src.database.mongodb:insert_book:77 - Inserted new book: Sorting the Beef from the Bull: The Science of Food Fraud Forensics (ID: 69158f78c0abf7fb8a1301c6)
2025-11-13 10:57:44 | INFO     | src.crawler.scraper:_crawl_book:233 - Inserted new book: Sorting the Beef from the Bull: The Science of Food Fraud Forensics
2025-11-13 10:57:44 | INFO     | src.database.mongodb:insert_book:77 - Inserted new book: Shtum (ID: 69158f78c0abf7fb8a1301c7)
2025-11-13 10:57:44 | INFO     | src.crawler.scraper:_crawl_book:233 - Inserted new book: Shtum
2025-11-13 10:57:44 | INFO     | src.database.mongodb:insert_book:77 - Inserted new book: Still Life with Bread Crumbs (ID: 69158f78c0abf7fb8a1301c9)
2025-11-13 10:57:44 | INFO     | src.crawler.scraper:_crawl_book:233 - Inserted new book: Still Life with Bread Crumbs
2025-11-13 10:57:44 | INFO     | src.database.mongodb:insert_book:77 - Inserted new book: So Cute It Hurts!!, Vol. 6 (So Cute It Hurts!! #6) (ID: 69158f78c0abf7fb8a1301c8)
2025-11-13 10:57:44 | INFO     | src.crawler.scraper:_crawl_book:233 - Inserted new book: So Cute It Hurts!!, Vol. 6 (So Cute It Hurts!! #6)
2025-11-13 10:57:44 | INFO     | src.database.mongodb:insert_book:77 - Inserted new book: salt. (ID: 69158f78c0abf7fb8a1301ca)
2025-11-13 10:57:44 | INFO     | src.crawler.scraper:_crawl_book:233 - Inserted new book: salt.
2025-11-13 10:57:44 | INFO     | src.database.mongodb:insert_book:77 - Inserted new book: Robin War (ID: 69158f78c0abf7fb8a1301cb)
2025-11-13 10:57:44 | INFO     | src.crawler.scraper:_crawl_book:233 - Inserted new book: Robin War
2025-11-13 10:57:44 | INFO     | src.database.mongodb:insert_book:77 - Inserted new book: Rain Fish (ID: 69158f78c0abf7fb8a1301cc)
2025-11-13 10:57:44 | INFO     | src.crawler.scraper:_crawl_book:233 - Inserted new book: Rain Fish
2025-11-13 10:57:44 | INFO     | src.database.mongodb:insert_book:77 - Inserted new book: Red Hood/Arsenal, Vol. 1: Open for Business (Red Hood/Arsenal #1) (ID: 69158f78c0abf7fb8a1301cd)
2025-11-13 10:57:44 | INFO     | src.crawler.scraper:_crawl_book:233 - Inserted new book: Red Hood/Arsenal, Vol. 1: Open for Business (Red Hood/Arsenal #1)
2025-11-13 10:57:44 | INFO     | src.database.mongodb:insert_book:77 - Inserted new book: Quarter Life Poetry: Poems for the Young, Broke and Hangry (ID: 69158f78c0abf7fb8a1301ce)
2025-11-13 10:57:44 | INFO     | src.crawler.scraper:_crawl_book:233 - Inserted new book: Quarter Life Poetry: Poems for the Young, Broke and Hangry
2025-11-13 10:57:44 | INFO     | src.database.mongodb:insert_book:77 - Inserted new book: Pet Sematary (ID: 69158f78c0abf7fb8a1301cf)
2025-11-13 10:57:44 | INFO     | src.crawler.scraper:_crawl_book:233 - Inserted new book: Pet Sematary
2025-11-13 10:57:45 | INFO     | src.database.mongodb:insert_book:77 - Inserted new book: Overload: How to Unplug, Unwind, and Unleash Yourself from the Pressure of Stress (ID: 69158f79c0abf7fb8a1301d0)
2025-11-13 10:57:45 | INFO     | src.crawler.scraper:_crawl_book:233 - Inserted new book: Overload: How to Unplug, Unwind, and Unleash Yourself from the Pressure of Stress
2025-11-13 10:57:45 | INFO     | src.database.mongodb:insert_book:77 - Inserted new book: Once Was a Time (ID: 69158f79c0abf7fb8a1301d1)
2025-11-13 10:57:45 | INFO     | src.crawler.scraper:_crawl_book:233 - Inserted new book: Once Was a Time
2025-11-13 10:57:45 | INFO     | src.database.mongodb:insert_book:77 - Inserted new book: Naruto (3-in-1 Edition), Vol. 14: Includes Vols. 40, 41 & 42 (Naruto: Omnibus #14) (ID: 69158f79c0abf7fb8a1301d3)
2025-11-13 10:57:45 | INFO     | src.crawler.scraper:_crawl_book:233 - Inserted new book: Naruto (3-in-1 Edition), Vol. 14: Includes Vols. 40, 41 & 42 (Naruto: Omnibus #14)
2025-11-13 10:57:45 | INFO     | src.database.mongodb:insert_book:77 - Inserted new book: No Dream Is Too High: Life Lessons From a Man Who Walked on the Moon (ID: 69158f79c0abf7fb8a1301d2)
2025-11-13 10:57:45 | INFO     | src.crawler.scraper:_crawl_book:233 - Inserted new book: No Dream Is Too High: Life Lessons From a Man Who Walked on the Moon
2025-11-13 10:57:45 | INFO     | src.database.mongodb:insert_book:77 - Inserted new book: Old School (Diary of a Wimpy Kid #10) (ID: 69158f79c0abf7fb8a1301d4)
2025-11-13 10:57:45 | INFO     | src.crawler.scraper:_crawl_book:233 - Inserted new book: Old School (Diary of a Wimpy Kid #10)
2025-11-13 10:57:45 | INFO     | src.crawler.scraper:_crawl_catalog:125 - Crawling catalog page 15: https://books.toscrape.com/catalogue/page-15.html
2025-11-13 10:57:45 | INFO     | src.crawler.parser:extract_book_links:169 - Extracted 20 book links from page
2025-11-13 10:57:45 | INFO     | src.crawler.scraper:_crawl_catalog:143 - Found 20 new books on page 15
2025-11-13 10:57:46 | INFO     | src.database.mongodb:insert_book:77 - Inserted new book: My Name Is Lucy Barton (ID: 69158f7ac0abf7fb8a1301d5)
2025-11-13 10:57:46 | INFO     | src.crawler.scraper:_crawl_book:233 - Inserted new book: My Name Is Lucy Barton
2025-11-13 10:57:46 | INFO     | src.database.mongodb:insert_book:77 - Inserted new book: My Mrs. Brown (ID: 69158f7ac0abf7fb8a1301d6)
2025-11-13 10:57:46 | INFO     | src.crawler.scraper:_crawl_book:233 - Inserted new book: My Mrs. Brown
2025-11-13 10:57:46 | INFO     | src.database.mongodb:insert_book:77 - Inserted new book: More Than Music (Chasing the Dream #1) (ID: 69158f7ac0abf7fb8a1301d7)
2025-11-13 10:57:46 | INFO     | src.crawler.scraper:_crawl_book:233 - Inserted new book: More Than Music (Chasing the Dream #1)
2025-11-13 10:57:46 | INFO     | src.database.mongodb:insert_book:77 - Inserted new book: Mr. Mercedes (Bill Hodges Trilogy #1) (ID: 69158f7ac0abf7fb8a1301d9)
2025-11-13 10:57:46 | INFO     | src.crawler.scraper:_crawl_book:233 - Inserted new book: Mr. Mercedes (Bill Hodges Trilogy #1)
2025-11-13 10:57:46 | INFO     | src.database.mongodb:insert_book:77 - Inserted new book: Luckiest Girl Alive (ID: 69158f7ac0abf7fb8a1301d8)
2025-11-13 10:57:46 | INFO     | src.crawler.scraper:_crawl_book:233 - Inserted new book: Luckiest Girl Alive
2025-11-13 10:57:46 | INFO     | src.database.mongodb:insert_book:77 - Inserted new book: Lowriders to the Center of the Earth (Lowriders in Space #2) (ID: 69158f7ac0abf7fb8a1301da)
2025-11-13 10:57:46 | INFO     | src.crawler.scraper:_crawl_book:233 - Inserted new book: Lowriders to the Center of the Earth (Lowriders in Space #2)
2025-11-13 10:57:46 | INFO     | src.database.mongodb:insert_book:77 - Inserted new book: Made to Stick: Why Some Ideas Survive and Others Die (ID: 69158f7ac0abf7fb8a1301db)
2025-11-13 10:57:46 | INFO     | src.crawler.scraper:_crawl_book:233 - Inserted new book: Made to Stick: Why Some Ideas Survive and Others Die
2025-11-13 10:57:46 | INFO     | src.database.mongodb:insert_book:77 - Inserted new book: Luis Paints the World (ID: 69158f7ac0abf7fb8a1301dc)
2025-11-13 10:57:46 | INFO     | src.crawler.scraper:_crawl_book:233 - Inserted new book: Luis Paints the World
2025-11-13 10:57:46 | INFO     | src.database.mongodb:insert_book:77 - Inserted new book: My Kind of Crazy (ID: 69158f7ac0abf7fb8a1301dd)
2025-11-13 10:57:46 | INFO     | src.crawler.scraper:_crawl_book:233 - Inserted new book: My Kind of Crazy
2025-11-13 10:57:46 | INFO     | src.database.mongodb:insert_book:77 - Inserted new book: Love Is a Mix Tape (Music #1) (ID: 69158f7ac0abf7fb8a1301de)
2025-11-13 10:57:46 | INFO     | src.crawler.scraper:_crawl_book:233 - Inserted new book: Love Is a Mix Tape (Music #1)
2025-11-13 10:57:46 | INFO     | src.database.mongodb:insert_book:77 - Inserted new book: Looking for Lovely: Collecting the Moments that Matter (ID: 69158f7ac0abf7fb8a1301df)
2025-11-13 10:57:46 | INFO     | src.crawler.scraper:_crawl_book:233 - Inserted new book: Looking for Lovely: Collecting the Moments that Matter
2025-11-13 10:57:46 | INFO     | src.database.mongodb:insert_book:77 - Inserted new book: Living Leadership by Insight: A Good Leader Achieves, a Great Leader Builds Monuments (ID: 69158f7ac0abf7fb8a1301e0)
2025-11-13 10:57:46 | INFO     | src.crawler.scraper:_crawl_book:233 - Inserted new book: Living Leadership by Insight: A Good Leader Achieves, a Great Leader Builds Monuments
2025-11-13 10:57:47 | INFO     | src.database.mongodb:insert_book:77 - Inserted new book: Lady Midnight (The Dark Artifices #1) (ID: 69158f7bc0abf7fb8a1301e2)
2025-11-13 10:57:47 | INFO     | src.crawler.scraper:_crawl_book:233 - Inserted new book: Lady Midnight (The Dark Artifices #1)
2025-11-13 10:57:47 | INFO     | src.database.mongodb:insert_book:77 - Inserted new book: Let It Out: A Journey Through Journaling (ID: 69158f7bc0abf7fb8a1301e1)
2025-11-13 10:57:47 | INFO     | src.crawler.scraper:_crawl_book:233 - Inserted new book: Let It Out: A Journey Through Journaling
2025-11-13 10:57:47 | INFO     | src.database.mongodb:insert_book:77 - Inserted new book: I Am Pilgrim (Pilgrim #1) (ID: 69158f7bc0abf7fb8a1301e3)
2025-11-13 10:57:47 | INFO     | src.crawler.scraper:_crawl_book:233 - Inserted new book: I Am Pilgrim (Pilgrim #1)
2025-11-13 10:57:47 | INFO     | src.database.mongodb:insert_book:77 - Inserted new book: Hyperbole and a Half: Unfortunate Situations, Flawed Coping Mechanisms, Mayhem, and Other Things That Happened (ID: 69158f7bc0abf7fb8a1301e5)
2025-11-13 10:57:47 | INFO     | src.crawler.scraper:_crawl_book:233 - Inserted new book: Hyperbole and a Half: Unfortunate Situations, Flawed Coping Mechanisms, Mayhem, and Other Things That Happened
2025-11-13 10:57:47 | INFO     | src.database.mongodb:insert_book:77 - Inserted new book: It's All Easy: Healthy, Delicious Weeknight Meals in under 30 Minutes (ID: 69158f7bc0abf7fb8a1301e4)
2025-11-13 10:57:47 | INFO     | src.crawler.scraper:_crawl_book:233 - Inserted new book: It's All Easy: Healthy, Delicious Weeknight Meals in under 30 Minutes
2025-11-13 10:57:47 | INFO     | src.database.mongodb:insert_book:77 - Inserted new book: I Know What I'm Doing -- and Other Lies I Tell Myself: Dispatches from a Life Under Construction (ID: 69158f7bc0abf7fb8a1301e6)
2025-11-13 10:57:47 | INFO     | src.crawler.scraper:_crawl_book:233 - Inserted new book: I Know What I'm Doing -- and Other Lies I Tell Myself: Dispatches from a Life Under Construction
2025-11-13 10:57:47 | INFO     | src.database.mongodb:insert_book:77 - Inserted new book: Hush, Hush (Hush, Hush #1) (ID: 69158f7bc0abf7fb8a1301e7)
2025-11-13 10:57:47 | INFO     | src.crawler.scraper:_crawl_book:233 - Inserted new book: Hush, Hush (Hush, Hush #1)
2025-11-13 10:57:47 | INFO     | src.database.mongodb:insert_book:77 - Inserted new book: Island of Dragons (Unwanteds #7) (ID: 69158f7bc0abf7fb8a1301e8)
2025-11-13 10:57:47 | INFO     | src.crawler.scraper:_crawl_book:233 - Inserted new book: Island of Dragons (Unwanteds #7)
2025-11-13 10:57:47 | INFO     | src.crawler.scraper:_crawl_catalog:125 - Crawling catalog page 16: https://books.toscrape.com/catalogue/page-16.html
2025-11-13 10:57:48 | INFO     | src.crawler.parser:extract_book_links:169 - Extracted 20 book links from page
2025-11-13 10:57:48 | INFO     | src.crawler.scraper:_crawl_catalog:143 - Found 20 new books on page 16
2025-11-13 10:57:48 | INFO     | src.database.mongodb:insert_book:77 - Inserted new book: Hold Your Breath (Search and Rescue #1) (ID: 69158f7cc0abf7fb8a1301e9)
2025-11-13 10:57:48 | INFO     | src.crawler.scraper:_crawl_book:233 - Inserted new book: Hold Your Breath (Search and Rescue #1)
2025-11-13 10:57:48 | INFO     | src.database.mongodb:insert_book:77 - Inserted new book: Hamilton: The Revolution (ID: 69158f7cc0abf7fb8a1301ea)
2025-11-13 10:57:48 | INFO     | src.crawler.scraper:_crawl_book:233 - Inserted new book: Hamilton: The Revolution
2025-11-13 10:57:48 | INFO     | src.database.mongodb:insert_book:77 - Inserted new book: Glory over Everything: Beyond The Kitchen House (ID: 69158f7cc0abf7fb8a1301eb)
2025-11-13 10:57:48 | INFO     | src.crawler.scraper:_crawl_book:233 - Inserted new book: Glory over Everything: Beyond The Kitchen House
2025-11-13 10:57:48 | INFO     | src.database.mongodb:insert_book:77 - Inserted new book: Every Last Word (ID: 69158f7cc0abf7fb8a1301ec)
2025-11-13 10:57:48 | INFO     | src.crawler.scraper:_crawl_book:233 - Inserted new book: Every Last Word
2025-11-13 10:57:48 | INFO     | src.database.mongodb:insert_book:77 - Inserted new book: Eligible (The Austen Project #4) (ID: 69158f7cc0abf7fb8a1301ef)
2025-11-13 10:57:48 | INFO     | src.crawler.scraper:_crawl_book:233 - Inserted new book: Eligible (The Austen Project #4)
2025-11-13 10:57:48 | INFO     | src.database.mongodb:insert_book:77 - Inserted new book: God: The Most Unpleasant Character in All Fiction (ID: 69158f7cc0abf7fb8a1301ed)
2025-11-13 10:57:48 | INFO     | src.crawler.scraper:_crawl_book:233 - Inserted new book: God: The Most Unpleasant Character in All Fiction
2025-11-13 10:57:48 | INFO     | src.database.mongodb:insert_book:77 - Inserted new book: Far & Away: Places on the Brink of Change: Seven Continents, Twenty-Five Years (ID: 69158f7cc0abf7fb8a1301f1)
2025-11-13 10:57:48 | INFO     | src.crawler.scraper:_crawl_book:233 - Inserted new book: Far & Away: Places on the Brink of Change: Seven Continents, Twenty-Five Years
2025-11-13 10:57:48 | INFO     | src.database.mongodb:insert_book:77 - Inserted new book: Eight Hundred Grapes (ID: 69158f7cc0abf7fb8a1301f0)
2025-11-13 10:57:48 | INFO     | src.crawler.scraper:_crawl_book:233 - Inserted new book: Eight Hundred Grapes
2025-11-13 10:57:48 | INFO     | src.database.mongodb:insert_book:77 - Inserted new book: Greek Mythic History (ID: 69158f7cc0abf7fb8a1301f2)
2025-11-13 10:57:48 | INFO     | src.crawler.scraper:_crawl_book:233 - Inserted new book: Greek Mythic History
2025-11-13 10:57:48 | INFO     | src.database.mongodb:insert_book:77 - Inserted new book: Feathers: Displays of Brilliant Plumage (ID: 69158f7cc0abf7fb8a1301ee)
2025-11-13 10:57:48 | INFO     | src.crawler.scraper:_crawl_book:233 - Inserted new book: Feathers: Displays of Brilliant Plumage
2025-11-13 10:57:48 | INFO     | src.database.mongodb:insert_book:77 - Inserted new book: El Deafo (ID: 69158f7cc0abf7fb8a1301f3)
2025-11-13 10:57:48 | INFO     | src.crawler.scraper:_crawl_book:233 - Inserted new book: El Deafo
2025-11-13 10:57:49 | INFO     | src.database.mongodb:insert_book:77 - Inserted new book: Eaternity: More than 150 Deliciously Easy Vegan Recipes for a Long, Healthy, Satisfied, Joyful Life (ID: 69158f7dc0abf7fb8a1301f4)
2025-11-13 10:57:49 | INFO     | src.crawler.scraper:_crawl_book:233 - Inserted new book: Eaternity: More than 150 Deliciously Easy Vegan Recipes for a Long, Healthy, Satisfied, Joyful Life
2025-11-13 10:57:49 | INFO     | src.database.mongodb:insert_book:77 - Inserted new book: Eat Fat, Get Thin (ID: 69158f7dc0abf7fb8a1301f5)
2025-11-13 10:57:49 | INFO     | src.crawler.scraper:_crawl_book:233 - Inserted new book: Eat Fat, Get Thin
2025-11-13 10:57:49 | INFO     | src.database.mongodb:insert_book:77 - Inserted new book: Don't Get Caught (ID: 69158f7dc0abf7fb8a1301f6)
2025-11-13 10:57:49 | INFO     | src.crawler.scraper:_crawl_book:233 - Inserted new book: Don't Get Caught
2025-11-13 10:57:49 | INFO     | src.database.mongodb:insert_book:77 - Inserted new book: Doctor Sleep (The Shining #2) (ID: 69158f7dc0abf7fb8a1301f7)
2025-11-13 10:57:49 | INFO     | src.crawler.scraper:_crawl_book:233 - Inserted new book: Doctor Sleep (The Shining #2)
2025-11-13 10:57:49 | INFO     | src.database.mongodb:insert_book:77 - Inserted new book: Daily Fantasy Sports (ID: 69158f7dc0abf7fb8a1301f8)
2025-11-13 10:57:49 | INFO     | src.crawler.scraper:_crawl_book:233 - Inserted new book: Daily Fantasy Sports
2025-11-13 10:57:49 | INFO     | src.database.mongodb:insert_book:77 - Inserted new book: Demigods & Magicians: Percy and Annabeth Meet the Kanes (Percy Jackson & Kane Chronicles Crossover #1-3) (ID: 69158f7dc0abf7fb8a1301f9)
2025-11-13 10:57:49 | INFO     | src.crawler.scraper:_crawl_book:233 - Inserted new book: Demigods & Magicians: Percy and Annabeth Meet the Kanes (Percy Jackson & Kane Chronicles Crossover #1-3)
2025-11-13 10:57:49 | INFO     | src.database.mongodb:insert_book:77 - Inserted new book: Cometh the Hour (The Clifton Chronicles #6) (ID: 69158f7dc0abf7fb8a1301fa)
2025-11-13 10:57:49 | INFO     | src.crawler.scraper:_crawl_book:233 - Inserted new book: Cometh the Hour (The Clifton Chronicles #6)
2025-11-13 10:57:49 | INFO     | src.database.mongodb:insert_book:77 - Inserted new book: Crazy Love: Overwhelmed by a Relentless God (ID: 69158f7dc0abf7fb8a1301fb)
2025-11-13 10:57:49 | INFO     | src.crawler.scraper:_crawl_book:233 - Inserted new book: Crazy Love: Overwhelmed by a Relentless God
2025-11-13 10:57:49 | INFO     | src.database.mongodb:insert_book:77 - Inserted new book: Dear Mr. Knightley (ID: 69158f7dc0abf7fb8a1301fc)
2025-11-13 10:57:49 | INFO     | src.crawler.scraper:_crawl_book:233 - Inserted new book: Dear Mr. Knightley
2025-11-13 10:57:49 | INFO     | src.crawler.scraper:_crawl_catalog:125 - Crawling catalog page 17: https://books.toscrape.com/catalogue/page-17.html
2025-11-13 10:57:50 | INFO     | src.crawler.parser:extract_book_links:169 - Extracted 20 book links from page
2025-11-13 10:57:50 | INFO     | src.crawler.scraper:_crawl_catalog:143 - Found 20 new books on page 17
2025-11-13 10:57:50 | INFO     | src.database.mongodb:insert_book:77 - Inserted new book: Code Name Verity (Code Name Verity #1) (ID: 69158f7ec0abf7fb8a1301fd)
2025-11-13 10:57:50 | INFO     | src.crawler.scraper:_crawl_book:233 - Inserted new book: Code Name Verity (Code Name Verity #1)
2025-11-13 10:57:50 | INFO     | src.database.mongodb:insert_book:77 - Inserted new book: City of Fallen Angels (The Mortal Instruments #4) (ID: 69158f7ec0abf7fb8a1301fe)
2025-11-13 10:57:50 | INFO     | src.crawler.scraper:_crawl_book:233 - Inserted new book: City of Fallen Angels (The Mortal Instruments #4)
2025-11-13 10:57:51 | INFO     | src.database.mongodb:insert_book:77 - Inserted new book: Catching Jordan (Hundred Oaks) (ID: 69158f7fc0abf7fb8a130200)
2025-11-13 10:57:51 | INFO     | src.crawler.scraper:_crawl_book:233 - Inserted new book: Catching Jordan (Hundred Oaks)
2025-11-13 10:57:51 | INFO     | src.database.mongodb:insert_book:77 - Inserted new book: Clockwork Angel (The Infernal Devices #1) (ID: 69158f7fc0abf7fb8a1301ff)
2025-11-13 10:57:51 | INFO     | src.crawler.scraper:_crawl_book:233 - Inserted new book: Clockwork Angel (The Infernal Devices #1)
2025-11-13 10:57:51 | INFO     | src.database.mongodb:insert_book:77 - Inserted new book: City of Bones (The Mortal Instruments #1) (ID: 69158f7fc0abf7fb8a130201)
2025-11-13 10:57:51 | INFO     | src.crawler.scraper:_crawl_book:233 - Inserted new book: City of Bones (The Mortal Instruments #1)
2025-11-13 10:57:51 | INFO     | src.database.mongodb:insert_book:77 - Inserted new book: City of Ashes (The Mortal Instruments #2) (ID: 69158f7fc0abf7fb8a130202)
2025-11-13 10:57:51 | INFO     | src.crawler.scraper:_crawl_book:233 - Inserted new book: City of Ashes (The Mortal Instruments #2)
2025-11-13 10:57:51 | INFO     | src.database.mongodb:insert_book:77 - Inserted new book: Buying In: The Secret Dialogue Between What We Buy and Who We Are (ID: 69158f7fc0abf7fb8a130203)
2025-11-13 10:57:51 | INFO     | src.crawler.scraper:_crawl_book:233 - Inserted new book: Buying In: The Secret Dialogue Between What We Buy and Who We Are
2025-11-13 10:57:51 | INFO     | src.database.mongodb:insert_book:77 - Inserted new book: Brain on Fire: My Month of Madness (ID: 69158f7fc0abf7fb8a130204)
2025-11-13 10:57:51 | INFO     | src.crawler.scraper:_crawl_book:233 - Inserted new book: Brain on Fire: My Month of Madness
2025-11-13 10:57:51 | INFO     | src.database.mongodb:insert_book:77 - Inserted new book: Carry On, Warrior: Thoughts on Life Unarmed (ID: 69158f7fc0abf7fb8a130205)
2025-11-13 10:57:51 | INFO     | src.crawler.scraper:_crawl_book:233 - Inserted new book: Carry On, Warrior: Thoughts on Life Unarmed
2025-11-13 10:57:51 | INFO     | src.database.mongodb:insert_book:77 - Inserted new book: Cell (ID: 69158f7fc0abf7fb8a130206)
2025-11-13 10:57:51 | INFO     | src.crawler.scraper:_crawl_book:233 - Inserted new book: Cell
2025-11-13 10:57:51 | INFO     | src.database.mongodb:insert_book:77 - Inserted new book: City of Glass (The Mortal Instruments #3) (ID: 69158f7fc0abf7fb8a130207)
2025-11-13 10:57:51 | INFO     | src.crawler.scraper:_crawl_book:233 - Inserted new book: City of Glass (The Mortal Instruments #3)
2025-11-13 10:57:51 | INFO     | src.database.mongodb:insert_book:77 - Inserted new book: Carrie (ID: 69158f7fc0abf7fb8a130208)
2025-11-13 10:57:51 | INFO     | src.crawler.scraper:_crawl_book:233 - Inserted new book: Carrie
2025-11-13 10:57:51 | INFO     | src.database.mongodb:insert_book:77 - Inserted new book: Batman: Europa (ID: 69158f7fc0abf7fb8a130209)
2025-11-13 10:57:51 | INFO     | src.crawler.scraper:_crawl_book:233 - Inserted new book: Batman: Europa
2025-11-13 10:57:51 | INFO     | src.database.mongodb:insert_book:77 - Inserted new book: Barefoot Contessa Back to Basics (ID: 69158f7fc0abf7fb8a13020a)
2025-11-13 10:57:51 | INFO     | src.crawler.scraper:_crawl_book:233 - Inserted new book: Barefoot Contessa Back to Basics
2025-11-13 10:57:51 | INFO     | src.database.mongodb:insert_book:77 - Inserted new book: Barefoot Contessa at Home: Everyday Recipes You'll Make Over and Over Again (ID: 69158f7fc0abf7fb8a13020b)
2025-11-13 10:57:51 | INFO     | src.crawler.scraper:_crawl_book:233 - Inserted new book: Barefoot Contessa at Home: Everyday Recipes You'll Make Over and Over Again
2025-11-13 10:57:51 | INFO     | src.database.mongodb:insert_book:77 - Inserted new book: Balloon Animals (ID: 69158f7fc0abf7fb8a13020c)
2025-11-13 10:57:51 | INFO     | src.crawler.scraper:_crawl_book:233 - Inserted new book: Balloon Animals
2025-11-13 10:57:51 | INFO     | src.database.mongodb:insert_book:77 - Inserted new book: Angels Walking (Angels Walking #1) (ID: 69158f7fc0abf7fb8a13020d)
2025-11-13 10:57:51 | INFO     | src.crawler.scraper:_crawl_book:233 - Inserted new book: Angels Walking (Angels Walking #1)
2025-11-13 10:57:51 | INFO     | src.database.mongodb:insert_book:77 - Inserted new book: Aristotle and Dante Discover the Secrets of the Universe (Aristotle and Dante Discover the Secrets of the Universe #1) (ID: 69158f7fc0abf7fb8a13020e)
2025-11-13 10:57:51 | INFO     | src.crawler.scraper:_crawl_book:233 - Inserted new book: Aristotle and Dante Discover the Secrets of the Universe (Aristotle and Dante Discover the Secrets of the Universe #1)
2025-11-13 10:57:51 | INFO     | src.database.mongodb:insert_book:77 - Inserted new book: Angels & Demons (Robert Langdon #1) (ID: 69158f7fc0abf7fb8a130210)
2025-11-13 10:57:51 | INFO     | src.crawler.scraper:_crawl_book:233 - Inserted new book: Angels & Demons (Robert Langdon #1)
2025-11-13 10:57:51 | INFO     | src.database.mongodb:insert_book:77 - Inserted new book: Art Ops Vol. 1 (ID: 69158f7fc0abf7fb8a13020f)
2025-11-13 10:57:51 | INFO     | src.crawler.scraper:_crawl_book:233 - Inserted new book: Art Ops Vol. 1
2025-11-13 10:57:51 | INFO     | src.crawler.scraper:_crawl_catalog:125 - Crawling catalog page 18: https://books.toscrape.com/catalogue/page-18.html
2025-11-13 10:57:52 | INFO     | src.crawler.parser:extract_book_links:169 - Extracted 20 book links from page
2025-11-13 10:57:52 | INFO     | src.crawler.scraper:_crawl_catalog:143 - Found 20 new books on page 18
2025-11-13 10:57:52 | INFO     | src.database.mongodb:insert_book:77 - Inserted new book: All the Light We Cannot See (ID: 69158f80c0abf7fb8a130211)
2025-11-13 10:57:52 | INFO     | src.crawler.scraper:_crawl_book:233 - Inserted new book: All the Light We Cannot See
2025-11-13 10:57:52 | INFO     | src.database.mongodb:insert_book:77 - Inserted new book: A Study in Scarlet (Sherlock Holmes #1) (ID: 69158f80c0abf7fb8a130212)
2025-11-13 10:57:52 | INFO     | src.crawler.scraper:_crawl_book:233 - Inserted new book: A Study in Scarlet (Sherlock Holmes #1)
2025-11-13 10:57:52 | INFO     | src.database.mongodb:insert_book:77 - Inserted new book: A Series of Catastrophes and Miracles: A True Story of Love, Science, and Cancer (ID: 69158f80c0abf7fb8a130215)
2025-11-13 10:57:52 | INFO     | src.crawler.scraper:_crawl_book:233 - Inserted new book: A Series of Catastrophes and Miracles: A True Story of Love, Science, and Cancer
2025-11-13 10:57:52 | INFO     | src.database.mongodb:insert_book:77 - Inserted new book: A Time of Torment (Charlie Parker #14) (ID: 69158f80c0abf7fb8a130213)
2025-11-13 10:57:52 | INFO     | src.crawler.scraper:_crawl_book:233 - Inserted new book: A Time of Torment (Charlie Parker #14)
2025-11-13 10:57:52 | INFO     | src.database.mongodb:insert_book:77 - Inserted new book: A People's History of the United States (ID: 69158f80c0abf7fb8a130216)
2025-11-13 10:57:52 | INFO     | src.crawler.scraper:_crawl_book:233 - Inserted new book: A People's History of the United States
2025-11-13 10:57:52 | INFO     | src.database.mongodb:insert_book:77 - Inserted new book: A Distant Mirror: The Calamitous 14th Century (ID: 69158f80c0abf7fb8a130214)
2025-11-13 10:57:52 | INFO     | src.crawler.scraper:_crawl_book:233 - Inserted new book: A Distant Mirror: The Calamitous 14th Century
2025-11-13 10:57:53 | INFO     | src.database.mongodb:insert_book:77 - Inserted new book: Adulthood Is a Myth: A "Sarah's Scribbles" Collection (ID: 69158f81c0abf7fb8a130217)
2025-11-13 10:57:53 | INFO     | src.crawler.scraper:_crawl_book:233 - Inserted new book: Adulthood Is a Myth: A "Sarah's Scribbles" Collection
2025-11-13 10:57:53 | INFO     | src.database.mongodb:insert_book:77 - Inserted new book: A Man Called Ove (ID: 69158f81c0abf7fb8a130218)
2025-11-13 10:57:53 | INFO     | src.crawler.scraper:_crawl_book:233 - Inserted new book: A Man Called Ove
2025-11-13 10:57:53 | INFO     | src.database.mongodb:insert_book:77 - Inserted new book: Abstract City (ID: 69158f81c0abf7fb8a130219)
2025-11-13 10:57:53 | INFO     | src.crawler.scraper:_crawl_book:233 - Inserted new book: Abstract City
2025-11-13 10:57:53 | INFO     | src.database.mongodb:insert_book:77 - Inserted new book: A Brush of Wings (Angels Walking #3) (ID: 69158f81c0abf7fb8a13021a)
2025-11-13 10:57:53 | INFO     | src.crawler.scraper:_crawl_book:233 - Inserted new book: A Brush of Wings (Angels Walking #3)
2025-11-13 10:57:53 | INFO     | src.database.mongodb:insert_book:77 - Inserted new book: The Three Searches, Meaning, and the Story (ID: 69158f81c0abf7fb8a13021b)
2025-11-13 10:57:53 | INFO     | src.crawler.scraper:_crawl_book:233 - Inserted new book: The Three Searches, Meaning, and the Story
2025-11-13 10:57:53 | INFO     | src.database.mongodb:insert_book:77 - Inserted new book: 1491: New Revelations of the Americas Before Columbus (ID: 69158f81c0abf7fb8a13021c)
2025-11-13 10:57:53 | INFO     | src.crawler.scraper:_crawl_book:233 - Inserted new book: 1491: New Revelations of the Americas Before Columbus
2025-11-13 10:57:53 | INFO     | src.database.mongodb:insert_book:77 - Inserted new book: Searching for Meaning in Gailana (ID: 69158f81c0abf7fb8a13021d)
2025-11-13 10:57:53 | INFO     | src.crawler.scraper:_crawl_book:233 - Inserted new book: Searching for Meaning in Gailana
2025-11-13 10:57:53 | INFO     | src.database.mongodb:insert_book:77 - Inserted new book: 13 Hours: The Inside Account of What Really Happened In Benghazi (ID: 69158f81c0abf7fb8a13021e)
2025-11-13 10:57:53 | INFO     | src.crawler.scraper:_crawl_book:233 - Inserted new book: 13 Hours: The Inside Account of What Really Happened In Benghazi
2025-11-13 10:57:53 | INFO     | src.database.mongodb:insert_book:77 - Inserted new book: My Kitchen Year: 136 Recipes That Saved My Life (ID: 69158f81c0abf7fb8a13021f)
2025-11-13 10:57:53 | INFO     | src.crawler.scraper:_crawl_book:233 - Inserted new book: My Kitchen Year: 136 Recipes That Saved My Life
2025-11-13 10:57:53 | INFO     | src.database.mongodb:insert_book:77 - Inserted new book: Rook (ID: 69158f81c0abf7fb8a130220)
2025-11-13 10:57:53 | INFO     | src.crawler.scraper:_crawl_book:233 - Inserted new book: Rook
2025-11-13 10:57:53 | INFO     | src.database.mongodb:insert_book:77 - Inserted new book: Tipping Point for Planet Earth: How Close Are We to the Edge? (ID: 69158f81c0abf7fb8a130222)
2025-11-13 10:57:53 | INFO     | src.crawler.scraper:_crawl_book:233 - Inserted new book: Tipping Point for Planet Earth: How Close Are We to the Edge?
2025-11-13 10:57:53 | INFO     | src.database.mongodb:insert_book:77 - Inserted new book: Will You Won't You Want Me? (ID: 69158f81c0abf7fb8a130221)
2025-11-13 10:57:53 | INFO     | src.crawler.scraper:_crawl_book:233 - Inserted new book: Will You Won't You Want Me?
2025-11-13 10:57:53 | INFO     | src.database.mongodb:insert_book:77 - Inserted new book: The Star-Touched Queen (ID: 69158f81c0abf7fb8a130223)
2025-11-13 10:57:53 | INFO     | src.crawler.scraper:_crawl_book:233 - Inserted new book: The Star-Touched Queen
2025-11-13 10:57:53 | INFO     | src.database.mongodb:insert_book:77 - Inserted new book: The Silent Sister (Riley MacPherson #1) (ID: 69158f81c0abf7fb8a130224)
2025-11-13 10:57:53 | INFO     | src.crawler.scraper:_crawl_book:233 - Inserted new book: The Silent Sister (Riley MacPherson #1)
2025-11-13 10:57:53 | INFO     | src.crawler.scraper:_crawl_catalog:125 - Crawling catalog page 19: https://books.toscrape.com/catalogue/page-19.html
2025-11-13 10:57:54 | INFO     | src.crawler.parser:extract_book_links:169 - Extracted 20 book links from page
2025-11-13 10:57:54 | INFO     | src.crawler.scraper:_crawl_catalog:143 - Found 20 new books on page 19
2025-11-13 10:57:54 | INFO     | src.database.mongodb:insert_book:77 - Inserted new book: The Midnight Watch: A Novel of the Titanic and the Californian (ID: 69158f82c0abf7fb8a130225)
2025-11-13 10:57:54 | INFO     | src.crawler.scraper:_crawl_book:233 - Inserted new book: The Midnight Watch: A Novel of the Titanic and the Californian
2025-11-13 10:57:54 | INFO     | src.database.mongodb:insert_book:77 - Inserted new book: The Epidemic (The Program 0.6) (ID: 69158f82c0abf7fb8a130226)
2025-11-13 10:57:54 | INFO     | src.crawler.scraper:_crawl_book:233 - Inserted new book: The Epidemic (The Program 0.6)
2025-11-13 10:57:54 | INFO     | src.database.mongodb:insert_book:77 - Inserted new book: The Golden Condom: And Other Essays on Love Lost and Found (ID: 69158f82c0abf7fb8a130227)
2025-11-13 10:57:54 | INFO     | src.crawler.scraper:_crawl_book:233 - Inserted new book: The Golden Condom: And Other Essays on Love Lost and Found
2025-11-13 10:57:54 | INFO     | src.database.mongodb:insert_book:77 - Inserted new book: The Diary of a Young Girl (ID: 69158f82c0abf7fb8a130228)
2025-11-13 10:57:54 | INFO     | src.crawler.scraper:_crawl_book:233 - Inserted new book: The Diary of a Young Girl
2025-11-13 10:57:54 | INFO     | src.database.mongodb:insert_book:77 - Inserted new book: The Dinner Party (ID: 69158f82c0abf7fb8a130229)
2025-11-13 10:57:54 | INFO     | src.crawler.scraper:_crawl_book:233 - Inserted new book: The Dinner Party
2025-11-13 10:57:54 | INFO     | src.database.mongodb:insert_book:77 - Inserted new book: Snatched: How A Drug Queen Went Undercover for the DEA and Was Kidnapped By Colombian Guerillas (ID: 69158f82c0abf7fb8a13022a)
2025-11-13 10:57:54 | INFO     | src.crawler.scraper:_crawl_book:233 - Inserted new book: Snatched: How A Drug Queen Went Undercover for the DEA and Was Kidnapped By Colombian Guerillas
2025-11-13 10:57:54 | INFO     | src.database.mongodb:insert_book:77 - Inserted new book: The Lonely City: Adventures in the Art of Being Alone (ID: 69158f82c0abf7fb8a13022b)
2025-11-13 10:57:54 | INFO     | src.crawler.scraper:_crawl_book:233 - Inserted new book: The Lonely City: Adventures in the Art of Being Alone
2025-11-13 10:57:54 | INFO     | src.database.mongodb:insert_book:77 - Inserted new book: The Children (ID: 69158f82c0abf7fb8a13022c)
2025-11-13 10:57:54 | INFO     | src.crawler.scraper:_crawl_book:233 - Inserted new book: The Children
2025-11-13 10:57:54 | INFO     | src.database.mongodb:insert_book:77 - Inserted new book: Stars Above (The Lunar Chronicles #4.5) (ID: 69158f82c0abf7fb8a13022d)
2025-11-13 10:57:54 | INFO     | src.crawler.scraper:_crawl_book:233 - Inserted new book: Stars Above (The Lunar Chronicles #4.5)
2025-11-13 10:57:54 | INFO     | src.database.mongodb:insert_book:77 - Inserted new book: The Gray Rhino: How to Recognize and Act on the Obvious Dangers We Ignore (ID: 69158f82c0abf7fb8a13022e)
2025-11-13 10:57:54 | INFO     | src.crawler.scraper:_crawl_book:233 - Inserted new book: The Gray Rhino: How to Recognize and Act on the Obvious Dangers We Ignore
2025-11-13 10:57:54 | INFO     | src.database.mongodb:insert_book:77 - Inserted new book: Raspberry Pi Electronics Projects for the Evil Genius (ID: 69158f82c0abf7fb8a13022f)
2025-11-13 10:57:54 | INFO     | src.crawler.scraper:_crawl_book:233 - Inserted new book: Raspberry Pi Electronics Projects for the Evil Genius
2025-11-13 10:57:54 | INFO     | src.database.mongodb:insert_book:77 - Inserted new book: Psycho: Sanitarium (Psycho #1.5) (ID: 69158f82c0abf7fb8a130233)
2025-11-13 10:57:54 | INFO     | src.crawler.scraper:_crawl_book:233 - Inserted new book: Psycho: Sanitarium (Psycho #1.5)
2025-11-13 10:57:54 | INFO     | src.database.mongodb:insert_book:77 - Inserted new book: Quench Your Own Thirst: Business Lessons Learned Over a Beer or Two (ID: 69158f82c0abf7fb8a130230)
2025-11-13 10:57:54 | INFO     | src.crawler.scraper:_crawl_book:233 - Inserted new book: Quench Your Own Thirst: Business Lessons Learned Over a Beer or Two
2025-11-13 10:57:54 | INFO     | src.database.mongodb:insert_book:77 - Inserted new book: No Love Allowed (Dodge Cove #1) (ID: 69158f82c0abf7fb8a130232)
2025-11-13 10:57:54 | INFO     | src.crawler.scraper:_crawl_book:233 - Inserted new book: No Love Allowed (Dodge Cove #1)
2025-11-13 10:57:54 | INFO     | src.database.mongodb:insert_book:77 - Inserted new book: One with You (Crossfire #5) (ID: 69158f82c0abf7fb8a130231)
2025-11-13 10:57:54 | INFO     | src.crawler.scraper:_crawl_book:233 - Inserted new book: One with You (Crossfire #5)
2025-11-13 10:57:54 | INFO     | src.database.mongodb:insert_book:77 - Inserted new book: Poisonous (Max Revere Novels #3) (ID: 69158f82c0abf7fb8a130234)
2025-11-13 10:57:54 | INFO     | src.crawler.scraper:_crawl_book:233 - Inserted new book: Poisonous (Max Revere Novels #3)
2025-11-13 10:57:55 | INFO     | src.database.mongodb:insert_book:77 - Inserted new book: Most Wanted (ID: 69158f83c0abf7fb8a130236)
2025-11-13 10:57:55 | INFO     | src.crawler.scraper:_crawl_book:233 - Inserted new book: Most Wanted
2025-11-13 10:57:55 | INFO     | src.database.mongodb:insert_book:77 - Inserted new book: Murder at the 42nd Street Library (Raymond Ambler #1) (ID: 69158f83c0abf7fb8a130235)
2025-11-13 10:57:55 | INFO     | src.crawler.scraper:_crawl_book:233 - Inserted new book: Murder at the 42nd Street Library (Raymond Ambler #1)
2025-11-13 10:57:55 | INFO     | src.database.mongodb:insert_book:77 - Inserted new book: Love, Lies and Spies (ID: 69158f83c0abf7fb8a130237)
2025-11-13 10:57:55 | INFO     | src.crawler.scraper:_crawl_book:233 - Inserted new book: Love, Lies and Spies
2025-11-13 10:57:55 | INFO     | src.database.mongodb:insert_book:77 - Inserted new book: How to Speak Golf: An Illustrated Guide to Links Lingo (ID: 69158f83c0abf7fb8a130238)
2025-11-13 10:57:55 | INFO     | src.crawler.scraper:_crawl_book:233 - Inserted new book: How to Speak Golf: An Illustrated Guide to Links Lingo
2025-11-13 10:57:55 | INFO     | src.crawler.scraper:_crawl_catalog:125 - Crawling catalog page 20: https://books.toscrape.com/catalogue/page-20.html
2025-11-13 10:57:55 | INFO     | src.crawler.parser:extract_book_links:169 - Extracted 20 book links from page
2025-11-13 10:57:55 | INFO     | src.crawler.scraper:_crawl_catalog:143 - Found 20 new books on page 20
2025-11-13 10:57:56 | INFO     | src.database.mongodb:insert_book:77 - Inserted new book: Hide Away (Eve Duncan #20) (ID: 69158f84c0abf7fb8a130239)
2025-11-13 10:57:56 | INFO     | src.crawler.scraper:_crawl_book:233 - Inserted new book: Hide Away (Eve Duncan #20)
2025-11-13 10:57:56 | INFO     | src.database.mongodb:insert_book:77 - Inserted new book: Equal Is Unfair: America's Misguided Fight Against Income Inequality (ID: 69158f84c0abf7fb8a13023a)
2025-11-13 10:57:56 | INFO     | src.crawler.scraper:_crawl_book:233 - Inserted new book: Equal Is Unfair: America's Misguided Fight Against Income Inequality
2025-11-13 10:57:56 | INFO     | src.database.mongodb:insert_book:77 - Inserted new book: Furiously Happy: A Funny Book About Horrible Things (ID: 69158f84c0abf7fb8a13023b)
2025-11-13 10:57:56 | INFO     | src.crawler.scraper:_crawl_book:233 - Inserted new book: Furiously Happy: A Funny Book About Horrible Things
2025-11-13 10:57:56 | INFO     | src.database.mongodb:insert_book:77 - Inserted new book: Eleanor & Park (ID: 69158f84c0abf7fb8a13023c)
2025-11-13 10:57:56 | INFO     | src.crawler.scraper:_crawl_book:233 - Inserted new book: Eleanor & Park
2025-11-13 10:57:56 | INFO     | src.database.mongodb:insert_book:77 - Inserted new book: Boar Island (Anna Pigeon #19) (ID: 69158f84c0abf7fb8a13023d)
2025-11-13 10:57:56 | INFO     | src.crawler.scraper:_crawl_book:233 - Inserted new book: Boar Island (Anna Pigeon #19)
2025-11-13 10:57:56 | INFO     | src.database.mongodb:insert_book:77 - Inserted new book: Can You Keep a Secret? (Fear Street Relaunch #4) (ID: 69158f84c0abf7fb8a130240)
2025-11-13 10:57:56 | INFO     | src.crawler.scraper:_crawl_book:233 - Inserted new book: Can You Keep a Secret? (Fear Street Relaunch #4)
2025-11-13 10:57:56 | INFO     | src.database.mongodb:insert_book:77 - Inserted new book: Everyday Italian: 125 Simple and Delicious Recipes (ID: 69158f84c0abf7fb8a130241)
2025-11-13 10:57:56 | INFO     | src.crawler.scraper:_crawl_book:233 - Inserted new book: Everyday Italian: 125 Simple and Delicious Recipes
2025-11-13 10:57:56 | INFO     | src.database.mongodb:insert_book:77 - Inserted new book: Dirty (Dive Bar #1) (ID: 69158f84c0abf7fb8a13023e)
2025-11-13 10:57:56 | INFO     | src.crawler.scraper:_crawl_book:233 - Inserted new book: Dirty (Dive Bar #1)
2025-11-13 10:57:56 | INFO     | src.database.mongodb:insert_book:77 - Inserted new book: A Paris Apartment (ID: 69158f84c0abf7fb8a13023f)
2025-11-13 10:57:56 | INFO     | src.crawler.scraper:_crawl_book:233 - Inserted new book: A Paris Apartment
2025-11-13 10:57:56 | INFO     | src.database.mongodb:insert_book:77 - Inserted new book: A la Mode: 120 Recipes in 60 Pairings: Pies, Tarts, Cakes, Crisps, and More Topped with Ice Cream, Gelato, Frozen Custard, and More (ID: 69158f84c0abf7fb8a130242)
2025-11-13 10:57:56 | INFO     | src.crawler.scraper:_crawl_book:233 - Inserted new book: A la Mode: 120 Recipes in 60 Pairings: Pies, Tarts, Cakes, Crisps, and More Topped with Ice Cream, Gelato, Frozen Custard, and More
2025-11-13 10:57:56 | INFO     | src.database.mongodb:insert_book:77 - Inserted new book: Troublemaker: Surviving Hollywood and Scientology (ID: 69158f84c0abf7fb8a130243)
2025-11-13 10:57:56 | INFO     | src.crawler.scraper:_crawl_book:233 - Inserted new book: Troublemaker: Surviving Hollywood and Scientology
2025-11-13 10:57:56 | INFO     | src.database.mongodb:insert_book:77 - Inserted new book: The Widow (ID: 69158f84c0abf7fb8a130244)
2025-11-13 10:57:56 | INFO     | src.crawler.scraper:_crawl_book:233 - Inserted new book: The Widow
2025-11-13 10:57:57 | INFO     | src.database.mongodb:insert_book:77 - Inserted new book: The Sleep Revolution: Transforming Your Life, One Night at a Time (ID: 69158f85c0abf7fb8a130245)
2025-11-13 10:57:57 | INFO     | src.crawler.scraper:_crawl_book:233 - Inserted new book: The Sleep Revolution: Transforming Your Life, One Night at a Time
2025-11-13 10:57:57 | INFO     | src.database.mongodb:insert_book:77 - Inserted new book: The Improbability of Love (ID: 69158f85c0abf7fb8a130246)
2025-11-13 10:57:57 | INFO     | src.crawler.scraper:_crawl_book:233 - Inserted new book: The Improbability of Love
2025-11-13 10:57:57 | INFO     | src.database.mongodb:insert_book:77 - Inserted new book: The Art of Startup Fundraising (ID: 69158f85c0abf7fb8a130247)
2025-11-13 10:57:57 | INFO     | src.crawler.scraper:_crawl_book:233 - Inserted new book: The Art of Startup Fundraising
2025-11-13 10:57:57 | INFO     | src.database.mongodb:insert_book:77 - Inserted new book: Take Me Home Tonight (Rock Star Romance #3) (ID: 69158f85c0abf7fb8a130248)
2025-11-13 10:57:57 | INFO     | src.crawler.scraper:_crawl_book:233 - Inserted new book: Take Me Home Tonight (Rock Star Romance #3)
2025-11-13 10:57:57 | INFO     | src.database.mongodb:insert_book:77 - Inserted new book: Playing with Fire (ID: 69158f85c0abf7fb8a130249)
2025-11-13 10:57:57 | INFO     | src.crawler.scraper:_crawl_book:233 - Inserted new book: Playing with Fire
2025-11-13 10:57:57 | INFO     | src.database.mongodb:insert_book:77 - Inserted new book: Sleeping Giants (Themis Files #1) (ID: 69158f85c0abf7fb8a13024a)
2025-11-13 10:57:57 | INFO     | src.crawler.scraper:_crawl_book:233 - Inserted new book: Sleeping Giants (Themis Files #1)
2025-11-13 10:57:57 | INFO     | src.database.mongodb:insert_book:77 - Inserted new book: Setting the World on Fire: The Brief, Astonishing Life of St. Catherine of Siena (ID: 69158f85c0abf7fb8a13024c)
2025-11-13 10:57:57 | INFO     | src.crawler.scraper:_crawl_book:233 - Inserted new book: Setting the World on Fire: The Brief, Astonishing Life of St. Catherine of Siena
2025-11-13 10:57:57 | INFO     | src.database.mongodb:insert_book:77 - Inserted new book: Off the Hook (Fishing for Trouble #1) (ID: 69158f85c0abf7fb8a13024b)
2025-11-13 10:57:57 | INFO     | src.crawler.scraper:_crawl_book:233 - Inserted new book: Off the Hook (Fishing for Trouble #1)
2025-11-13 10:57:57 | INFO     | src.crawler.scraper:_crawl_catalog:125 - Crawling catalog page 21: https://books.toscrape.com/catalogue/page-21.html
2025-11-13 10:57:57 | INFO     | src.crawler.parser:extract_book_links:169 - Extracted 20 book links from page
2025-11-13 10:57:57 | INFO     | src.crawler.scraper:_crawl_catalog:143 - Found 20 new books on page 21
2025-11-13 10:57:57 | INFO     | src.database.mongodb:insert_book:77 - Inserted new book: Mothering Sunday (ID: 69158f85c0abf7fb8a13024d)
2025-11-13 10:57:57 | INFO     | src.crawler.scraper:_crawl_book:233 - Inserted new book: Mothering Sunday
2025-11-13 10:57:57 | INFO     | src.database.mongodb:insert_book:77 - Inserted new book: Lies and Other Acts of Love (ID: 69158f85c0abf7fb8a13024e)
2025-11-13 10:57:57 | INFO     | src.crawler.scraper:_crawl_book:233 - Inserted new book: Lies and Other Acts of Love
2025-11-13 10:57:57 | INFO     | src.database.mongodb:insert_book:77 - Inserted new book: Lilac Girls (ID: 69158f85c0abf7fb8a13024f)
2025-11-13 10:57:57 | INFO     | src.crawler.scraper:_crawl_book:233 - Inserted new book: Lilac Girls
2025-11-13 10:57:57 | INFO     | src.database.mongodb:insert_book:77 - Inserted new book: Lab Girl (ID: 69158f85c0abf7fb8a130250)
2025-11-13 10:57:57 | INFO     | src.crawler.scraper:_crawl_book:233 - Inserted new book: Lab Girl
2025-11-13 10:57:57 | INFO     | src.database.mongodb:insert_book:77 - Inserted new book: Grey (Fifty Shades #4) (ID: 69158f85c0abf7fb8a130251)
2025-11-13 10:57:57 | INFO     | src.crawler.scraper:_crawl_book:233 - Inserted new book: Grey (Fifty Shades #4)
2025-11-13 10:57:57 | INFO     | src.database.mongodb:insert_book:77 - Inserted new book: Keep Me Posted (ID: 69158f85c0abf7fb8a130252)
2025-11-13 10:57:57 | INFO     | src.crawler.scraper:_crawl_book:233 - Inserted new book: Keep Me Posted
2025-11-13 10:57:58 | INFO     | src.database.mongodb:insert_book:77 - Inserted new book: Mother, Can You Not? (ID: 69158f86c0abf7fb8a130253)
2025-11-13 10:57:58 | INFO     | src.crawler.scraper:_crawl_book:233 - Inserted new book: Mother, Can You Not?
2025-11-13 10:57:58 | INFO     | src.database.mongodb:insert_book:77 - Inserted new book: It Didn't Start with You: How Inherited Family Trauma Shapes Who We Are and How to End the Cycle (ID: 69158f86c0abf7fb8a130254)
2025-11-13 10:57:58 | INFO     | src.crawler.scraper:_crawl_book:233 - Inserted new book: It Didn't Start with You: How Inherited Family Trauma Shapes Who We Are and How to End the Cycle
2025-11-13 10:57:58 | INFO     | src.database.mongodb:insert_book:77 - Inserted new book: Exit, Pursued by a Bear (ID: 69158f86c0abf7fb8a130256)
2025-11-13 10:57:58 | INFO     | src.crawler.scraper:_crawl_book:233 - Inserted new book: Exit, Pursued by a Bear
2025-11-13 10:57:58 | INFO     | src.database.mongodb:insert_book:77 - Inserted new book: Daredevils (ID: 69158f86c0abf7fb8a130255)
2025-11-13 10:57:58 | INFO     | src.crawler.scraper:_crawl_book:233 - Inserted new book: Daredevils
2025-11-13 10:57:58 | INFO     | src.database.mongodb:insert_book:77 - Inserted new book: M Train (ID: 69158f86c0abf7fb8a130257)
2025-11-13 10:57:58 | INFO     | src.crawler.scraper:_crawl_book:233 - Inserted new book: M Train
2025-11-13 10:57:58 | INFO     | src.database.mongodb:insert_book:77 - Inserted new book: Arena (ID: 69158f86c0abf7fb8a13025a)
2025-11-13 10:57:58 | INFO     | src.crawler.scraper:_crawl_book:233 - Inserted new book: Arena
2025-11-13 10:57:58 | INFO     | src.database.mongodb:insert_book:77 - Inserted new book: Adultery (ID: 69158f86c0abf7fb8a13025b)
2025-11-13 10:57:58 | INFO     | src.crawler.scraper:_crawl_book:233 - Inserted new book: Adultery
2025-11-13 10:57:58 | INFO     | src.database.mongodb:insert_book:77 - Inserted new book: Born for This: How to Find the Work You Were Meant to Do (ID: 69158f86c0abf7fb8a130259)
2025-11-13 10:57:58 | INFO     | src.crawler.scraper:_crawl_book:233 - Inserted new book: Born for This: How to Find the Work You Were Meant to Do
2025-11-13 10:57:58 | INFO     | src.database.mongodb:insert_book:77 - Inserted new book: Cravings: Recipes for What You Want to Eat (ID: 69158f86c0abf7fb8a130258)
2025-11-13 10:57:58 | INFO     | src.crawler.scraper:_crawl_book:233 - Inserted new book: Cravings: Recipes for What You Want to Eat
2025-11-13 10:57:58 | INFO     | src.database.mongodb:insert_book:77 - Inserted new book: A Mother's Reckoning: Living in the Aftermath of Tragedy (ID: 69158f86c0abf7fb8a13025c)
2025-11-13 10:57:58 | INFO     | src.crawler.scraper:_crawl_book:233 - Inserted new book: A Mother's Reckoning: Living in the Aftermath of Tragedy
2025-11-13 10:57:58 | INFO     | src.database.mongodb:insert_book:77 - Inserted new book: A Gentleman's Position (Society of Gentlemen #3) (ID: 69158f86c0abf7fb8a13025d)
2025-11-13 10:57:58 | INFO     | src.crawler.scraper:_crawl_book:233 - Inserted new book: A Gentleman's Position (Society of Gentlemen #3)
2025-11-13 10:57:58 | INFO     | src.database.mongodb:insert_book:77 - Inserted new book: 11/22/63 (ID: 69158f86c0abf7fb8a13025e)
2025-11-13 10:57:58 | INFO     | src.crawler.scraper:_crawl_book:233 - Inserted new book: 11/22/63
2025-11-13 10:57:58 | INFO     | src.database.mongodb:insert_book:77 - Inserted new book: 10% Happier: How I Tamed the Voice in My Head, Reduced Stress Without Losing My Edge, and Found Self-Help That Actually Works (ID: 69158f86c0abf7fb8a13025f)
2025-11-13 10:57:58 | INFO     | src.crawler.scraper:_crawl_book:233 - Inserted new book: 10% Happier: How I Tamed the Voice in My Head, Reduced Stress Without Losing My Edge, and Found Self-Help That Actually Works
2025-11-13 10:57:58 | INFO     | src.database.mongodb:insert_book:77 - Inserted new book: 10-Day Green Smoothie Cleanse: Lose Up to 15 Pounds in 10 Days! (ID: 69158f86c0abf7fb8a130260)
2025-11-13 10:57:58 | INFO     | src.crawler.scraper:_crawl_book:233 - Inserted new book: 10-Day Green Smoothie Cleanse: Lose Up to 15 Pounds in 10 Days!
2025-11-13 10:57:58 | INFO     | src.crawler.scraper:_crawl_catalog:125 - Crawling catalog page 22: https://books.toscrape.com/catalogue/page-22.html
2025-11-13 10:57:59 | INFO     | src.crawler.parser:extract_book_links:169 - Extracted 20 book links from page
2025-11-13 10:57:59 | INFO     | src.crawler.scraper:_crawl_catalog:143 - Found 20 new books on page 22
2025-11-13 10:57:59 | INFO     | src.database.mongodb:insert_book:77 - Inserted new book: Without Shame (ID: 69158f87c0abf7fb8a130261)
2025-11-13 10:57:59 | INFO     | src.crawler.scraper:_crawl_book:233 - Inserted new book: Without Shame
2025-11-13 10:58:00 | INFO     | src.database.mongodb:insert_book:77 - Inserted new book: Watchmen (ID: 69158f88c0abf7fb8a130262)
2025-11-13 10:58:00 | INFO     | src.crawler.scraper:_crawl_book:233 - Inserted new book: Watchmen
2025-11-13 10:58:00 | INFO     | src.database.mongodb:insert_book:77 - Inserted new book: The Flowers Lied (ID: 69158f88c0abf7fb8a130263)
2025-11-13 10:58:00 | INFO     | src.crawler.scraper:_crawl_book:233 - Inserted new book: The Flowers Lied
2025-11-13 10:58:00 | INFO     | src.database.mongodb:insert_book:77 - Inserted new book: Underlying Notes (ID: 69158f88c0abf7fb8a130264)
2025-11-13 10:58:00 | INFO     | src.crawler.scraper:_crawl_book:233 - Inserted new book: Underlying Notes
2025-11-13 10:58:00 | INFO     | src.database.mongodb:insert_book:77 - Inserted new book: The Shack (ID: 69158f88c0abf7fb8a130265)
2025-11-13 10:58:00 | INFO     | src.crawler.scraper:_crawl_book:233 - Inserted new book: The Shack
2025-11-13 10:58:00 | INFO     | src.database.mongodb:insert_book:77 - Inserted new book: The Art and Science of Low Carbohydrate Living (ID: 69158f88c0abf7fb8a130266)
2025-11-13 10:58:00 | INFO     | src.crawler.scraper:_crawl_book:233 - Inserted new book: The Art and Science of Low Carbohydrate Living
2025-11-13 10:58:00 | INFO     | src.database.mongodb:insert_book:77 - Inserted new book: The Moosewood Cookbook: Recipes from Moosewood Restaurant, Ithaca, New York (ID: 69158f88c0abf7fb8a130267)
2025-11-13 10:58:00 | INFO     | src.crawler.scraper:_crawl_book:233 - Inserted new book: The Moosewood Cookbook: Recipes from Moosewood Restaurant, Ithaca, New York
2025-11-13 10:58:00 | INFO     | src.database.mongodb:insert_book:77 - Inserted new book: The Fabric of the Cosmos: Space, Time, and the Texture of Reality (ID: 69158f88c0abf7fb8a130268)
2025-11-13 10:58:00 | INFO     | src.crawler.scraper:_crawl_book:233 - Inserted new book: The Fabric of the Cosmos: Space, Time, and the Texture of Reality
2025-11-13 10:58:00 | INFO     | src.database.mongodb:insert_book:77 - Inserted new book: The New Brand You: Your New Image Makes the Sale for You (ID: 69158f88c0abf7fb8a13026a)
2025-11-13 10:58:00 | INFO     | src.crawler.scraper:_crawl_book:233 - Inserted new book: The New Brand You: Your New Image Makes the Sale for You
2025-11-13 10:58:00 | INFO     | src.database.mongodb:insert_book:77 - Inserted new book: Unlimited Intuition Now (ID: 69158f88c0abf7fb8a130269)
2025-11-13 10:58:00 | INFO     | src.crawler.scraper:_crawl_book:233 - Inserted new book: Unlimited Intuition Now
2025-11-13 10:58:00 | INFO     | src.database.mongodb:insert_book:77 - Inserted new book: The Book of Mormon (ID: 69158f88c0abf7fb8a13026b)
2025-11-13 10:58:00 | INFO     | src.crawler.scraper:_crawl_book:233 - Inserted new book: The Book of Mormon
2025-11-13 10:58:00 | INFO     | src.database.mongodb:insert_book:77 - Inserted new book: The Alien Club (ID: 69158f88c0abf7fb8a13026c)
2025-11-13 10:58:00 | INFO     | src.crawler.scraper:_crawl_book:233 - Inserted new book: The Alien Club
2025-11-13 10:58:00 | INFO     | src.database.mongodb:insert_book:77 - Inserted new book: Suzie Snowflake: One beautiful flake (a self-esteem story) (ID: 69158f88c0abf7fb8a13026d)
2025-11-13 10:58:00 | INFO     | src.crawler.scraper:_crawl_book:233 - Inserted new book: Suzie Snowflake: One beautiful flake (a self-esteem story)
2025-11-13 10:58:00 | INFO     | src.database.mongodb:insert_book:77 - Inserted new book: Nap-a-Roo (ID: 69158f88c0abf7fb8a13026e)
2025-11-13 10:58:00 | INFO     | src.crawler.scraper:_crawl_book:233 - Inserted new book: Nap-a-Roo
2025-11-13 10:58:00 | INFO     | src.database.mongodb:insert_book:77 - Inserted new book: Modern Day Fables (ID: 69158f88c0abf7fb8a13026f)
2025-11-13 10:58:00 | INFO     | src.crawler.scraper:_crawl_book:233 - Inserted new book: Modern Day Fables
2025-11-13 10:58:00 | INFO     | src.database.mongodb:insert_book:77 - Inserted new book: If I Gave You God's Phone Number....: Searching for Spirituality in America (ID: 69158f88c0abf7fb8a130270)
2025-11-13 10:58:00 | INFO     | src.crawler.scraper:_crawl_book:233 - Inserted new book: If I Gave You God's Phone Number....: Searching for Spirituality in America
2025-11-13 10:58:00 | INFO     | src.database.mongodb:insert_book:77 - Inserted new book: NaNo What Now? Finding your editing process, revising your NaNoWriMo book and building a writing career through publishing and beyond (ID: 69158f88c0abf7fb8a130273)
2025-11-13 10:58:00 | INFO     | src.crawler.scraper:_crawl_book:233 - Inserted new book: NaNo What Now? Finding your editing process, revising your NaNoWriMo book and building a writing career through publishing and beyond
2025-11-13 10:58:00 | INFO     | src.database.mongodb:insert_book:77 - Inserted new book: Don't Forget Steven (ID: 69158f88c0abf7fb8a130272)
2025-11-13 10:58:00 | INFO     | src.crawler.scraper:_crawl_book:233 - Inserted new book: Don't Forget Steven
2025-11-13 10:58:00 | INFO     | src.database.mongodb:insert_book:77 - Inserted new book: Fruits Basket, Vol. 9 (Fruits Basket #9) (ID: 69158f88c0abf7fb8a130271)
2025-11-13 10:58:00 | INFO     | src.crawler.scraper:_crawl_book:233 - Inserted new book: Fruits Basket, Vol. 9 (Fruits Basket #9)
2025-11-13 10:58:00 | INFO     | src.database.mongodb:insert_book:77 - Inserted new book: Dress Your Family in Corduroy and Denim (ID: 69158f88c0abf7fb8a130274)
2025-11-13 10:58:00 | INFO     | src.crawler.scraper:_crawl_book:233 - Inserted new book: Dress Your Family in Corduroy and Denim
2025-11-13 10:58:00 | INFO     | src.crawler.scraper:_crawl_catalog:125 - Crawling catalog page 23: https://books.toscrape.com/catalogue/page-23.html
2025-11-13 10:58:01 | INFO     | src.crawler.parser:extract_book_links:169 - Extracted 20 book links from page
2025-11-13 10:58:01 | INFO     | src.crawler.scraper:_crawl_catalog:143 - Found 20 new books on page 23
2025-11-13 10:58:01 | INFO     | src.database.mongodb:insert_book:77 - Inserted new book: Chernobyl 01:23:40: The Incredible True Story of the World's Worst Nuclear Disaster (ID: 69158f89c0abf7fb8a130275)
2025-11-13 10:58:01 | INFO     | src.crawler.scraper:_crawl_book:233 - Inserted new book: Chernobyl 01:23:40: The Incredible True Story of the World's Worst Nuclear Disaster
2025-11-13 10:58:01 | INFO     | src.database.mongodb:insert_book:77 - Inserted new book: Vagabonding: An Uncommon Guide to the Art of Long-Term World Travel (ID: 69158f89c0abf7fb8a130277)
2025-11-13 10:58:01 | INFO     | src.crawler.scraper:_crawl_book:233 - Inserted new book: Vagabonding: An Uncommon Guide to the Art of Long-Term World Travel
2025-11-13 10:58:01 | INFO     | src.database.mongodb:insert_book:77 - Inserted new book: A Hero's Curse (The Unseen Chronicles #1) (ID: 69158f89c0abf7fb8a130276)
2025-11-13 10:58:01 | INFO     | src.crawler.scraper:_crawl_book:233 - Inserted new book: A Hero's Curse (The Unseen Chronicles #1)
2025-11-13 10:58:01 | INFO     | src.database.mongodb:insert_book:77 - Inserted new book: Why Not Me? (ID: 69158f89c0abf7fb8a130278)
2025-11-13 10:58:01 | INFO     | src.crawler.scraper:_crawl_book:233 - Inserted new book: Why Not Me?
2025-11-13 10:58:01 | INFO     | src.database.mongodb:insert_book:77 - Inserted new book: When Breath Becomes Air (ID: 69158f89c0abf7fb8a130279)
2025-11-13 10:58:01 | INFO     | src.crawler.scraper:_crawl_book:233 - Inserted new book: When Breath Becomes Air
2025-11-13 10:58:01 | INFO     | src.database.mongodb:insert_book:77 - Inserted new book: Art and Fear: Observations on the Perils (and Rewards) of Artmaking (ID: 69158f89c0abf7fb8a13027a)
2025-11-13 10:58:01 | INFO     | src.crawler.scraper:_crawl_book:233 - Inserted new book: Art and Fear: Observations on the Perils (and Rewards) of Artmaking
2025-11-13 10:58:01 | INFO     | src.database.mongodb:insert_book:77 - Inserted new book: 23 Degrees South: A Tropical Tale of Changing Whether... (ID: 69158f89c0abf7fb8a13027b)
2025-11-13 10:58:01 | INFO     | src.crawler.scraper:_crawl_book:233 - Inserted new book: 23 Degrees South: A Tropical Tale of Changing Whether...
2025-11-13 10:58:01 | INFO     | src.database.mongodb:insert_book:77 - Inserted new book: A Shard of Ice (The Black Symphony Saga #1) (ID: 69158f89c0abf7fb8a13027d)
2025-11-13 10:58:01 | INFO     | src.crawler.scraper:_crawl_book:233 - Inserted new book: A Shard of Ice (The Black Symphony Saga #1)
2025-11-13 10:58:01 | INFO     | src.database.mongodb:insert_book:77 - Inserted new book: Zero to One: Notes on Startups, or How to Build the Future (ID: 69158f89c0abf7fb8a13027c)
2025-11-13 10:58:01 | INFO     | src.crawler.scraper:_crawl_book:233 - Inserted new book: Zero to One: Notes on Startups, or How to Build the Future
2025-11-13 10:58:01 | INFO     | src.database.mongodb:insert_book:77 - Inserted new book: The Unlikely Pilgrimage of Harold Fry (Harold Fry #1) (ID: 69158f89c0abf7fb8a13027e)
2025-11-13 10:58:01 | INFO     | src.crawler.scraper:_crawl_book:233 - Inserted new book: The Unlikely Pilgrimage of Harold Fry (Harold Fry #1)
2025-11-13 10:58:01 | INFO     | src.database.mongodb:insert_book:77 - Inserted new book: The New Drawing on the Right Side of the Brain (ID: 69158f89c0abf7fb8a13027f)
2025-11-13 10:58:01 | INFO     | src.crawler.scraper:_crawl_book:233 - Inserted new book: The New Drawing on the Right Side of the Brain
2025-11-13 10:58:01 | INFO     | src.database.mongodb:insert_book:77 - Inserted new book: The Martian (The Martian #1) (ID: 69158f89c0abf7fb8a130281)
2025-11-13 10:58:01 | INFO     | src.crawler.scraper:_crawl_book:233 - Inserted new book: The Martian (The Martian #1)
2025-11-13 10:58:01 | INFO     | src.database.mongodb:insert_book:77 - Inserted new book: The Midnight Assassin: Panic, Scandal, and the Hunt for America's First Serial Killer (ID: 69158f89c0abf7fb8a130280)
2025-11-13 10:58:01 | INFO     | src.crawler.scraper:_crawl_book:233 - Inserted new book: The Midnight Assassin: Panic, Scandal, and the Hunt for America's First Serial Killer
2025-11-13 10:58:01 | INFO     | src.database.mongodb:insert_book:77 - Inserted new book: The High Mountains of Portugal (ID: 69158f89c0abf7fb8a130282)
2025-11-13 10:58:01 | INFO     | src.crawler.scraper:_crawl_book:233 - Inserted new book: The High Mountains of Portugal
2025-11-13 10:58:02 | INFO     | src.database.mongodb:insert_book:77 - Inserted new book: The Grownup (ID: 69158f8ac0abf7fb8a130283)
2025-11-13 10:58:02 | INFO     | src.crawler.scraper:_crawl_book:233 - Inserted new book: The Grownup
2025-11-13 10:58:02 | INFO     | src.database.mongodb:insert_book:77 - Inserted new book: The E-Myth Revisited: Why Most Small Businesses Don't Work and What to Do About It (ID: 69158f8ac0abf7fb8a130284)
2025-11-13 10:58:02 | INFO     | src.crawler.scraper:_crawl_book:233 - Inserted new book: The E-Myth Revisited: Why Most Small Businesses Don't Work and What to Do About It
2025-11-13 10:58:02 | INFO     | src.database.mongodb:insert_book:77 - Inserted new book: South of Sunshine (ID: 69158f8ac0abf7fb8a130285)
2025-11-13 10:58:02 | INFO     | src.crawler.scraper:_crawl_book:233 - Inserted new book: South of Sunshine
2025-11-13 10:58:02 | INFO     | src.database.mongodb:insert_book:77 - Inserted new book: Smarter Faster Better: The Secrets of Being Productive in Life and Business (ID: 69158f8ac0abf7fb8a130286)
2025-11-13 10:58:02 | INFO     | src.crawler.scraper:_crawl_book:233 - Inserted new book: Smarter Faster Better: The Secrets of Being Productive in Life and Business
2025-11-13 10:58:02 | INFO     | src.database.mongodb:insert_book:77 - Inserted new book: Silence in the Dark (Logan Point #4) (ID: 69158f8ac0abf7fb8a130287)
2025-11-13 10:58:02 | INFO     | src.crawler.scraper:_crawl_book:233 - Inserted new book: Silence in the Dark (Logan Point #4)
2025-11-13 10:58:02 | INFO     | src.database.mongodb:insert_book:77 - Inserted new book: Shadows of the Past (Logan Point #1) (ID: 69158f8ac0abf7fb8a130288)
2025-11-13 10:58:02 | INFO     | src.crawler.scraper:_crawl_book:233 - Inserted new book: Shadows of the Past (Logan Point #1)
2025-11-13 10:58:02 | INFO     | src.crawler.scraper:_crawl_catalog:125 - Crawling catalog page 24: https://books.toscrape.com/catalogue/page-24.html
2025-11-13 10:58:02 | INFO     | src.crawler.parser:extract_book_links:169 - Extracted 20 book links from page
2025-11-13 10:58:02 | INFO     | src.crawler.scraper:_crawl_catalog:143 - Found 20 new books on page 24
2025-11-13 10:58:02 | INFO     | src.database.mongodb:insert_book:77 - Inserted new book: Roller Girl (ID: 69158f8ac0abf7fb8a130289)
2025-11-13 10:58:02 | INFO     | src.crawler.scraper:_crawl_book:233 - Inserted new book: Roller Girl
2025-11-13 10:58:02 | INFO     | src.database.mongodb:insert_book:77 - Inserted new book: Please Kill Me: The Uncensored Oral History of Punk (ID: 69158f8ac0abf7fb8a13028a)
2025-11-13 10:58:02 | INFO     | src.crawler.scraper:_crawl_book:233 - Inserted new book: Please Kill Me: The Uncensored Oral History of Punk
2025-11-13 10:58:02 | INFO     | src.database.mongodb:insert_book:77 - Inserted new book: My Life Next Door (My Life Next Door ) (ID: 69158f8ac0abf7fb8a13028b)
2025-11-13 10:58:02 | INFO     | src.crawler.scraper:_crawl_book:233 - Inserted new book: My Life Next Door (My Life Next Door )
2025-11-13 10:58:03 | INFO     | src.database.mongodb:insert_book:77 - Inserted new book: Rising Strong (ID: 69158f8bc0abf7fb8a13028c)
2025-11-13 10:58:03 | INFO     | src.crawler.scraper:_crawl_book:233 - Inserted new book: Rising Strong
2025-11-13 10:58:03 | INFO     | src.database.mongodb:insert_book:77 - Inserted new book: Out of Print: City Lights Spotlight No. 14 (ID: 69158f8bc0abf7fb8a13028d)
2025-11-13 10:58:03 | INFO     | src.crawler.scraper:_crawl_book:233 - Inserted new book: Out of Print: City Lights Spotlight No. 14
2025-11-13 10:58:03 | INFO     | src.database.mongodb:insert_book:77 - Inserted new book: Les Fleurs du Mal (ID: 69158f8bc0abf7fb8a13028e)
2025-11-13 10:58:03 | INFO     | src.crawler.scraper:_crawl_book:233 - Inserted new book: Les Fleurs du Mal
2025-11-13 10:58:03 | INFO     | src.database.mongodb:insert_book:77 - Inserted new book: Man's Search for Meaning (ID: 69158f8bc0abf7fb8a13028f)
2025-11-13 10:58:03 | INFO     | src.crawler.scraper:_crawl_book:233 - Inserted new book: Man's Search for Meaning
2025-11-13 10:58:03 | INFO     | src.database.mongodb:insert_book:77 - Inserted new book: Love That Boy: What Two Presidents, Eight Road Trips, and My Son Taught Me About a Parent's Expectations (ID: 69158f8bc0abf7fb8a130290)
2025-11-13 10:58:03 | INFO     | src.crawler.scraper:_crawl_book:233 - Inserted new book: Love That Boy: What Two Presidents, Eight Road Trips, and My Son Taught Me About a Parent's Expectations
2025-11-13 10:58:03 | INFO     | src.database.mongodb:insert_book:77 - Inserted new book: Miller's Valley (ID: 69158f8bc0abf7fb8a130291)
2025-11-13 10:58:03 | INFO     | src.crawler.scraper:_crawl_book:233 - Inserted new book: Miller's Valley
2025-11-13 10:58:03 | INFO     | src.database.mongodb:insert_book:77 - Inserted new book: Proofs of God: Classical Arguments from Tertullian to Barth (ID: 69158f8bc0abf7fb8a130292)
2025-11-13 10:58:03 | INFO     | src.crawler.scraper:_crawl_book:233 - Inserted new book: Proofs of God: Classical Arguments from Tertullian to Barth
2025-11-13 10:58:03 | INFO     | src.database.mongodb:insert_book:77 - Inserted new book: Living Forward: A Proven Plan to Stop Drifting and Get the Life You Want (ID: 69158f8bc0abf7fb8a130293)
2025-11-13 10:58:03 | INFO     | src.crawler.scraper:_crawl_book:233 - Inserted new book: Living Forward: A Proven Plan to Stop Drifting and Get the Life You Want
2025-11-13 10:58:03 | INFO     | src.database.mongodb:insert_book:77 - Inserted new book: Left Behind (Left Behind #1) (ID: 69158f8bc0abf7fb8a130294)
2025-11-13 10:58:03 | INFO     | src.crawler.scraper:_crawl_book:233 - Inserted new book: Left Behind (Left Behind #1)
2025-11-13 10:58:03 | INFO     | src.database.mongodb:insert_book:77 - Inserted new book: Kill 'Em and Leave: Searching for James Brown and the American Soul (ID: 69158f8bc0abf7fb8a130295)
2025-11-13 10:58:03 | INFO     | src.crawler.scraper:_crawl_book:233 - Inserted new book: Kill 'Em and Leave: Searching for James Brown and the American Soul
2025-11-13 10:58:03 | INFO     | src.database.mongodb:insert_book:77 - Inserted new book: Kierkegaard: A Christian Missionary to Christians (ID: 69158f8bc0abf7fb8a130296)
2025-11-13 10:58:03 | INFO     | src.crawler.scraper:_crawl_book:233 - Inserted new book: Kierkegaard: A Christian Missionary to Christians
2025-11-13 10:58:03 | INFO     | src.database.mongodb:insert_book:77 - Inserted new book: John Vassos: Industrial Design for Modern Life (ID: 69158f8bc0abf7fb8a130297)
2025-11-13 10:58:03 | INFO     | src.crawler.scraper:_crawl_book:233 - Inserted new book: John Vassos: Industrial Design for Modern Life
2025-11-13 10:58:03 | INFO     | src.database.mongodb:insert_book:77 - Inserted new book: I'll Give You the Sun (ID: 69158f8bc0abf7fb8a130298)
2025-11-13 10:58:03 | INFO     | src.crawler.scraper:_crawl_book:233 - Inserted new book: I'll Give You the Sun
2025-11-13 10:58:03 | INFO     | src.database.mongodb:insert_book:77 - Inserted new book: Howl and Other Poems (ID: 69158f8bc0abf7fb8a130299)
2025-11-13 10:58:03 | INFO     | src.crawler.scraper:_crawl_book:233 - Inserted new book: Howl and Other Poems
2025-11-13 10:58:03 | INFO     | src.database.mongodb:insert_book:77 - Inserted new book: History of Beauty (ID: 69158f8bc0abf7fb8a13029a)
2025-11-13 10:58:03 | INFO     | src.crawler.scraper:_crawl_book:233 - Inserted new book: History of Beauty
2025-11-13 10:58:03 | INFO     | src.database.mongodb:insert_book:77 - Inserted new book: I Will Find You (ID: 69158f8bc0abf7fb8a13029c)
2025-11-13 10:58:03 | INFO     | src.crawler.scraper:_crawl_book:233 - Inserted new book: I Will Find You
2025-11-13 10:58:03 | INFO     | src.database.mongodb:insert_book:77 - Inserted new book: Hystopia: A Novel (ID: 69158f8bc0abf7fb8a13029b)
2025-11-13 10:58:03 | INFO     | src.crawler.scraper:_crawl_book:233 - Inserted new book: Hystopia: A Novel
2025-11-13 10:58:03 | INFO     | src.crawler.scraper:_crawl_catalog:125 - Crawling catalog page 25: https://books.toscrape.com/catalogue/page-25.html
2025-11-13 10:58:03 | INFO     | src.crawler.parser:extract_book_links:169 - Extracted 20 book links from page
2025-11-13 10:58:03 | INFO     | src.crawler.scraper:_crawl_catalog:143 - Found 20 new books on page 25
2025-11-13 10:58:04 | INFO     | src.database.mongodb:insert_book:77 - Inserted new book: Heaven is for Real: A Little Boy's Astounding Story of His Trip to Heaven and Back (ID: 69158f8cc0abf7fb8a13029d)
2025-11-13 10:58:04 | INFO     | src.crawler.scraper:_crawl_book:233 - Inserted new book: Heaven is for Real: A Little Boy's Astounding Story of His Trip to Heaven and Back
2025-11-13 10:58:04 | INFO     | src.database.mongodb:insert_book:77 - Inserted new book: Being Mortal: Medicine and What Matters in the End (ID: 69158f8cc0abf7fb8a13029e)
2025-11-13 10:58:04 | INFO     | src.crawler.scraper:_crawl_book:233 - Inserted new book: Being Mortal: Medicine and What Matters in the End
2025-11-13 10:58:04 | INFO     | src.database.mongodb:insert_book:77 - Inserted new book: Future Shock (Future Shock #1) (ID: 69158f8cc0abf7fb8a13029f)
2025-11-13 10:58:04 | INFO     | src.crawler.scraper:_crawl_book:233 - Inserted new book: Future Shock (Future Shock #1)
2025-11-13 10:58:04 | INFO     | src.database.mongodb:insert_book:77 - Inserted new book: Death by Leisure: A Cautionary Tale (ID: 69158f8cc0abf7fb8a1302a0)
2025-11-13 10:58:04 | INFO     | src.crawler.scraper:_crawl_book:233 - Inserted new book: Death by Leisure: A Cautionary Tale
2025-11-13 10:58:04 | INFO     | src.database.mongodb:insert_book:77 - Inserted new book: Between the World and Me (ID: 69158f8cc0abf7fb8a1302a1)
2025-11-13 10:58:04 | INFO     | src.crawler.scraper:_crawl_book:233 - Inserted new book: Between the World and Me
2025-11-13 10:58:04 | INFO     | src.database.mongodb:insert_book:77 - Inserted new book: Diary of a Citizen Scientist: Chasing Tiger Beetles and Other New Ways of Engaging the World (ID: 69158f8cc0abf7fb8a1302a2)
2025-11-13 10:58:04 | INFO     | src.crawler.scraper:_crawl_book:233 - Inserted new book: Diary of a Citizen Scientist: Chasing Tiger Beetles and Other New Ways of Engaging the World
2025-11-13 10:58:04 | INFO     | src.database.mongodb:insert_book:77 - Inserted new book: Brilliant Beacons: A History of the American Lighthouse (ID: 69158f8cc0abf7fb8a1302a4)
2025-11-13 10:58:04 | INFO     | src.crawler.scraper:_crawl_book:233 - Inserted new book: Brilliant Beacons: A History of the American Lighthouse
2025-11-13 10:58:04 | INFO     | src.database.mongodb:insert_book:77 - Inserted new book: Brazen: The Courage to Find the You That's Been Hiding (ID: 69158f8cc0abf7fb8a1302a3)
2025-11-13 10:58:04 | INFO     | src.crawler.scraper:_crawl_book:233 - Inserted new book: Brazen: The Courage to Find the You That's Been Hiding
2025-11-13 10:58:04 | INFO     | src.database.mongodb:insert_book:77 - Inserted new book: "Most Blessed of the Patriarchs": Thomas Jefferson and the Empire of the Imagination (ID: 69158f8cc0abf7fb8a1302a7)
2025-11-13 10:58:04 | INFO     | src.crawler.scraper:_crawl_book:233 - Inserted new book: "Most Blessed of the Patriarchs": Thomas Jefferson and the Empire of the Imagination
2025-11-13 10:58:04 | INFO     | src.database.mongodb:insert_book:77 - Inserted new book: A Murder Over a Girl: Justice, Gender, Junior High (ID: 69158f8cc0abf7fb8a1302a6)
2025-11-13 10:58:04 | INFO     | src.crawler.scraper:_crawl_book:233 - Inserted new book: A Murder Over a Girl: Justice, Gender, Junior High
2025-11-13 10:58:04 | INFO     | src.database.mongodb:insert_book:77 - Inserted new book: Ender's Game (The Ender Quintet #1) (ID: 69158f8cc0abf7fb8a1302a5)
2025-11-13 10:58:04 | INFO     | src.crawler.scraper:_crawl_book:233 - Inserted new book: Ender's Game (The Ender Quintet #1)
2025-11-13 10:58:04 | INFO     | src.database.mongodb:insert_book:77 - Inserted new book: 32 Yolks (ID: 69158f8cc0abf7fb8a1302a8)
2025-11-13 10:58:04 | INFO     | src.crawler.scraper:_crawl_book:233 - Inserted new book: 32 Yolks
2025-11-13 10:58:04 | INFO     | src.database.mongodb:insert_book:77 - Inserted new book: You Are a Badass: How to Stop Doubting Your Greatness and Start Living an Awesome Life (ID: 69158f8cc0abf7fb8a1302a9)
2025-11-13 10:58:04 | INFO     | src.crawler.scraper:_crawl_book:233 - Inserted new book: You Are a Badass: How to Stop Doubting Your Greatness and Start Living an Awesome Life
2025-11-13 10:58:05 | INFO     | src.database.mongodb:insert_book:77 - Inserted new book: The Whale (ID: 69158f8dc0abf7fb8a1302ab)
2025-11-13 10:58:05 | INFO     | src.crawler.scraper:_crawl_book:233 - Inserted new book: The Whale
2025-11-13 10:58:05 | INFO     | src.database.mongodb:insert_book:77 - Inserted new book: Toddlers Are A**holes: It's Not Your Fault (ID: 69158f8dc0abf7fb8a1302ac)
2025-11-13 10:58:05 | INFO     | src.crawler.scraper:_crawl_book:233 - Inserted new book: Toddlers Are A**holes: It's Not Your Fault
2025-11-13 10:58:05 | INFO     | src.database.mongodb:insert_book:77 - Inserted new book: What Happened on Beale Street (Secrets of the South Mysteries #2) (ID: 69158f8dc0abf7fb8a1302aa)
2025-11-13 10:58:05 | INFO     | src.crawler.scraper:_crawl_book:233 - Inserted new book: What Happened on Beale Street (Secrets of the South Mysteries #2)
2025-11-13 10:58:05 | INFO     | src.database.mongodb:insert_book:77 - Inserted new book: Under the Tuscan Sun (ID: 69158f8dc0abf7fb8a1302ad)
2025-11-13 10:58:05 | INFO     | src.crawler.scraper:_crawl_book:233 - Inserted new book: Under the Tuscan Sun
2025-11-13 10:58:05 | INFO     | src.database.mongodb:insert_book:77 - Inserted new book: Wildlife of New York: A Five-Borough Coloring Book (ID: 69158f8dc0abf7fb8a1302ae)
2025-11-13 10:58:05 | INFO     | src.crawler.scraper:_crawl_book:233 - Inserted new book: Wildlife of New York: A Five-Borough Coloring Book
2025-11-13 10:58:05 | INFO     | src.database.mongodb:insert_book:77 - Inserted new book: Unreasonable Hope: Finding Faith in the God Who Brings Purpose to Your Pain (ID: 69158f8dc0abf7fb8a1302af)
2025-11-13 10:58:05 | INFO     | src.crawler.scraper:_crawl_book:233 - Inserted new book: Unreasonable Hope: Finding Faith in the God Who Brings Purpose to Your Pain
2025-11-13 10:58:05 | INFO     | src.database.mongodb:insert_book:77 - Inserted new book: The Year of Living Biblically: One Man's Humble Quest to Follow the Bible as Literally as Possible (ID: 69158f8dc0abf7fb8a1302b0)
2025-11-13 10:58:05 | INFO     | src.crawler.scraper:_crawl_book:233 - Inserted new book: The Year of Living Biblically: One Man's Humble Quest to Follow the Bible as Literally as Possible
2025-11-13 10:58:05 | INFO     | src.crawler.scraper:_crawl_catalog:125 - Crawling catalog page 26: https://books.toscrape.com/catalogue/page-26.html
2025-11-13 10:58:05 | INFO     | src.crawler.parser:extract_book_links:169 - Extracted 20 book links from page
2025-11-13 10:58:05 | INFO     | src.crawler.scraper:_crawl_catalog:143 - Found 20 new books on page 26
2025-11-13 10:58:06 | INFO     | src.database.mongodb:insert_book:77 - Inserted new book: The Story of Art (ID: 69158f8ec0abf7fb8a1302b1)
2025-11-13 10:58:06 | INFO     | src.crawler.scraper:_crawl_book:233 - Inserted new book: The Story of Art
2025-11-13 10:58:06 | INFO     | src.database.mongodb:insert_book:77 - Inserted new book: The Good Girl (ID: 69158f8ec0abf7fb8a1302b2)
2025-11-13 10:58:06 | INFO     | src.crawler.scraper:_crawl_book:233 - Inserted new book: The Good Girl
2025-11-13 10:58:06 | INFO     | src.database.mongodb:insert_book:77 - Inserted new book: The Origin of Species (ID: 69158f8ec0abf7fb8a1302b3)
2025-11-13 10:58:06 | INFO     | src.crawler.scraper:_crawl_book:233 - Inserted new book: The Origin of Species
2025-11-13 10:58:06 | INFO     | src.database.mongodb:insert_book:77 - Inserted new book: The Glass Castle (ID: 69158f8ec0abf7fb8a1302b4)
2025-11-13 10:58:06 | INFO     | src.crawler.scraper:_crawl_book:233 - Inserted new book: The Glass Castle
2025-11-13 10:58:06 | INFO     | src.database.mongodb:insert_book:77 - Inserted new book: The Constant Princess (The Tudor Court #1) (ID: 69158f8ec0abf7fb8a1302b5)
2025-11-13 10:58:06 | INFO     | src.crawler.scraper:_crawl_book:233 - Inserted new book: The Constant Princess (The Tudor Court #1)
2025-11-13 10:58:06 | INFO     | src.database.mongodb:insert_book:77 - Inserted new book: The Drowning Girls (ID: 69158f8ec0abf7fb8a1302b6)
2025-11-13 10:58:06 | INFO     | src.crawler.scraper:_crawl_book:233 - Inserted new book: The Drowning Girls
2025-11-13 10:58:06 | INFO     | src.database.mongodb:insert_book:77 - Inserted new book: The Faith of Christopher Hitchens: The Restless Soul of the World's Most Notorious Atheist (ID: 69158f8ec0abf7fb8a1302b8)
2025-11-13 10:58:06 | INFO     | src.crawler.scraper:_crawl_book:233 - Inserted new book: The Faith of Christopher Hitchens: The Restless Soul of the World's Most Notorious Atheist
2025-11-13 10:58:06 | INFO     | src.database.mongodb:insert_book:77 - Inserted new book: The Great Gatsby (ID: 69158f8ec0abf7fb8a1302b7)
2025-11-13 10:58:06 | INFO     | src.crawler.scraper:_crawl_book:233 - Inserted new book: The Great Gatsby
2025-11-13 10:58:06 | INFO     | src.database.mongodb:insert_book:77 - Inserted new book: The Bachelor Girl's Guide to Murder (Herringford and Watts Mysteries #1) (ID: 69158f8ec0abf7fb8a1302b9)
2025-11-13 10:58:06 | INFO     | src.crawler.scraper:_crawl_book:233 - Inserted new book: The Bachelor Girl's Guide to Murder (Herringford and Watts Mysteries #1)
2025-11-13 10:58:06 | INFO     | src.database.mongodb:insert_book:77 - Inserted new book: The Bourne Identity (Jason Bourne #1) (ID: 69158f8ec0abf7fb8a1302ba)
2025-11-13 10:58:06 | INFO     | src.crawler.scraper:_crawl_book:233 - Inserted new book: The Bourne Identity (Jason Bourne #1)
2025-11-13 10:58:06 | INFO     | src.database.mongodb:insert_book:77 - Inserted new book: The Art Book (ID: 69158f8ec0abf7fb8a1302bb)
2025-11-13 10:58:06 | INFO     | src.crawler.scraper:_crawl_book:233 - Inserted new book: The Art Book
2025-11-13 10:58:06 | INFO     | src.database.mongodb:insert_book:77 - Inserted new book: The 7 Habits of Highly Effective People: Powerful Lessons in Personal Change (ID: 69158f8ec0abf7fb8a1302bc)
2025-11-13 10:58:06 | INFO     | src.crawler.scraper:_crawl_book:233 - Inserted new book: The 7 Habits of Highly Effective People: Powerful Lessons in Personal Change
2025-11-13 10:58:07 | INFO     | src.database.mongodb:insert_book:77 - Inserted new book: Rich Dad, Poor Dad (ID: 69158f8ec0abf7fb8a1302bd)
2025-11-13 10:58:07 | INFO     | src.crawler.scraper:_crawl_book:233 - Inserted new book: Rich Dad, Poor Dad
2025-11-13 10:58:07 | INFO     | src.database.mongodb:insert_book:77 - Inserted new book: Sister Dear (ID: 69158f8ec0abf7fb8a1302be)
2025-11-13 10:58:07 | INFO     | src.crawler.scraper:_crawl_book:233 - Inserted new book: Sister Dear
2025-11-13 10:58:07 | INFO     | src.database.mongodb:insert_book:77 - Inserted new book: Sit, Stay, Love (ID: 69158f8fc0abf7fb8a1302bf)
2025-11-13 10:58:07 | INFO     | src.crawler.scraper:_crawl_book:233 - Inserted new book: Sit, Stay, Love
2025-11-13 10:58:07 | INFO     | src.database.mongodb:insert_book:77 - Inserted new book: Raymie Nightingale (ID: 69158f8fc0abf7fb8a1302c0)
2025-11-13 10:58:07 | INFO     | src.crawler.scraper:_crawl_book:233 - Inserted new book: Raymie Nightingale
2025-11-13 10:58:07 | INFO     | src.database.mongodb:insert_book:77 - Inserted new book: Shrunken Treasures: Literary Classics, Short, Sweet, and Silly (ID: 69158f8fc0abf7fb8a1302c1)
2025-11-13 10:58:07 | INFO     | src.crawler.scraper:_crawl_book:233 - Inserted new book: Shrunken Treasures: Literary Classics, Short, Sweet, and Silly
2025-11-13 10:58:07 | INFO     | src.database.mongodb:insert_book:77 - Inserted new book: Team of Rivals: The Political Genius of Abraham Lincoln (ID: 69158f8fc0abf7fb8a1302c2)
2025-11-13 10:58:07 | INFO     | src.crawler.scraper:_crawl_book:233 - Inserted new book: Team of Rivals: The Political Genius of Abraham Lincoln
2025-11-13 10:58:07 | INFO     | src.database.mongodb:insert_book:77 - Inserted new book: Steal Like an Artist: 10 Things Nobody Told You About Being Creative (ID: 69158f8fc0abf7fb8a1302c3)
2025-11-13 10:58:07 | INFO     | src.crawler.scraper:_crawl_book:233 - Inserted new book: Steal Like an Artist: 10 Things Nobody Told You About Being Creative
2025-11-13 10:58:07 | INFO     | src.database.mongodb:insert_book:77 - Inserted new book: Playing from the Heart (ID: 69158f8fc0abf7fb8a1302c4)
2025-11-13 10:58:07 | INFO     | src.crawler.scraper:_crawl_book:233 - Inserted new book: Playing from the Heart
2025-11-13 10:58:07 | INFO     | src.crawler.scraper:_crawl_catalog:125 - Crawling catalog page 27: https://books.toscrape.com/catalogue/page-27.html
2025-11-13 10:58:07 | INFO     | src.crawler.parser:extract_book_links:169 - Extracted 20 book links from page
2025-11-13 10:58:07 | INFO     | src.crawler.scraper:_crawl_catalog:143 - Found 20 new books on page 27
2025-11-13 10:58:08 | INFO     | src.database.mongodb:insert_book:77 - Inserted new book: Nightstruck: A Novel (ID: 69158f90c0abf7fb8a1302c5)
2025-11-13 10:58:08 | INFO     | src.crawler.scraper:_crawl_book:233 - Inserted new book: Nightstruck: A Novel
2025-11-13 10:58:08 | INFO     | src.database.mongodb:insert_book:77 - Inserted new book: Naturally Lean: 125 Nourishing Gluten-Free, Plant-Based Recipes--All Under 300 Calories (ID: 69158f90c0abf7fb8a1302c6)
2025-11-13 10:58:08 | INFO     | src.crawler.scraper:_crawl_book:233 - Inserted new book: Naturally Lean: 125 Nourishing Gluten-Free, Plant-Based Recipes--All Under 300 Calories
2025-11-13 10:58:08 | INFO     | src.database.mongodb:insert_book:77 - Inserted new book: Like Never Before (Walker Family #2) (ID: 69158f90c0abf7fb8a1302c7)
2025-11-13 10:58:08 | INFO     | src.crawler.scraper:_crawl_book:233 - Inserted new book: Like Never Before (Walker Family #2)
2025-11-13 10:58:08 | INFO     | src.database.mongodb:insert_book:77 - Inserted new book: King's Folly (The Kinsman Chronicles #1) (ID: 69158f90c0abf7fb8a1302c8)
2025-11-13 10:58:08 | INFO     | src.crawler.scraper:_crawl_book:233 - Inserted new book: King's Folly (The Kinsman Chronicles #1)
2025-11-13 10:58:08 | INFO     | src.database.mongodb:insert_book:77 - Inserted new book: Memoirs of a Geisha (ID: 69158f90c0abf7fb8a1302c9)
2025-11-13 10:58:08 | INFO     | src.crawler.scraper:_crawl_book:233 - Inserted new book: Memoirs of a Geisha
2025-11-13 10:58:08 | INFO     | src.database.mongodb:insert_book:77 - Inserted new book: John Adams (ID: 69158f90c0abf7fb8a1302ca)
2025-11-13 10:58:08 | INFO     | src.crawler.scraper:_crawl_book:233 - Inserted new book: John Adams
2025-11-13 10:58:08 | INFO     | src.database.mongodb:insert_book:77 - Inserted new book: Leave This Song Behind: Teen Poetry at Its Best (ID: 69158f90c0abf7fb8a1302cc)
2025-11-13 10:58:08 | INFO     | src.crawler.scraper:_crawl_book:233 - Inserted new book: Leave This Song Behind: Teen Poetry at Its Best
2025-11-13 10:58:08 | INFO     | src.database.mongodb:insert_book:77 - Inserted new book: Life of Pi (ID: 69158f90c0abf7fb8a1302cb)
2025-11-13 10:58:08 | INFO     | src.crawler.scraper:_crawl_book:233 - Inserted new book: Life of Pi
2025-11-13 10:58:08 | INFO     | src.database.mongodb:insert_book:77 - Inserted new book: How to Cook Everything Vegetarian: Simple Meatless Recipes for Great Food (How to Cook Everything) (ID: 69158f90c0abf7fb8a1302cd)
2025-11-13 10:58:08 | INFO     | src.crawler.scraper:_crawl_book:233 - Inserted new book: How to Cook Everything Vegetarian: Simple Meatless Recipes for Great Food (How to Cook Everything)
2025-11-13 10:58:08 | INFO     | src.database.mongodb:insert_book:77 - Inserted new book: Meternity (ID: 69158f90c0abf7fb8a1302ce)
2025-11-13 10:58:08 | INFO     | src.crawler.scraper:_crawl_book:233 - Inserted new book: Meternity
2025-11-13 10:58:08 | INFO     | src.database.mongodb:insert_book:77 - Inserted new book: How to Be a Domestic Goddess: Baking and the Art of Comfort Cooking (ID: 69158f90c0abf7fb8a1302cf)
2025-11-13 10:58:08 | INFO     | src.crawler.scraper:_crawl_book:233 - Inserted new book: How to Be a Domestic Goddess: Baking and the Art of Comfort Cooking
2025-11-13 10:58:09 | INFO     | src.database.mongodb:insert_book:77 - Inserted new book: Good in Bed (Cannie Shapiro #1) (ID: 69158f91c0abf7fb8a1302d0)
2025-11-13 10:58:09 | INFO     | src.crawler.scraper:_crawl_book:233 - Inserted new book: Good in Bed (Cannie Shapiro #1)
2025-11-13 10:58:09 | INFO     | src.database.mongodb:insert_book:77 - Inserted new book: For the Love: Fighting for Grace in a World of Impossible Standards (ID: 69158f91c0abf7fb8a1302d1)
2025-11-13 10:58:09 | INFO     | src.crawler.scraper:_crawl_book:233 - Inserted new book: For the Love: Fighting for Grace in a World of Impossible Standards
2025-11-13 10:58:09 | INFO     | src.database.mongodb:insert_book:77 - Inserted new book: Every Heart a Doorway (Every Heart A Doorway #1) (ID: 69158f91c0abf7fb8a1302d2)
2025-11-13 10:58:09 | INFO     | src.crawler.scraper:_crawl_book:233 - Inserted new book: Every Heart a Doorway (Every Heart A Doorway #1)
2025-11-13 10:58:09 | INFO     | src.database.mongodb:insert_book:77 - Inserted new book: Fruits Basket, Vol. 7 (Fruits Basket #7) (ID: 69158f91c0abf7fb8a1302d3)
2025-11-13 10:58:09 | INFO     | src.crawler.scraper:_crawl_book:233 - Inserted new book: Fruits Basket, Vol. 7 (Fruits Basket #7)
2025-11-13 10:58:09 | INFO     | src.database.mongodb:insert_book:77 - Inserted new book: Blue Like Jazz: Nonreligious Thoughts on Christian Spirituality (ID: 69158f91c0abf7fb8a1302d4)
2025-11-13 10:58:09 | INFO     | src.crawler.scraper:_crawl_book:233 - Inserted new book: Blue Like Jazz: Nonreligious Thoughts on Christian Spirituality
2025-11-13 10:58:09 | INFO     | src.database.mongodb:insert_book:77 - Inserted new book: Delivering the Truth (Quaker Midwife Mystery #1) (ID: 69158f91c0abf7fb8a1302d5)
2025-11-13 10:58:09 | INFO     | src.crawler.scraper:_crawl_book:233 - Inserted new book: Delivering the Truth (Quaker Midwife Mystery #1)
2025-11-13 10:58:09 | INFO     | src.database.mongodb:insert_book:77 - Inserted new book: Finding God in the Ruins: How God Redeems Pain (ID: 69158f91c0abf7fb8a1302d6)
2025-11-13 10:58:09 | INFO     | src.crawler.scraper:_crawl_book:233 - Inserted new book: Finding God in the Ruins: How God Redeems Pain
2025-11-13 10:58:09 | INFO     | src.database.mongodb:insert_book:77 - Inserted new book: Chronicles, Vol. 1 (ID: 69158f91c0abf7fb8a1302d7)
2025-11-13 10:58:09 | INFO     | src.crawler.scraper:_crawl_book:233 - Inserted new book: Chronicles, Vol. 1
2025-11-13 10:58:09 | INFO     | src.database.mongodb:insert_book:77 - Inserted new book: Counted With the Stars (Out from Egypt #1) (ID: 69158f91c0abf7fb8a1302d8)
2025-11-13 10:58:09 | INFO     | src.crawler.scraper:_crawl_book:233 - Inserted new book: Counted With the Stars (Out from Egypt #1)
2025-11-13 10:58:09 | INFO     | src.crawler.scraper:_crawl_catalog:125 - Crawling catalog page 28: https://books.toscrape.com/catalogue/page-28.html
2025-11-13 10:58:09 | INFO     | src.crawler.parser:extract_book_links:169 - Extracted 20 book links from page
2025-11-13 10:58:09 | INFO     | src.crawler.scraper:_crawl_catalog:143 - Found 20 new books on page 28
2025-11-13 10:58:10 | INFO     | src.database.mongodb:insert_book:77 - Inserted new book: Benjamin Franklin: An American Life (ID: 69158f92c0abf7fb8a1302d9)
2025-11-13 10:58:10 | INFO     | src.crawler.scraper:_crawl_book:233 - Inserted new book: Benjamin Franklin: An American Life
2025-11-13 10:58:10 | INFO     | src.database.mongodb:insert_book:77 - Inserted new book: At The Existentialist Café: Freedom, Being, and apricot cocktails with: Jean-Paul Sartre, Simone de Beauvoir, Albert Camus, Martin Heidegger, Edmund Husserl, Karl Jaspers, Maurice Merleau-Ponty and others (ID: 69158f92c0abf7fb8a1302da)
2025-11-13 10:58:10 | INFO     | src.crawler.scraper:_crawl_book:233 - Inserted new book: At The Existentialist Café: Freedom, Being, and apricot cocktails with: Jean-Paul Sartre, Simone de Beauvoir, Albert Camus, Martin Heidegger, Edmund Husserl, Karl Jaspers, Maurice Merleau-Ponty and others
2025-11-13 10:58:10 | INFO     | src.database.mongodb:insert_book:77 - Inserted new book: A Gathering of Shadows (Shades of Magic #2) (ID: 69158f92c0abf7fb8a1302db)
2025-11-13 10:58:10 | INFO     | src.crawler.scraper:_crawl_book:233 - Inserted new book: A Gathering of Shadows (Shades of Magic #2)
2025-11-13 10:58:10 | INFO     | src.database.mongodb:insert_book:77 - Inserted new book: The Perks of Being a Wallflower (ID: 69158f92c0abf7fb8a1302dc)
2025-11-13 10:58:10 | INFO     | src.crawler.scraper:_crawl_book:233 - Inserted new book: The Perks of Being a Wallflower
2025-11-13 10:58:10 | INFO     | src.database.mongodb:insert_book:77 - Inserted new book: A Short History of Nearly Everything (ID: 69158f92c0abf7fb8a1302dd)
2025-11-13 10:58:10 | INFO     | src.crawler.scraper:_crawl_book:233 - Inserted new book: A Short History of Nearly Everything
2025-11-13 10:58:10 | INFO     | src.database.mongodb:insert_book:77 - Inserted new book: The Mysterious Affair at Styles (Hercule Poirot #1) (ID: 69158f92c0abf7fb8a1302df)
2025-11-13 10:58:10 | INFO     | src.crawler.scraper:_crawl_book:233 - Inserted new book: The Mysterious Affair at Styles (Hercule Poirot #1)
2025-11-13 10:58:10 | INFO     | src.database.mongodb:insert_book:77 - Inserted new book: The Rise and Fall of the Third Reich: A History of Nazi Germany (ID: 69158f92c0abf7fb8a1302e0)
2025-11-13 10:58:10 | INFO     | src.crawler.scraper:_crawl_book:233 - Inserted new book: The Rise and Fall of the Third Reich: A History of Nazi Germany
2025-11-13 10:58:10 | INFO     | src.database.mongodb:insert_book:77 - Inserted new book: The Sound Of Love (ID: 69158f92c0abf7fb8a1302de)
2025-11-13 10:58:10 | INFO     | src.crawler.scraper:_crawl_book:233 - Inserted new book: The Sound Of Love
2025-11-13 10:58:10 | INFO     | src.database.mongodb:insert_book:77 - Inserted new book: A Summer In Europe (ID: 69158f92c0abf7fb8a1302e2)
2025-11-13 10:58:10 | INFO     | src.crawler.scraper:_crawl_book:233 - Inserted new book: A Summer In Europe
2025-11-13 10:58:10 | INFO     | src.database.mongodb:insert_book:77 - Inserted new book: The Makings of a Fatherless Child (ID: 69158f92c0abf7fb8a1302e1)
2025-11-13 10:58:10 | INFO     | src.crawler.scraper:_crawl_book:233 - Inserted new book: The Makings of a Fatherless Child
2025-11-13 10:58:11 | INFO     | src.database.mongodb:insert_book:77 - Inserted new book: The Hobbit (Middle-Earth Universe) (ID: 69158f93c0abf7fb8a1302e4)
2025-11-13 10:58:11 | INFO     | src.crawler.scraper:_crawl_book:233 - Inserted new book: The Hobbit (Middle-Earth Universe)
2025-11-13 10:58:11 | INFO     | src.database.mongodb:insert_book:77 - Inserted new book: The Joy of Cooking (ID: 69158f93c0abf7fb8a1302e3)
2025-11-13 10:58:11 | INFO     | src.crawler.scraper:_crawl_book:233 - Inserted new book: The Joy of Cooking
2025-11-13 10:58:11 | INFO     | src.database.mongodb:insert_book:77 - Inserted new book: The Invention of Wings (ID: 69158f93c0abf7fb8a1302e5)
2025-11-13 10:58:11 | INFO     | src.crawler.scraper:_crawl_book:233 - Inserted new book: The Invention of Wings
2025-11-13 10:58:11 | INFO     | src.database.mongodb:insert_book:77 - Inserted new book: The Great Railway Bazaar (ID: 69158f93c0abf7fb8a1302e6)
2025-11-13 10:58:11 | INFO     | src.crawler.scraper:_crawl_book:233 - Inserted new book: The Great Railway Bazaar
2025-11-13 10:58:11 | INFO     | src.database.mongodb:insert_book:77 - Inserted new book: The Collected Poems of W.B. Yeats (The Collected Works of W.B. Yeats #1) (ID: 69158f93c0abf7fb8a1302e8)
2025-11-13 10:58:11 | INFO     | src.crawler.scraper:_crawl_book:233 - Inserted new book: The Collected Poems of W.B. Yeats (The Collected Works of W.B. Yeats #1)
2025-11-13 10:58:11 | INFO     | src.database.mongodb:insert_book:77 - Inserted new book: The Girl You Left Behind (The Girl You Left Behind #1) (ID: 69158f93c0abf7fb8a1302e7)
2025-11-13 10:58:11 | INFO     | src.crawler.scraper:_crawl_book:233 - Inserted new book: The Girl You Left Behind (The Girl You Left Behind #1)
2025-11-13 10:58:11 | INFO     | src.database.mongodb:insert_book:77 - Inserted new book: The God Delusion (ID: 69158f93c0abf7fb8a1302eb)
2025-11-13 10:58:11 | INFO     | src.crawler.scraper:_crawl_book:233 - Inserted new book: The God Delusion
2025-11-13 10:58:11 | INFO     | src.database.mongodb:insert_book:77 - Inserted new book: The Golden Compass (His Dark Materials #1) (ID: 69158f93c0abf7fb8a1302e9)
2025-11-13 10:58:11 | INFO     | src.crawler.scraper:_crawl_book:233 - Inserted new book: The Golden Compass (His Dark Materials #1)
2025-11-13 10:58:11 | INFO     | src.database.mongodb:insert_book:77 - Inserted new book: The Fellowship of the Ring (The Lord of the Rings #1) (ID: 69158f93c0abf7fb8a1302ea)
2025-11-13 10:58:11 | INFO     | src.crawler.scraper:_crawl_book:233 - Inserted new book: The Fellowship of the Ring (The Lord of the Rings #1)
2025-11-13 10:58:12 | INFO     | src.database.mongodb:insert_book:77 - Inserted new book: The Man Who Mistook His Wife for a Hat and Other Clinical Tales (ID: 69158f94c0abf7fb8a1302ec)
2025-11-13 10:58:12 | INFO     | src.crawler.scraper:_crawl_book:233 - Inserted new book: The Man Who Mistook His Wife for a Hat and Other Clinical Tales
2025-11-13 10:58:12 | INFO     | src.crawler.scraper:_crawl_catalog:125 - Crawling catalog page 29: https://books.toscrape.com/catalogue/page-29.html
2025-11-13 10:58:13 | INFO     | src.crawler.parser:extract_book_links:169 - Extracted 20 book links from page
2025-11-13 10:58:13 | INFO     | src.crawler.scraper:_crawl_catalog:143 - Found 20 new books on page 29
2025-11-13 10:58:13 | INFO     | src.database.mongodb:insert_book:77 - Inserted new book: The Barefoot Contessa Cookbook (ID: 69158f95c0abf7fb8a1302ed)
2025-11-13 10:58:13 | INFO     | src.crawler.scraper:_crawl_book:233 - Inserted new book: The Barefoot Contessa Cookbook
2025-11-13 10:58:13 | INFO     | src.database.mongodb:insert_book:77 - Inserted new book: Tell the Wolves I'm Home (ID: 69158f95c0abf7fb8a1302ee)
2025-11-13 10:58:13 | INFO     | src.crawler.scraper:_crawl_book:233 - Inserted new book: Tell the Wolves I'm Home
2025-11-13 10:58:14 | INFO     | src.database.mongodb:insert_book:77 - Inserted new book: In the Woods (Dublin Murder Squad #1) (ID: 69158f95c0abf7fb8a1302f0)
2025-11-13 10:58:14 | INFO     | src.crawler.scraper:_crawl_book:233 - Inserted new book: In the Woods (Dublin Murder Squad #1)
2025-11-13 10:58:14 | INFO     | src.database.mongodb:insert_book:77 - Inserted new book: Musicophilia: Tales of Music and the Brain (ID: 69158f95c0abf7fb8a1302ef)
2025-11-13 10:58:14 | INFO     | src.crawler.scraper:_crawl_book:233 - Inserted new book: Musicophilia: Tales of Music and the Brain
2025-11-13 10:58:14 | INFO     | src.database.mongodb:insert_book:77 - Inserted new book: Pride and Prejudice (ID: 69158f95c0abf7fb8a1302f1)
2025-11-13 10:58:14 | INFO     | src.crawler.scraper:_crawl_book:233 - Inserted new book: Pride and Prejudice
2025-11-13 10:58:14 | INFO     | src.database.mongodb:insert_book:77 - Inserted new book: Give It Back (ID: 69158f96c0abf7fb8a1302f2)
2025-11-13 10:58:14 | INFO     | src.crawler.scraper:_crawl_book:233 - Inserted new book: Give It Back
2025-11-13 10:58:14 | INFO     | src.database.mongodb:insert_book:77 - Inserted new book: In Cold Blood (ID: 69158f96c0abf7fb8a1302f3)
2025-11-13 10:58:14 | INFO     | src.crawler.scraper:_crawl_book:233 - Inserted new book: In Cold Blood
2025-11-13 10:58:14 | INFO     | src.database.mongodb:insert_book:77 - Inserted new book: Mere Christianity (ID: 69158f96c0abf7fb8a1302f4)
2025-11-13 10:58:14 | INFO     | src.crawler.scraper:_crawl_book:233 - Inserted new book: Mere Christianity
2025-11-13 10:58:14 | INFO     | src.database.mongodb:insert_book:77 - Inserted new book: Me Before You (Me Before You #1) (ID: 69158f96c0abf7fb8a1302f5)
2025-11-13 10:58:14 | INFO     | src.crawler.scraper:_crawl_book:233 - Inserted new book: Me Before You (Me Before You #1)
2025-11-13 10:58:14 | INFO     | src.database.mongodb:insert_book:77 - Inserted new book: How to Stop Worrying and Start Living (ID: 69158f96c0abf7fb8a1302f7)
2025-11-13 10:58:14 | INFO     | src.crawler.scraper:_crawl_book:233 - Inserted new book: How to Stop Worrying and Start Living
2025-11-13 10:58:14 | INFO     | src.database.mongodb:insert_book:77 - Inserted new book: Ship Leaves Harbor: Essays on Travel by a Recovering Journeyman (ID: 69158f96c0abf7fb8a1302f6)
2025-11-13 10:58:14 | INFO     | src.crawler.scraper:_crawl_book:233 - Inserted new book: Ship Leaves Harbor: Essays on Travel by a Recovering Journeyman
2025-11-13 10:58:14 | INFO     | src.database.mongodb:insert_book:77 - Inserted new book: Girl, Interrupted (ID: 69158f96c0abf7fb8a1302f8)
2025-11-13 10:58:14 | INFO     | src.crawler.scraper:_crawl_book:233 - Inserted new book: Girl, Interrupted
2025-11-13 10:58:14 | INFO     | src.database.mongodb:insert_book:77 - Inserted new book: Fun Home: A Family Tragicomic (ID: 69158f96c0abf7fb8a1302f9)
2025-11-13 10:58:14 | INFO     | src.crawler.scraper:_crawl_book:233 - Inserted new book: Fun Home: A Family Tragicomic
2025-11-13 10:58:14 | INFO     | src.database.mongodb:insert_book:77 - Inserted new book: Death Note, Vol. 6: Give-and-Take (Death Note #6) (ID: 69158f96c0abf7fb8a1302fa)
2025-11-13 10:58:14 | INFO     | src.crawler.scraper:_crawl_book:233 - Inserted new book: Death Note, Vol. 6: Give-and-Take (Death Note #6)
2025-11-13 10:58:14 | INFO     | src.database.mongodb:insert_book:77 - Inserted new book: Fruits Basket, Vol. 6 (Fruits Basket #6) (ID: 69158f96c0abf7fb8a1302fb)
2025-11-13 10:58:14 | INFO     | src.crawler.scraper:_crawl_book:233 - Inserted new book: Fruits Basket, Vol. 6 (Fruits Basket #6)
2025-11-13 10:58:14 | INFO     | src.database.mongodb:insert_book:77 - Inserted new book: An Unquiet Mind: A Memoir of Moods and Madness (ID: 69158f96c0abf7fb8a1302fc)
2025-11-13 10:58:14 | INFO     | src.crawler.scraper:_crawl_book:233 - Inserted new book: An Unquiet Mind: A Memoir of Moods and Madness
2025-11-13 10:58:14 | INFO     | src.database.mongodb:insert_book:77 - Inserted new book: A Year in Provence (Provence #1) (ID: 69158f96c0abf7fb8a1302fe)
2025-11-13 10:58:14 | INFO     | src.crawler.scraper:_crawl_book:233 - Inserted new book: A Year in Provence (Provence #1)
2025-11-13 10:58:14 | INFO     | src.database.mongodb:insert_book:77 - Inserted new book: Catherine the Great: Portrait of a Woman (ID: 69158f96c0abf7fb8a1302fd)
2025-11-13 10:58:14 | INFO     | src.crawler.scraper:_crawl_book:233 - Inserted new book: Catherine the Great: Portrait of a Woman
2025-11-13 10:58:14 | INFO     | src.database.mongodb:insert_book:77 - Inserted new book: Deception Point (ID: 69158f96c0abf7fb8a1302ff)
2025-11-13 10:58:14 | INFO     | src.crawler.scraper:_crawl_book:233 - Inserted new book: Deception Point
2025-11-13 10:58:14 | INFO     | src.database.mongodb:insert_book:77 - Inserted new book: Better Homes and Gardens New Cook Book (ID: 69158f96c0abf7fb8a130300)
2025-11-13 10:58:14 | INFO     | src.crawler.scraper:_crawl_book:233 - Inserted new book: Better Homes and Gardens New Cook Book
2025-11-13 10:58:14 | INFO     | src.crawler.scraper:_crawl_catalog:125 - Crawling catalog page 30: https://books.toscrape.com/catalogue/page-30.html
2025-11-13 10:58:15 | INFO     | src.crawler.parser:extract_book_links:169 - Extracted 20 book links from page
2025-11-13 10:58:15 | INFO     | src.crawler.scraper:_crawl_catalog:143 - Found 20 new books on page 30
2025-11-13 10:58:15 | INFO     | src.database.mongodb:insert_book:77 - Inserted new book: World Without End (The Pillars of the Earth #2) (ID: 69158f97c0abf7fb8a130301)
2025-11-13 10:58:15 | INFO     | src.crawler.scraper:_crawl_book:233 - Inserted new book: World Without End (The Pillars of the Earth #2)
2025-11-13 10:58:15 | INFO     | src.database.mongodb:insert_book:77 - Inserted new book: Where She Went (If I Stay #2) (ID: 69158f97c0abf7fb8a130302)
2025-11-13 10:58:15 | INFO     | src.crawler.scraper:_crawl_book:233 - Inserted new book: Where She Went (If I Stay #2)
2025-11-13 10:58:15 | INFO     | src.database.mongodb:insert_book:77 - Inserted new book: Two Summers (ID: 69158f97c0abf7fb8a130304)
2025-11-13 10:58:15 | INFO     | src.crawler.scraper:_crawl_book:233 - Inserted new book: Two Summers
2025-11-13 10:58:15 | INFO     | src.database.mongodb:insert_book:77 - Inserted new book: The Raven King (The Raven Cycle #4) (ID: 69158f97c0abf7fb8a130303)
2025-11-13 10:58:15 | INFO     | src.crawler.scraper:_crawl_book:233 - Inserted new book: The Raven King (The Raven Cycle #4)
2025-11-13 10:58:15 | INFO     | src.database.mongodb:insert_book:77 - Inserted new book: Will Grayson, Will Grayson (Will Grayson, Will Grayson) (ID: 69158f97c0abf7fb8a130305)
2025-11-13 10:58:15 | INFO     | src.crawler.scraper:_crawl_book:233 - Inserted new book: Will Grayson, Will Grayson (Will Grayson, Will Grayson)
2025-11-13 10:58:15 | INFO     | src.database.mongodb:insert_book:77 - Inserted new book: What If?: Serious Scientific Answers to Absurd Hypothetical Questions (ID: 69158f97c0abf7fb8a130306)
2025-11-13 10:58:15 | INFO     | src.crawler.scraper:_crawl_book:233 - Inserted new book: What If?: Serious Scientific Answers to Absurd Hypothetical Questions
2025-11-13 10:58:15 | INFO     | src.database.mongodb:insert_book:77 - Inserted new book: The Secret Garden (ID: 69158f97c0abf7fb8a130307)
2025-11-13 10:58:15 | INFO     | src.crawler.scraper:_crawl_book:233 - Inserted new book: The Secret Garden
2025-11-13 10:58:15 | INFO     | src.database.mongodb:insert_book:77 - Inserted new book: This Is Your Brain on Music: The Science of a Human Obsession (ID: 69158f97c0abf7fb8a130308)
2025-11-13 10:58:15 | INFO     | src.crawler.scraper:_crawl_book:233 - Inserted new book: This Is Your Brain on Music: The Science of a Human Obsession
2025-11-13 10:58:15 | INFO     | src.database.mongodb:insert_book:77 - Inserted new book: Why Save the Bankers?: And Other Essays on Our Economic and Political Crisis (ID: 69158f97c0abf7fb8a130309)
2025-11-13 10:58:15 | INFO     | src.crawler.scraper:_crawl_book:233 - Inserted new book: Why Save the Bankers?: And Other Essays on Our Economic and Political Crisis
2025-11-13 10:58:15 | INFO     | src.database.mongodb:insert_book:77 - Inserted new book: The Raven Boys (The Raven Cycle #1) (ID: 69158f97c0abf7fb8a13030a)
2025-11-13 10:58:15 | INFO     | src.crawler.scraper:_crawl_book:233 - Inserted new book: The Raven Boys (The Raven Cycle #1)
2025-11-13 10:58:15 | INFO     | src.database.mongodb:insert_book:77 - Inserted new book: The Power Greens Cookbook: 140 Delicious Superfood Recipes (ID: 69158f97c0abf7fb8a13030b)
2025-11-13 10:58:15 | INFO     | src.crawler.scraper:_crawl_book:233 - Inserted new book: The Power Greens Cookbook: 140 Delicious Superfood Recipes
2025-11-13 10:58:15 | INFO     | src.database.mongodb:insert_book:77 - Inserted new book: The Metamorphosis (ID: 69158f97c0abf7fb8a13030c)
2025-11-13 10:58:15 | INFO     | src.crawler.scraper:_crawl_book:233 - Inserted new book: The Metamorphosis
2025-11-13 10:58:15 | INFO     | src.database.mongodb:insert_book:77 - Inserted new book: The Mathews Men: Seven Brothers and the War Against Hitler's U-boats (ID: 69158f97c0abf7fb8a13030d)
2025-11-13 10:58:15 | INFO     | src.crawler.scraper:_crawl_book:233 - Inserted new book: The Mathews Men: Seven Brothers and the War Against Hitler's U-boats
2025-11-13 10:58:15 | INFO     | src.database.mongodb:insert_book:77 - Inserted new book: The Little Paris Bookshop (ID: 69158f97c0abf7fb8a13030e)
2025-11-13 10:58:15 | INFO     | src.crawler.scraper:_crawl_book:233 - Inserted new book: The Little Paris Bookshop
2025-11-13 10:58:16 | INFO     | src.database.mongodb:insert_book:77 - Inserted new book: The Hiding Place (ID: 69158f98c0abf7fb8a13030f)
2025-11-13 10:58:16 | INFO     | src.crawler.scraper:_crawl_book:233 - Inserted new book: The Hiding Place
2025-11-13 10:58:16 | INFO     | src.database.mongodb:insert_book:77 - Inserted new book: The Grand Design (ID: 69158f98c0abf7fb8a130310)
2025-11-13 10:58:16 | INFO     | src.crawler.scraper:_crawl_book:233 - Inserted new book: The Grand Design
2025-11-13 10:58:16 | INFO     | src.database.mongodb:insert_book:77 - Inserted new book: The Firm (ID: 69158f98c0abf7fb8a130311)
2025-11-13 10:58:16 | INFO     | src.crawler.scraper:_crawl_book:233 - Inserted new book: The Firm
2025-11-13 10:58:16 | INFO     | src.database.mongodb:insert_book:77 - Inserted new book: The Fault in Our Stars (ID: 69158f98c0abf7fb8a130312)
2025-11-13 10:58:16 | INFO     | src.crawler.scraper:_crawl_book:233 - Inserted new book: The Fault in Our Stars
2025-11-13 10:58:16 | INFO     | src.database.mongodb:insert_book:77 - Inserted new book: The Expatriates (ID: 69158f98c0abf7fb8a130313)
2025-11-13 10:58:16 | INFO     | src.crawler.scraper:_crawl_book:233 - Inserted new book: The Expatriates
2025-11-13 10:58:16 | INFO     | src.database.mongodb:insert_book:77 - Inserted new book: The False Prince (The Ascendance Trilogy #1) (ID: 69158f98c0abf7fb8a130314)
2025-11-13 10:58:16 | INFO     | src.crawler.scraper:_crawl_book:233 - Inserted new book: The False Prince (The Ascendance Trilogy #1)
2025-11-13 10:58:16 | INFO     | src.crawler.scraper:_crawl_catalog:125 - Crawling catalog page 31: https://books.toscrape.com/catalogue/page-31.html
2025-11-13 10:58:17 | INFO     | src.crawler.parser:extract_book_links:169 - Extracted 20 book links from page
2025-11-13 10:58:17 | INFO     | src.crawler.scraper:_crawl_catalog:143 - Found 20 new books on page 31
2025-11-13 10:58:17 | INFO     | src.database.mongodb:insert_book:77 - Inserted new book: The Dream Thieves (The Raven Cycle #2) (ID: 69158f99c0abf7fb8a130315)
2025-11-13 10:58:17 | INFO     | src.crawler.scraper:_crawl_book:233 - Inserted new book: The Dream Thieves (The Raven Cycle #2)
2025-11-13 10:58:17 | INFO     | src.database.mongodb:insert_book:77 - Inserted new book: The Darkest Corners (ID: 69158f99c0abf7fb8a130316)
2025-11-13 10:58:17 | INFO     | src.crawler.scraper:_crawl_book:233 - Inserted new book: The Darkest Corners
2025-11-13 10:58:17 | INFO     | src.database.mongodb:insert_book:77 - Inserted new book: Tell the Wind and Fire (ID: 69158f99c0abf7fb8a130317)
2025-11-13 10:58:17 | INFO     | src.crawler.scraper:_crawl_book:233 - Inserted new book: Tell the Wind and Fire
2025-11-13 10:58:17 | INFO     | src.database.mongodb:insert_book:77 - Inserted new book: The 5th Wave (The 5th Wave #1) (ID: 69158f99c0abf7fb8a130318)
2025-11-13 10:58:17 | INFO     | src.crawler.scraper:_crawl_book:233 - Inserted new book: The 5th Wave (The 5th Wave #1)
2025-11-13 10:58:17 | INFO     | src.database.mongodb:insert_book:77 - Inserted new book: Siddhartha (ID: 69158f99c0abf7fb8a130319)
2025-11-13 10:58:17 | INFO     | src.crawler.scraper:_crawl_book:233 - Inserted new book: Siddhartha
2025-11-13 10:58:17 | INFO     | src.database.mongodb:insert_book:77 - Inserted new book: Shiver (The Wolves of Mercy Falls #1) (ID: 69158f99c0abf7fb8a13031b)
2025-11-13 10:58:17 | INFO     | src.crawler.scraper:_crawl_book:233 - Inserted new book: Shiver (The Wolves of Mercy Falls #1)
2025-11-13 10:58:17 | INFO     | src.database.mongodb:insert_book:77 - Inserted new book: Tell Me Three Things (ID: 69158f99c0abf7fb8a13031a)
2025-11-13 10:58:17 | INFO     | src.crawler.scraper:_crawl_book:233 - Inserted new book: Tell Me Three Things
2025-11-13 10:58:17 | INFO     | src.database.mongodb:insert_book:77 - Inserted new book: Talking to Girls About Duran Duran: One Young Man's Quest for True Love and a Cooler Haircut (ID: 69158f99c0abf7fb8a13031c)
2025-11-13 10:58:17 | INFO     | src.crawler.scraper:_crawl_book:233 - Inserted new book: Talking to Girls About Duran Duran: One Young Man's Quest for True Love and a Cooler Haircut
2025-11-13 10:58:17 | INFO     | src.database.mongodb:insert_book:77 - Inserted new book: The Crossover (ID: 69158f99c0abf7fb8a13031d)
2025-11-13 10:58:17 | INFO     | src.crawler.scraper:_crawl_book:233 - Inserted new book: The Crossover
2025-11-13 10:58:17 | INFO     | src.database.mongodb:insert_book:77 - Inserted new book: Remember Me? (ID: 69158f99c0abf7fb8a13031e)
2025-11-13 10:58:17 | INFO     | src.crawler.scraper:_crawl_book:233 - Inserted new book: Remember Me?
2025-11-13 10:58:17 | INFO     | src.database.mongodb:insert_book:77 - Inserted new book: Red Dragon (Hannibal Lecter #1) (ID: 69158f99c0abf7fb8a13031f)
2025-11-13 10:58:17 | INFO     | src.crawler.scraper:_crawl_book:233 - Inserted new book: Red Dragon (Hannibal Lecter #1)
2025-11-13 10:58:18 | INFO     | src.database.mongodb:insert_book:77 - Inserted new book: Peak: Secrets from the New Science of Expertise (ID: 69158f9ac0abf7fb8a130320)
2025-11-13 10:58:18 | INFO     | src.crawler.scraper:_crawl_book:233 - Inserted new book: Peak: Secrets from the New Science of Expertise
2025-11-13 10:58:18 | INFO     | src.database.mongodb:insert_book:77 - Inserted new book: My Mother Was Nuts (ID: 69158f9ac0abf7fb8a130321)
2025-11-13 10:58:18 | INFO     | src.crawler.scraper:_crawl_book:233 - Inserted new book: My Mother Was Nuts
2025-11-13 10:58:18 | INFO     | src.database.mongodb:insert_book:77 - Inserted new book: Killing Floor (Jack Reacher #1) (ID: 69158f9ac0abf7fb8a130324)
2025-11-13 10:58:18 | INFO     | src.crawler.scraper:_crawl_book:233 - Inserted new book: Killing Floor (Jack Reacher #1)
2025-11-13 10:58:18 | INFO     | src.database.mongodb:insert_book:77 - Inserted new book: Lola and the Boy Next Door (Anna and the French Kiss #2) (ID: 69158f9ac0abf7fb8a130323)
2025-11-13 10:58:18 | INFO     | src.crawler.scraper:_crawl_book:233 - Inserted new book: Lola and the Boy Next Door (Anna and the French Kiss #2)
2025-11-13 10:58:18 | INFO     | src.database.mongodb:insert_book:77 - Inserted new book: Mexican Today: New and Rediscovered Recipes for Contemporary Kitchens (ID: 69158f9ac0abf7fb8a130322)
2025-11-13 10:58:18 | INFO     | src.crawler.scraper:_crawl_book:233 - Inserted new book: Mexican Today: New and Rediscovered Recipes for Contemporary Kitchens
2025-11-13 10:58:18 | INFO     | src.database.mongodb:insert_book:77 - Inserted new book: Maybe Something Beautiful: How Art Transformed a Neighborhood (ID: 69158f9ac0abf7fb8a130325)
2025-11-13 10:58:18 | INFO     | src.crawler.scraper:_crawl_book:233 - Inserted new book: Maybe Something Beautiful: How Art Transformed a Neighborhood
2025-11-13 10:58:18 | INFO     | src.database.mongodb:insert_book:77 - Inserted new book: Logan Kade (Fallen Crest High #5.5) (ID: 69158f9ac0abf7fb8a130328)
2025-11-13 10:58:18 | INFO     | src.crawler.scraper:_crawl_book:233 - Inserted new book: Logan Kade (Fallen Crest High #5.5)
2025-11-13 10:58:18 | INFO     | src.database.mongodb:insert_book:77 - Inserted new book: Last One Home (New Beginnings #1) (ID: 69158f9ac0abf7fb8a130327)
2025-11-13 10:58:18 | INFO     | src.crawler.scraper:_crawl_book:233 - Inserted new book: Last One Home (New Beginnings #1)
2025-11-13 10:58:18 | INFO     | src.database.mongodb:insert_book:77 - Inserted new book: Kill the Boy Band (ID: 69158f9ac0abf7fb8a130326)
2025-11-13 10:58:18 | INFO     | src.crawler.scraper:_crawl_book:233 - Inserted new book: Kill the Boy Band
2025-11-13 10:58:18 | INFO     | src.crawler.scraper:_crawl_catalog:125 - Crawling catalog page 32: https://books.toscrape.com/catalogue/page-32.html
2025-11-13 10:58:18 | INFO     | src.crawler.parser:extract_book_links:169 - Extracted 20 book links from page
2025-11-13 10:58:18 | INFO     | src.crawler.scraper:_crawl_catalog:143 - Found 20 new books on page 32
2025-11-13 10:58:19 | INFO     | src.database.mongodb:insert_book:77 - Inserted new book: Isla and the Happily Ever After (Anna and the French Kiss #3) (ID: 69158f9ac0abf7fb8a130329)
2025-11-13 10:58:19 | INFO     | src.crawler.scraper:_crawl_book:233 - Inserted new book: Isla and the Happily Ever After (Anna and the French Kiss #3)
2025-11-13 10:58:19 | INFO     | src.database.mongodb:insert_book:77 - Inserted new book: Fruits Basket, Vol. 5 (Fruits Basket #5) (ID: 69158f9bc0abf7fb8a13032a)
2025-11-13 10:58:19 | INFO     | src.crawler.scraper:_crawl_book:233 - Inserted new book: Fruits Basket, Vol. 5 (Fruits Basket #5)
2025-11-13 10:58:19 | INFO     | src.database.mongodb:insert_book:77 - Inserted new book: Evicted: Poverty and Profit in the American City (ID: 69158f9bc0abf7fb8a13032c)
2025-11-13 10:58:19 | INFO     | src.crawler.scraper:_crawl_book:233 - Inserted new book: Evicted: Poverty and Profit in the American City
2025-11-13 10:58:19 | INFO     | src.database.mongodb:insert_book:77 - Inserted new book: Harry Potter and the Deathly Hallows (Harry Potter #7) (ID: 69158f9bc0abf7fb8a13032b)
2025-11-13 10:58:19 | INFO     | src.crawler.scraper:_crawl_book:233 - Inserted new book: Harry Potter and the Deathly Hallows (Harry Potter #7)
2025-11-13 10:58:19 | INFO     | src.database.mongodb:insert_book:77 - Inserted new book: Fool Me Once (ID: 69158f9bc0abf7fb8a13032d)
2025-11-13 10:58:19 | INFO     | src.crawler.scraper:_crawl_book:233 - Inserted new book: Fool Me Once
2025-11-13 10:58:19 | INFO     | src.database.mongodb:insert_book:77 - Inserted new book: Foundation (Foundation (Publication Order) #1) (ID: 69158f9bc0abf7fb8a13032e)
2025-11-13 10:58:19 | INFO     | src.crawler.scraper:_crawl_book:233 - Inserted new book: Foundation (Foundation (Publication Order) #1)
2025-11-13 10:58:19 | INFO     | src.database.mongodb:insert_book:77 - Inserted new book: If I Stay (If I Stay #1) (ID: 69158f9bc0abf7fb8a13032f)
2025-11-13 10:58:19 | INFO     | src.crawler.scraper:_crawl_book:233 - Inserted new book: If I Stay (If I Stay #1)
2025-11-13 10:58:19 | INFO     | src.database.mongodb:insert_book:77 - Inserted new book: Find Her (Detective D.D. Warren #8) (ID: 69158f9bc0abf7fb8a130330)
2025-11-13 10:58:19 | INFO     | src.crawler.scraper:_crawl_book:233 - Inserted new book: Find Her (Detective D.D. Warren #8)
2025-11-13 10:58:19 | INFO     | src.database.mongodb:insert_book:77 - Inserted new book: I Know Why the Caged Bird Sings (Maya Angelou's Autobiography #1) (ID: 69158f9bc0abf7fb8a130331)
2025-11-13 10:58:19 | INFO     | src.crawler.scraper:_crawl_book:233 - Inserted new book: I Know Why the Caged Bird Sings (Maya Angelou's Autobiography #1)
2025-11-13 10:58:19 | INFO     | src.database.mongodb:insert_book:77 - Inserted new book: Drama (ID: 69158f9bc0abf7fb8a130332)
2025-11-13 10:58:19 | INFO     | src.crawler.scraper:_crawl_book:233 - Inserted new book: Drama
2025-11-13 10:58:19 | INFO     | src.database.mongodb:insert_book:77 - Inserted new book: Dracula the Un-Dead (ID: 69158f9bc0abf7fb8a130333)
2025-11-13 10:58:19 | INFO     | src.crawler.scraper:_crawl_book:233 - Inserted new book: Dracula the Un-Dead
2025-11-13 10:58:19 | INFO     | src.database.mongodb:insert_book:77 - Inserted new book: Death Note, Vol. 5: Whiteout (Death Note #5) (ID: 69158f9bc0abf7fb8a130335)
2025-11-13 10:58:19 | INFO     | src.crawler.scraper:_crawl_book:233 - Inserted new book: Death Note, Vol. 5: Whiteout (Death Note #5)
2025-11-13 10:58:19 | INFO     | src.database.mongodb:insert_book:77 - Inserted new book: Data, A Love Story: How I Gamed Online Dating to Meet My Match (ID: 69158f9bc0abf7fb8a130336)
2025-11-13 10:58:19 | INFO     | src.crawler.scraper:_crawl_book:233 - Inserted new book: Data, A Love Story: How I Gamed Online Dating to Meet My Match
2025-11-13 10:58:19 | INFO     | src.database.mongodb:insert_book:77 - Inserted new book: Digital Fortress (ID: 69158f9bc0abf7fb8a130334)
2025-11-13 10:58:19 | INFO     | src.crawler.scraper:_crawl_book:233 - Inserted new book: Digital Fortress
2025-11-13 10:58:19 | INFO     | src.database.mongodb:insert_book:77 - Inserted new book: Critique of Pure Reason (ID: 69158f9bc0abf7fb8a130337)
2025-11-13 10:58:19 | INFO     | src.crawler.scraper:_crawl_book:233 - Inserted new book: Critique of Pure Reason
2025-11-13 10:58:19 | INFO     | src.database.mongodb:insert_book:77 - Inserted new book: Booked (ID: 69158f9bc0abf7fb8a130338)
2025-11-13 10:58:19 | INFO     | src.crawler.scraper:_crawl_book:233 - Inserted new book: Booked
2025-11-13 10:58:19 | INFO     | src.database.mongodb:insert_book:77 - Inserted new book: Blue Lily, Lily Blue (The Raven Cycle #3) (ID: 69158f9bc0abf7fb8a130339)
2025-11-13 10:58:19 | INFO     | src.crawler.scraper:_crawl_book:233 - Inserted new book: Blue Lily, Lily Blue (The Raven Cycle #3)
2025-11-13 10:58:19 | INFO     | src.database.mongodb:insert_book:77 - Inserted new book: Approval Junkie: Adventures in Caring Too Much (ID: 69158f9bc0abf7fb8a13033a)
2025-11-13 10:58:19 | INFO     | src.crawler.scraper:_crawl_book:233 - Inserted new book: Approval Junkie: Adventures in Caring Too Much
2025-11-13 10:58:19 | INFO     | src.database.mongodb:insert_book:77 - Inserted new book: America's War for the Greater Middle East: A Military History (ID: 69158f9bc0abf7fb8a13033c)
2025-11-13 10:58:19 | INFO     | src.crawler.scraper:_crawl_book:233 - Inserted new book: America's War for the Greater Middle East: A Military History
2025-11-13 10:58:19 | INFO     | src.database.mongodb:insert_book:77 - Inserted new book: An Abundance of Katherines (ID: 69158f9bc0abf7fb8a13033b)
2025-11-13 10:58:19 | INFO     | src.crawler.scraper:_crawl_book:233 - Inserted new book: An Abundance of Katherines
2025-11-13 10:58:19 | INFO     | src.crawler.scraper:_crawl_catalog:125 - Crawling catalog page 33: https://books.toscrape.com/catalogue/page-33.html
2025-11-13 10:58:19 | INFO     | src.crawler.parser:extract_book_links:169 - Extracted 20 book links from page
2025-11-13 10:58:19 | INFO     | src.crawler.scraper:_crawl_catalog:143 - Found 20 new books on page 33
2025-11-13 10:58:20 | INFO     | src.database.mongodb:insert_book:77 - Inserted new book: Alight (The Generations Trilogy #2) (ID: 69158f9cc0abf7fb8a13033d)
2025-11-13 10:58:20 | INFO     | src.crawler.scraper:_crawl_book:233 - Inserted new book: Alight (The Generations Trilogy #2)
2025-11-13 10:58:20 | INFO     | src.database.mongodb:insert_book:77 - Inserted new book: A Clash of Kings (A Song of Ice and Fire #2) (ID: 69158f9cc0abf7fb8a13033e)
2025-11-13 10:58:20 | INFO     | src.crawler.scraper:_crawl_book:233 - Inserted new book: A Clash of Kings (A Song of Ice and Fire #2)
2025-11-13 10:58:20 | INFO     | src.database.mongodb:insert_book:77 - Inserted new book: A Feast for Crows (A Song of Ice and Fire #4) (ID: 69158f9cc0abf7fb8a13033f)
2025-11-13 10:58:20 | INFO     | src.crawler.scraper:_crawl_book:233 - Inserted new book: A Feast for Crows (A Song of Ice and Fire #4)
2025-11-13 10:58:20 | INFO     | src.database.mongodb:insert_book:77 - Inserted new book: The Perfect Play (Play by Play #1) (ID: 69158f9cc0abf7fb8a130340)
2025-11-13 10:58:20 | INFO     | src.crawler.scraper:_crawl_book:233 - Inserted new book: The Perfect Play (Play by Play #1)
2025-11-13 10:58:20 | INFO     | src.database.mongodb:insert_book:77 - Inserted new book: The Shining (The Shining #1) (ID: 69158f9cc0abf7fb8a130341)
2025-11-13 10:58:20 | INFO     | src.crawler.scraper:_crawl_book:233 - Inserted new book: The Shining (The Shining #1)
2025-11-13 10:58:20 | INFO     | src.database.mongodb:insert_book:77 - Inserted new book: A Girl's Guide to Moving On (New Beginnings #2) (ID: 69158f9cc0abf7fb8a130342)
2025-11-13 10:58:20 | INFO     | src.crawler.scraper:_crawl_book:233 - Inserted new book: A Girl's Guide to Moving On (New Beginnings #2)
2025-11-13 10:58:20 | INFO     | src.database.mongodb:insert_book:77 - Inserted new book: The Pilgrim's Progress (ID: 69158f9cc0abf7fb8a130343)
2025-11-13 10:58:20 | INFO     | src.crawler.scraper:_crawl_book:233 - Inserted new book: The Pilgrim's Progress
2025-11-13 10:58:20 | INFO     | src.database.mongodb:insert_book:77 - Inserted new book: A Game of Thrones (A Song of Ice and Fire #1) (ID: 69158f9cc0abf7fb8a130345)
2025-11-13 10:58:20 | INFO     | src.crawler.scraper:_crawl_book:233 - Inserted new book: A Game of Thrones (A Song of Ice and Fire #1)
2025-11-13 10:58:20 | INFO     | src.database.mongodb:insert_book:77 - Inserted new book: Vogue Colors A to Z: A Fashion Coloring Book (ID: 69158f9cc0abf7fb8a130344)
2025-11-13 10:58:20 | INFO     | src.crawler.scraper:_crawl_book:233 - Inserted new book: Vogue Colors A to Z: A Fashion Coloring Book
2025-11-13 10:58:20 | INFO     | src.database.mongodb:insert_book:77 - Inserted new book: The Passion of Dolssa (ID: 69158f9cc0abf7fb8a130346)
2025-11-13 10:58:20 | INFO     | src.crawler.scraper:_crawl_book:233 - Inserted new book: The Passion of Dolssa
2025-11-13 10:58:20 | INFO     | src.database.mongodb:insert_book:77 - Inserted new book: The Jazz of Physics: The Secret Link Between Music and the Structure of the Universe (ID: 69158f9cc0abf7fb8a130347)
2025-11-13 10:58:20 | INFO     | src.crawler.scraper:_crawl_book:233 - Inserted new book: The Jazz of Physics: The Secret Link Between Music and the Structure of the Universe
2025-11-13 10:58:20 | INFO     | src.database.mongodb:insert_book:77 - Inserted new book: The Hunger Games (The Hunger Games #1) (ID: 69158f9cc0abf7fb8a130348)
2025-11-13 10:58:20 | INFO     | src.crawler.scraper:_crawl_book:233 - Inserted new book: The Hunger Games (The Hunger Games #1)
2025-11-13 10:58:20 | INFO     | src.database.mongodb:insert_book:77 - Inserted new book: The Hound of the Baskervilles (Sherlock Holmes #5) (ID: 69158f9cc0abf7fb8a130349)
2025-11-13 10:58:20 | INFO     | src.crawler.scraper:_crawl_book:233 - Inserted new book: The Hound of the Baskervilles (Sherlock Holmes #5)
2025-11-13 10:58:20 | INFO     | src.database.mongodb:insert_book:77 - Inserted new book: The Gunning of America: Business and the Making of American Gun Culture (ID: 69158f9cc0abf7fb8a13034a)
2025-11-13 10:58:20 | INFO     | src.crawler.scraper:_crawl_book:233 - Inserted new book: The Gunning of America: Business and the Making of American Gun Culture
2025-11-13 10:58:20 | INFO     | src.database.mongodb:insert_book:77 - Inserted new book: The Geography of Bliss: One Grump's Search for the Happiest Places in the World (ID: 69158f9cc0abf7fb8a13034b)
2025-11-13 10:58:20 | INFO     | src.crawler.scraper:_crawl_book:233 - Inserted new book: The Geography of Bliss: One Grump's Search for the Happiest Places in the World
2025-11-13 10:58:20 | INFO     | src.database.mongodb:insert_book:77 - Inserted new book: The Demonists (Demonist #1) (ID: 69158f9cc0abf7fb8a13034c)
2025-11-13 10:58:20 | INFO     | src.crawler.scraper:_crawl_book:233 - Inserted new book: The Demonists (Demonist #1)
2025-11-13 10:58:20 | INFO     | src.database.mongodb:insert_book:77 - Inserted new book: The Demon Prince of Momochi House, Vol. 4 (The Demon Prince of Momochi House #4) (ID: 69158f9cc0abf7fb8a13034d)
2025-11-13 10:58:20 | INFO     | src.crawler.scraper:_crawl_book:233 - Inserted new book: The Demon Prince of Momochi House, Vol. 4 (The Demon Prince of Momochi House #4)
2025-11-13 10:58:20 | INFO     | src.database.mongodb:insert_book:77 - Inserted new book: The Bone Hunters (Lexy Vaughan & Steven Macaulay #2) (ID: 69158f9cc0abf7fb8a13034e)
2025-11-13 10:58:20 | INFO     | src.crawler.scraper:_crawl_book:233 - Inserted new book: The Bone Hunters (Lexy Vaughan & Steven Macaulay #2)
2025-11-13 10:58:20 | INFO     | src.database.mongodb:insert_book:77 - Inserted new book: Some Women (ID: 69158f9cc0abf7fb8a13034f)
2025-11-13 10:58:20 | INFO     | src.crawler.scraper:_crawl_book:233 - Inserted new book: Some Women
2025-11-13 10:58:20 | INFO     | src.database.mongodb:insert_book:77 - Inserted new book: The Beast (Black Dagger Brotherhood #14) (ID: 69158f9cc0abf7fb8a130350)
2025-11-13 10:58:20 | INFO     | src.crawler.scraper:_crawl_book:233 - Inserted new book: The Beast (Black Dagger Brotherhood #14)
2025-11-13 10:58:20 | INFO     | src.crawler.scraper:_crawl_catalog:125 - Crawling catalog page 34: https://books.toscrape.com/catalogue/page-34.html
2025-11-13 10:58:21 | INFO     | src.crawler.parser:extract_book_links:169 - Extracted 20 book links from page
2025-11-13 10:58:21 | INFO     | src.crawler.scraper:_crawl_catalog:143 - Found 20 new books on page 34
2025-11-13 10:58:21 | INFO     | src.database.mongodb:insert_book:77 - Inserted new book: Shopaholic Ties the Knot (Shopaholic #3) (ID: 69158f9dc0abf7fb8a130351)
2025-11-13 10:58:21 | INFO     | src.crawler.scraper:_crawl_book:233 - Inserted new book: Shopaholic Ties the Knot (Shopaholic #3)
2025-11-13 10:58:21 | INFO     | src.database.mongodb:insert_book:77 - Inserted new book: Night Shift (Night Shift #1-20) (ID: 69158f9dc0abf7fb8a130352)
2025-11-13 10:58:21 | INFO     | src.crawler.scraper:_crawl_book:233 - Inserted new book: Night Shift (Night Shift #1-20)
2025-11-13 10:58:21 | INFO     | src.database.mongodb:insert_book:77 - Inserted new book: Paper and Fire (The Great Library #2) (ID: 69158f9dc0abf7fb8a130353)
2025-11-13 10:58:21 | INFO     | src.crawler.scraper:_crawl_book:233 - Inserted new book: Paper and Fire (The Great Library #2)
2025-11-13 10:58:21 | INFO     | src.database.mongodb:insert_book:77 - Inserted new book: No One Here Gets Out Alive (ID: 69158f9dc0abf7fb8a130354)
2025-11-13 10:58:21 | INFO     | src.crawler.scraper:_crawl_book:233 - Inserted new book: No One Here Gets Out Alive
2025-11-13 10:58:21 | INFO     | src.database.mongodb:insert_book:77 - Inserted new book: Misery (ID: 69158f9dc0abf7fb8a130357)
2025-11-13 10:58:21 | INFO     | src.crawler.scraper:_crawl_book:233 - Inserted new book: Misery
2025-11-13 10:58:21 | INFO     | src.database.mongodb:insert_book:77 - Inserted new book: It (ID: 69158f9dc0abf7fb8a130358)
2025-11-13 10:58:21 | INFO     | src.crawler.scraper:_crawl_book:233 - Inserted new book: It
2025-11-13 10:58:21 | INFO     | src.database.mongodb:insert_book:77 - Inserted new book: Mockingjay (The Hunger Games #3) (ID: 69158f9dc0abf7fb8a130356)
2025-11-13 10:58:21 | INFO     | src.crawler.scraper:_crawl_book:233 - Inserted new book: Mockingjay (The Hunger Games #3)
2025-11-13 10:58:21 | INFO     | src.database.mongodb:insert_book:77 - Inserted new book: Orchestra of Exiles: The Story of Bronislaw Huberman, the Israel Philharmonic, and the One Thousand Jews He Saved from Nazi Horrors (ID: 69158f9dc0abf7fb8a130355)
2025-11-13 10:58:21 | INFO     | src.crawler.scraper:_crawl_book:233 - Inserted new book: Orchestra of Exiles: The Story of Bronislaw Huberman, the Israel Philharmonic, and the One Thousand Jews He Saved from Nazi Horrors
2025-11-13 10:58:21 | INFO     | src.database.mongodb:insert_book:77 - Inserted new book: Needful Things (ID: 69158f9dc0abf7fb8a130359)
2025-11-13 10:58:21 | INFO     | src.crawler.scraper:_crawl_book:233 - Inserted new book: Needful Things
2025-11-13 10:58:21 | INFO     | src.database.mongodb:insert_book:77 - Inserted new book: Outlander (Outlander #1) (ID: 69158f9dc0abf7fb8a13035a)
2025-11-13 10:58:21 | INFO     | src.crawler.scraper:_crawl_book:233 - Inserted new book: Outlander (Outlander #1)
2025-11-13 10:58:21 | INFO     | src.database.mongodb:insert_book:77 - Inserted new book: Little Women (Little Women #1) (ID: 69158f9dc0abf7fb8a13035b)
2025-11-13 10:58:21 | INFO     | src.crawler.scraper:_crawl_book:233 - Inserted new book: Little Women (Little Women #1)
2025-11-13 10:58:21 | INFO     | src.database.mongodb:insert_book:77 - Inserted new book: Harry Potter and the Sorcerer's Stone (Harry Potter #1) (ID: 69158f9dc0abf7fb8a13035c)
2025-11-13 10:58:21 | INFO     | src.crawler.scraper:_crawl_book:233 - Inserted new book: Harry Potter and the Sorcerer's Stone (Harry Potter #1)
2025-11-13 10:58:21 | INFO     | src.database.mongodb:insert_book:77 - Inserted new book: Harry Potter and the Prisoner of Azkaban (Harry Potter #3) (ID: 69158f9dc0abf7fb8a13035d)
2025-11-13 10:58:21 | INFO     | src.crawler.scraper:_crawl_book:233 - Inserted new book: Harry Potter and the Prisoner of Azkaban (Harry Potter #3)
2025-11-13 10:58:22 | INFO     | src.database.mongodb:insert_book:77 - Inserted new book: Harry Potter and the Order of the Phoenix (Harry Potter #5) (ID: 69158f9ec0abf7fb8a13035e)
2025-11-13 10:58:22 | INFO     | src.crawler.scraper:_crawl_book:233 - Inserted new book: Harry Potter and the Order of the Phoenix (Harry Potter #5)
2025-11-13 10:58:22 | INFO     | src.database.mongodb:insert_book:77 - Inserted new book: Harry Potter and the Half-Blood Prince (Harry Potter #6) (ID: 69158f9ec0abf7fb8a13035f)
2025-11-13 10:58:22 | INFO     | src.crawler.scraper:_crawl_book:233 - Inserted new book: Harry Potter and the Half-Blood Prince (Harry Potter #6)
2025-11-13 10:58:22 | INFO     | src.database.mongodb:insert_book:77 - Inserted new book: Fruits Basket, Vol. 4 (Fruits Basket #4) (ID: 69158f9ec0abf7fb8a130361)
2025-11-13 10:58:22 | INFO     | src.crawler.scraper:_crawl_book:233 - Inserted new book: Fruits Basket, Vol. 4 (Fruits Basket #4)
2025-11-13 10:58:22 | INFO     | src.database.mongodb:insert_book:77 - Inserted new book: Girl With a Pearl Earring (ID: 69158f9ec0abf7fb8a130362)
2025-11-13 10:58:22 | INFO     | src.crawler.scraper:_crawl_book:233 - Inserted new book: Girl With a Pearl Earring
2025-11-13 10:58:22 | INFO     | src.database.mongodb:insert_book:77 - Inserted new book: Harry Potter and the Chamber of Secrets (Harry Potter #2) (ID: 69158f9ec0abf7fb8a130360)
2025-11-13 10:58:22 | INFO     | src.crawler.scraper:_crawl_book:233 - Inserted new book: Harry Potter and the Chamber of Secrets (Harry Potter #2)
2025-11-13 10:58:22 | INFO     | src.database.mongodb:insert_book:77 - Inserted new book: Gone with the Wind (ID: 69158f9ec0abf7fb8a130363)
2025-11-13 10:58:22 | INFO     | src.crawler.scraper:_crawl_book:233 - Inserted new book: Gone with the Wind
2025-11-13 10:58:22 | INFO     | src.database.mongodb:insert_book:77 - Inserted new book: God Is Not Great: How Religion Poisons Everything (ID: 69158f9ec0abf7fb8a130364)
2025-11-13 10:58:22 | INFO     | src.crawler.scraper:_crawl_book:233 - Inserted new book: God Is Not Great: How Religion Poisons Everything
2025-11-13 10:58:22 | INFO     | src.crawler.scraper:_crawl_catalog:125 - Crawling catalog page 35: https://books.toscrape.com/catalogue/page-35.html
2025-11-13 10:58:22 | INFO     | src.crawler.parser:extract_book_links:169 - Extracted 20 book links from page
2025-11-13 10:58:22 | INFO     | src.crawler.scraper:_crawl_catalog:143 - Found 20 new books on page 35
2025-11-13 10:58:22 | INFO     | src.database.mongodb:insert_book:77 - Inserted new book: Far From True (Promise Falls Trilogy #2) (ID: 69158f9ec0abf7fb8a130365)
2025-11-13 10:58:22 | INFO     | src.crawler.scraper:_crawl_book:233 - Inserted new book: Far From True (Promise Falls Trilogy #2)
2025-11-13 10:58:22 | INFO     | src.database.mongodb:insert_book:77 - Inserted new book: Candide (ID: 69158f9ec0abf7fb8a130366)
2025-11-13 10:58:22 | INFO     | src.crawler.scraper:_crawl_book:233 - Inserted new book: Candide
2025-11-13 10:58:22 | INFO     | src.database.mongodb:insert_book:77 - Inserted new book: Changing the Game (Play by Play #2) (ID: 69158f9ec0abf7fb8a130367)
2025-11-13 10:58:22 | INFO     | src.crawler.scraper:_crawl_book:233 - Inserted new book: Changing the Game (Play by Play #2)
2025-11-13 10:58:22 | INFO     | src.database.mongodb:insert_book:77 - Inserted new book: Can You Keep a Secret? (ID: 69158f9ec0abf7fb8a130368)
2025-11-13 10:58:22 | INFO     | src.crawler.scraper:_crawl_book:233 - Inserted new book: Can You Keep a Secret?
2025-11-13 10:58:22 | INFO     | src.database.mongodb:insert_book:77 - Inserted new book: Atlas Shrugged (ID: 69158f9ec0abf7fb8a130369)
2025-11-13 10:58:22 | INFO     | src.crawler.scraper:_crawl_book:233 - Inserted new book: Atlas Shrugged
2025-11-13 10:58:22 | INFO     | src.database.mongodb:insert_book:77 - Inserted new book: A Walk to Remember (ID: 69158f9ec0abf7fb8a13036a)
2025-11-13 10:58:22 | INFO     | src.crawler.scraper:_crawl_book:233 - Inserted new book: A Walk to Remember
2025-11-13 10:58:23 | INFO     | src.database.mongodb:insert_book:77 - Inserted new book: Animal Farm (ID: 69158f9fc0abf7fb8a13036c)
2025-11-13 10:58:23 | INFO     | src.crawler.scraper:_crawl_book:233 - Inserted new book: Animal Farm
2025-11-13 10:58:23 | INFO     | src.database.mongodb:insert_book:77 - Inserted new book: Confessions of a Shopaholic (Shopaholic #1) (ID: 69158f9fc0abf7fb8a13036d)
2025-11-13 10:58:23 | INFO     | src.crawler.scraper:_crawl_book:233 - Inserted new book: Confessions of a Shopaholic (Shopaholic #1)
2025-11-13 10:58:23 | INFO     | src.database.mongodb:insert_book:77 - Inserted new book: Dark Lover (Black Dagger Brotherhood #1) (ID: 69158f9fc0abf7fb8a13036b)
2025-11-13 10:58:23 | INFO     | src.crawler.scraper:_crawl_book:233 - Inserted new book: Dark Lover (Black Dagger Brotherhood #1)
2025-11-13 10:58:23 | INFO     | src.database.mongodb:insert_book:77 - Inserted new book: A New Earth: Awakening to Your Life's Purpose (ID: 69158f9fc0abf7fb8a13036e)
2025-11-13 10:58:23 | INFO     | src.crawler.scraper:_crawl_book:233 - Inserted new book: A New Earth: Awakening to Your Life's Purpose
2025-11-13 10:58:23 | INFO     | src.database.mongodb:insert_book:77 - Inserted new book: A History of God: The 4,000-Year Quest of Judaism, Christianity, and Islam (ID: 69158f9fc0abf7fb8a13036f)
2025-11-13 10:58:23 | INFO     | src.crawler.scraper:_crawl_book:233 - Inserted new book: A History of God: The 4,000-Year Quest of Judaism, Christianity, and Islam
2025-11-13 10:58:23 | INFO     | src.database.mongodb:insert_book:77 - Inserted new book: 'Salem's Lot (ID: 69158f9fc0abf7fb8a130370)
2025-11-13 10:58:23 | INFO     | src.crawler.scraper:_crawl_book:233 - Inserted new book: 'Salem's Lot
2025-11-13 10:58:23 | INFO     | src.database.mongodb:insert_book:77 - Inserted new book: Wuthering Heights (ID: 69158f9fc0abf7fb8a130371)
2025-11-13 10:58:23 | INFO     | src.crawler.scraper:_crawl_book:233 - Inserted new book: Wuthering Heights
2025-11-13 10:58:23 | INFO     | src.database.mongodb:insert_book:77 - Inserted new book: Zero History (Blue Ant #3) (ID: 69158f9fc0abf7fb8a130372)
2025-11-13 10:58:23 | INFO     | src.crawler.scraper:_crawl_book:233 - Inserted new book: Zero History (Blue Ant #3)
2025-11-13 10:58:23 | INFO     | src.database.mongodb:insert_book:77 - Inserted new book: Wild: From Lost to Found on the Pacific Crest Trail (ID: 69158f9fc0abf7fb8a130374)
2025-11-13 10:58:23 | INFO     | src.crawler.scraper:_crawl_book:233 - Inserted new book: Wild: From Lost to Found on the Pacific Crest Trail
2025-11-13 10:58:23 | INFO     | src.database.mongodb:insert_book:77 - Inserted new book: World War Z: An Oral History of the Zombie War (ID: 69158f9fc0abf7fb8a130373)
2025-11-13 10:58:23 | INFO     | src.crawler.scraper:_crawl_book:233 - Inserted new book: World War Z: An Oral History of the Zombie War
2025-11-13 10:58:23 | INFO     | src.database.mongodb:insert_book:77 - Inserted new book: Where'd You Go, Bernadette (ID: 69158f9fc0abf7fb8a130375)
2025-11-13 10:58:23 | INFO     | src.crawler.scraper:_crawl_book:233 - Inserted new book: Where'd You Go, Bernadette
2025-11-13 10:58:23 | INFO     | src.database.mongodb:insert_book:77 - Inserted new book: When You Are Engulfed in Flames (ID: 69158f9fc0abf7fb8a130376)
2025-11-13 10:58:23 | INFO     | src.crawler.scraper:_crawl_book:233 - Inserted new book: When You Are Engulfed in Flames
2025-11-13 10:58:23 | INFO     | src.database.mongodb:insert_book:77 - Inserted new book: We the People: The Modern-Day Figures Who Have Reshaped and Affirmed the Founding Fathers' Vision of America (ID: 69158f9fc0abf7fb8a130377)
2025-11-13 10:58:23 | INFO     | src.crawler.scraper:_crawl_book:233 - Inserted new book: We the People: The Modern-Day Figures Who Have Reshaped and Affirmed the Founding Fathers' Vision of America
2025-11-13 10:58:23 | INFO     | src.database.mongodb:insert_book:77 - Inserted new book: We Are All Completely Beside Ourselves (ID: 69158f9fc0abf7fb8a130378)
2025-11-13 10:58:23 | INFO     | src.crawler.scraper:_crawl_book:233 - Inserted new book: We Are All Completely Beside Ourselves
2025-11-13 10:58:23 | INFO     | src.crawler.scraper:_crawl_catalog:125 - Crawling catalog page 36: https://books.toscrape.com/catalogue/page-36.html
2025-11-13 10:58:23 | INFO     | src.crawler.parser:extract_book_links:169 - Extracted 20 book links from page
2025-11-13 10:58:23 | INFO     | src.crawler.scraper:_crawl_catalog:143 - Found 20 new books on page 36
2025-11-13 10:58:24 | INFO     | src.database.mongodb:insert_book:77 - Inserted new book: Walk the Edge (Thunder Road #2) (ID: 69158fa0c0abf7fb8a130379)
2025-11-13 10:58:24 | INFO     | src.crawler.scraper:_crawl_book:233 - Inserted new book: Walk the Edge (Thunder Road #2)
2025-11-13 10:58:24 | INFO     | src.database.mongodb:insert_book:77 - Inserted new book: Unstuffed: Decluttering Your Home, Mind, and Soul (ID: 69158fa0c0abf7fb8a13037a)
2025-11-13 10:58:24 | INFO     | src.crawler.scraper:_crawl_book:233 - Inserted new book: Unstuffed: Decluttering Your Home, Mind, and Soul
2025-11-13 10:58:24 | INFO     | src.database.mongodb:insert_book:77 - Inserted new book: Twilight (Twilight #1) (ID: 69158fa0c0abf7fb8a13037b)
2025-11-13 10:58:24 | INFO     | src.crawler.scraper:_crawl_book:233 - Inserted new book: Twilight (Twilight #1)
2025-11-13 10:58:24 | INFO     | src.database.mongodb:insert_book:77 - Inserted new book: Two Boys Kissing (ID: 69158fa0c0abf7fb8a13037e)
2025-11-13 10:58:24 | INFO     | src.crawler.scraper:_crawl_book:233 - Inserted new book: Two Boys Kissing
2025-11-13 10:58:24 | INFO     | src.database.mongodb:insert_book:77 - Inserted new book: Twenties Girl (ID: 69158fa0c0abf7fb8a13037d)
2025-11-13 10:58:24 | INFO     | src.crawler.scraper:_crawl_book:233 - Inserted new book: Twenties Girl
2025-11-13 10:58:24 | INFO     | src.database.mongodb:insert_book:77 - Inserted new book: Vegan Vegetarian Omnivore: Dinner for Everyone at the Table (ID: 69158fa0c0abf7fb8a13037c)
2025-11-13 10:58:24 | INFO     | src.crawler.scraper:_crawl_book:233 - Inserted new book: Vegan Vegetarian Omnivore: Dinner for Everyone at the Table
2025-11-13 10:58:24 | INFO     | src.database.mongodb:insert_book:77 - Inserted new book: Trespassing Across America: One Man's Epic, Never-Done-Before (and Sort of Illegal) Hike Across the Heartland (ID: 69158fa0c0abf7fb8a130381)
2025-11-13 10:58:24 | INFO     | src.crawler.scraper:_crawl_book:233 - Inserted new book: Trespassing Across America: One Man's Epic, Never-Done-Before (and Sort of Illegal) Hike Across the Heartland
2025-11-13 10:58:24 | INFO     | src.database.mongodb:insert_book:77 - Inserted new book: Under the Banner of Heaven: A Story of Violent Faith (ID: 69158fa0c0abf7fb8a13037f)
2025-11-13 10:58:24 | INFO     | src.crawler.scraper:_crawl_book:233 - Inserted new book: Under the Banner of Heaven: A Story of Violent Faith
2025-11-13 10:58:24 | INFO     | src.database.mongodb:insert_book:77 - Inserted new book: Very Good Lives: The Fringe Benefits of Failure and the Importance of Imagination (ID: 69158fa0c0abf7fb8a130380)
2025-11-13 10:58:24 | INFO     | src.crawler.scraper:_crawl_book:233 - Inserted new book: Very Good Lives: The Fringe Benefits of Failure and the Importance of Imagination
2025-11-13 10:58:24 | INFO     | src.database.mongodb:insert_book:77 - Inserted new book: Voyager (Outlander #3) (ID: 69158fa0c0abf7fb8a130382)
2025-11-13 10:58:24 | INFO     | src.crawler.scraper:_crawl_book:233 - Inserted new book: Voyager (Outlander #3)
2025-11-13 10:58:24 | INFO     | src.database.mongodb:insert_book:77 - Inserted new book: Three-Martini Lunch (ID: 69158fa0c0abf7fb8a130383)
2025-11-13 10:58:24 | INFO     | src.crawler.scraper:_crawl_book:233 - Inserted new book: Three-Martini Lunch
2025-11-13 10:58:24 | INFO     | src.database.mongodb:insert_book:77 - Inserted new book: Thinking, Fast and Slow (ID: 69158fa0c0abf7fb8a130384)
2025-11-13 10:58:24 | INFO     | src.crawler.scraper:_crawl_book:233 - Inserted new book: Thinking, Fast and Slow
2025-11-13 10:58:24 | INFO     | src.database.mongodb:insert_book:77 - Inserted new book: The Wild Robot (ID: 69158fa0c0abf7fb8a130385)
2025-11-13 10:58:24 | INFO     | src.crawler.scraper:_crawl_book:233 - Inserted new book: The Wild Robot
2025-11-13 10:58:24 | INFO     | src.database.mongodb:insert_book:77 - Inserted new book: The Wicked + The Divine, Vol. 3: Commercial Suicide (The Wicked + The Divine) (ID: 69158fa0c0abf7fb8a130386)
2025-11-13 10:58:24 | INFO     | src.crawler.scraper:_crawl_book:233 - Inserted new book: The Wicked + The Divine, Vol. 3: Commercial Suicide (The Wicked + The Divine)
2025-11-13 10:58:24 | INFO     | src.database.mongodb:insert_book:77 - Inserted new book: The Smitten Kitchen Cookbook (ID: 69158fa0c0abf7fb8a13038b)
2025-11-13 10:58:24 | INFO     | src.crawler.scraper:_crawl_book:233 - Inserted new book: The Smitten Kitchen Cookbook
2025-11-13 10:58:24 | INFO     | src.database.mongodb:insert_book:77 - Inserted new book: The Undomestic Goddess (ID: 69158fa0c0abf7fb8a130387)
2025-11-13 10:58:24 | INFO     | src.crawler.scraper:_crawl_book:233 - Inserted new book: The Undomestic Goddess
2025-11-13 10:58:24 | INFO     | src.database.mongodb:insert_book:77 - Inserted new book: The Travelers (ID: 69158fa0c0abf7fb8a130389)
2025-11-13 10:58:24 | INFO     | src.crawler.scraper:_crawl_book:233 - Inserted new book: The Travelers
2025-11-13 10:58:24 | INFO     | src.database.mongodb:insert_book:77 - Inserted new book: The Stand (ID: 69158fa0c0abf7fb8a13038a)
2025-11-13 10:58:24 | INFO     | src.crawler.scraper:_crawl_book:233 - Inserted new book: The Stand
2025-11-13 10:58:24 | INFO     | src.database.mongodb:insert_book:77 - Inserted new book: The Tipping Point: How Little Things Can Make a Big Difference (ID: 69158fa0c0abf7fb8a13038c)
2025-11-13 10:58:24 | INFO     | src.crawler.scraper:_crawl_book:233 - Inserted new book: The Tipping Point: How Little Things Can Make a Big Difference
2025-11-13 10:58:24 | INFO     | src.database.mongodb:insert_book:77 - Inserted new book: The Thing About Jellyfish (ID: 69158fa0c0abf7fb8a130388)
2025-11-13 10:58:24 | INFO     | src.crawler.scraper:_crawl_book:233 - Inserted new book: The Thing About Jellyfish
2025-11-13 10:58:24 | INFO     | src.crawler.scraper:_crawl_catalog:125 - Crawling catalog page 37: https://books.toscrape.com/catalogue/page-37.html
2025-11-13 10:58:25 | INFO     | src.crawler.parser:extract_book_links:169 - Extracted 20 book links from page
2025-11-13 10:58:25 | INFO     | src.crawler.scraper:_crawl_catalog:143 - Found 20 new books on page 37
2025-11-13 10:58:25 | INFO     | src.database.mongodb:insert_book:77 - Inserted new book: The Silkworm (Cormoran Strike #2) (ID: 69158fa1c0abf7fb8a13038d)
2025-11-13 10:58:25 | INFO     | src.crawler.scraper:_crawl_book:233 - Inserted new book: The Silkworm (Cormoran Strike #2)
2025-11-13 10:58:25 | INFO     | src.database.mongodb:insert_book:77 - Inserted new book: The Rise of Theodore Roosevelt (Theodore Roosevelt #1) (ID: 69158fa1c0abf7fb8a13038e)
2025-11-13 10:58:25 | INFO     | src.crawler.scraper:_crawl_book:233 - Inserted new book: The Rise of Theodore Roosevelt (Theodore Roosevelt #1)
2025-11-13 10:58:25 | INFO     | src.database.mongodb:insert_book:77 - Inserted new book: The Road to Little Dribbling: Adventures of an American in Britain (Notes From a Small Island #2) (ID: 69158fa1c0abf7fb8a13038f)
2025-11-13 10:58:25 | INFO     | src.crawler.scraper:_crawl_book:233 - Inserted new book: The Road to Little Dribbling: Adventures of an American in Britain (Notes From a Small Island #2)
2025-11-13 10:58:25 | INFO     | src.database.mongodb:insert_book:77 - Inserted new book: The Restaurant at the End of the Universe (Hitchhiker's Guide to the Galaxy #2) (ID: 69158fa1c0abf7fb8a130390)
2025-11-13 10:58:25 | INFO     | src.crawler.scraper:_crawl_book:233 - Inserted new book: The Restaurant at the End of the Universe (Hitchhiker's Guide to the Galaxy #2)
2025-11-13 10:58:25 | INFO     | src.database.mongodb:insert_book:77 - Inserted new book: The Rest Is Noise: Listening to the Twentieth Century (ID: 69158fa1c0abf7fb8a130391)
2025-11-13 10:58:25 | INFO     | src.crawler.scraper:_crawl_book:233 - Inserted new book: The Rest Is Noise: Listening to the Twentieth Century
2025-11-13 10:58:25 | INFO     | src.database.mongodb:insert_book:77 - Inserted new book: The Purpose Driven Life: What on Earth Am I Here for? (ID: 69158fa1c0abf7fb8a130392)
2025-11-13 10:58:25 | INFO     | src.crawler.scraper:_crawl_book:233 - Inserted new book: The Purpose Driven Life: What on Earth Am I Here for?
2025-11-13 10:58:25 | INFO     | src.database.mongodb:insert_book:77 - Inserted new book: The Red Tent (ID: 69158fa1c0abf7fb8a130393)
2025-11-13 10:58:25 | INFO     | src.crawler.scraper:_crawl_book:233 - Inserted new book: The Red Tent
2025-11-13 10:58:25 | INFO     | src.database.mongodb:insert_book:77 - Inserted new book: The Purest Hook (Second Circle Tattoos #3) (ID: 69158fa1c0abf7fb8a130396)
2025-11-13 10:58:25 | INFO     | src.crawler.scraper:_crawl_book:233 - Inserted new book: The Purest Hook (Second Circle Tattoos #3)
2025-11-13 10:58:25 | INFO     | src.database.mongodb:insert_book:77 - Inserted new book: The Sandman, Vol. 3: Dream Country (The Sandman (volumes) #3) (ID: 69158fa1c0abf7fb8a130394)
2025-11-13 10:58:25 | INFO     | src.crawler.scraper:_crawl_book:233 - Inserted new book: The Sandman, Vol. 3: Dream Country (The Sandman (volumes) #3)
2025-11-13 10:58:25 | INFO     | src.database.mongodb:insert_book:77 - Inserted new book: The Rose & the Dagger (The Wrath and the Dawn #2) (ID: 69158fa1c0abf7fb8a130395)
2025-11-13 10:58:25 | INFO     | src.crawler.scraper:_crawl_book:233 - Inserted new book: The Rose & the Dagger (The Wrath and the Dawn #2)
2025-11-13 10:58:25 | INFO     | src.database.mongodb:insert_book:77 - Inserted new book: The Picture of Dorian Gray (ID: 69158fa1c0abf7fb8a130397)
2025-11-13 10:58:25 | INFO     | src.crawler.scraper:_crawl_book:233 - Inserted new book: The Picture of Dorian Gray
2025-11-13 10:58:25 | INFO     | src.database.mongodb:insert_book:77 - Inserted new book: The Paris Wife (ID: 69158fa1c0abf7fb8a130398)
2025-11-13 10:58:25 | INFO     | src.crawler.scraper:_crawl_book:233 - Inserted new book: The Paris Wife
2025-11-13 10:58:25 | INFO     | src.database.mongodb:insert_book:77 - Inserted new book: The Obsession (ID: 69158fa1c0abf7fb8a130399)
2025-11-13 10:58:25 | INFO     | src.crawler.scraper:_crawl_book:233 - Inserted new book: The Obsession
2025-11-13 10:58:25 | INFO     | src.database.mongodb:insert_book:77 - Inserted new book: The Nightingale (ID: 69158fa1c0abf7fb8a13039a)
2025-11-13 10:58:25 | INFO     | src.crawler.scraper:_crawl_book:233 - Inserted new book: The Nightingale
2025-11-13 10:58:25 | INFO     | src.database.mongodb:insert_book:77 - Inserted new book: The New Guy (and Other Senior Year Distractions) (ID: 69158fa1c0abf7fb8a13039b)
2025-11-13 10:58:25 | INFO     | src.crawler.scraper:_crawl_book:233 - Inserted new book: The New Guy (and Other Senior Year Distractions)
2025-11-13 10:58:25 | INFO     | src.database.mongodb:insert_book:77 - Inserted new book: The Nanny Diaries (Nanny #1) (ID: 69158fa1c0abf7fb8a13039c)
2025-11-13 10:58:25 | INFO     | src.crawler.scraper:_crawl_book:233 - Inserted new book: The Nanny Diaries (Nanny #1)
2025-11-13 10:58:25 | INFO     | src.database.mongodb:insert_book:77 - Inserted new book: The Name of God is Mercy (ID: 69158fa1c0abf7fb8a13039d)
2025-11-13 10:58:25 | INFO     | src.crawler.scraper:_crawl_book:233 - Inserted new book: The Name of God is Mercy
2025-11-13 10:58:25 | INFO     | src.database.mongodb:insert_book:77 - Inserted new book: The Maze Runner (The Maze Runner #1) (ID: 69158fa1c0abf7fb8a13039e)
2025-11-13 10:58:25 | INFO     | src.crawler.scraper:_crawl_book:233 - Inserted new book: The Maze Runner (The Maze Runner #1)
2025-11-13 10:58:26 | INFO     | src.database.mongodb:insert_book:77 - Inserted new book: The Lover's Dictionary (ID: 69158fa2c0abf7fb8a13039f)
2025-11-13 10:58:26 | INFO     | src.crawler.scraper:_crawl_book:233 - Inserted new book: The Lover's Dictionary
2025-11-13 10:58:26 | INFO     | src.database.mongodb:insert_book:77 - Inserted new book: The Lonely Ones (ID: 69158fa2c0abf7fb8a1303a0)
2025-11-13 10:58:26 | INFO     | src.crawler.scraper:_crawl_book:233 - Inserted new book: The Lonely Ones
2025-11-13 10:58:26 | INFO     | src.crawler.scraper:_crawl_catalog:125 - Crawling catalog page 38: https://books.toscrape.com/catalogue/page-38.html
2025-11-13 10:58:26 | INFO     | src.crawler.parser:extract_book_links:169 - Extracted 20 book links from page
2025-11-13 10:58:26 | INFO     | src.crawler.scraper:_crawl_catalog:143 - Found 20 new books on page 38
2025-11-13 10:58:26 | INFO     | src.database.mongodb:insert_book:77 - Inserted new book: The Lean Startup: How Today's Entrepreneurs Use Continuous Innovation to Create Radically Successful Businesses (ID: 69158fa2c0abf7fb8a1303a1)
2025-11-13 10:58:26 | INFO     | src.crawler.scraper:_crawl_book:233 - Inserted new book: The Lean Startup: How Today's Entrepreneurs Use Continuous Innovation to Create Radically Successful Businesses
2025-11-13 10:58:26 | INFO     | src.database.mongodb:insert_book:77 - Inserted new book: The Husband's Secret (ID: 69158fa2c0abf7fb8a1303a2)
2025-11-13 10:58:26 | INFO     | src.crawler.scraper:_crawl_book:233 - Inserted new book: The Husband's Secret
2025-11-13 10:58:27 | INFO     | src.database.mongodb:insert_book:77 - Inserted new book: The Girl with All the Gifts (ID: 69158fa2c0abf7fb8a1303a4)
2025-11-13 10:58:27 | INFO     | src.crawler.scraper:_crawl_book:233 - Inserted new book: The Girl with All the Gifts
2025-11-13 10:58:27 | INFO     | src.database.mongodb:insert_book:77 - Inserted new book: The Guernsey Literary and Potato Peel Pie Society (ID: 69158fa2c0abf7fb8a1303a5)
2025-11-13 10:58:27 | INFO     | src.crawler.scraper:_crawl_book:233 - Inserted new book: The Guernsey Literary and Potato Peel Pie Society
2025-11-13 10:58:27 | INFO     | src.database.mongodb:insert_book:77 - Inserted new book: The Last Painting of Sara de Vos (ID: 69158fa2c0abf7fb8a1303a3)
2025-11-13 10:58:27 | INFO     | src.crawler.scraper:_crawl_book:233 - Inserted new book: The Last Painting of Sara de Vos
2025-11-13 10:58:27 | INFO     | src.database.mongodb:insert_book:77 - Inserted new book: The Goldfinch (ID: 69158fa3c0abf7fb8a1303a7)
2025-11-13 10:58:27 | INFO     | src.crawler.scraper:_crawl_book:233 - Inserted new book: The Goldfinch
2025-11-13 10:58:27 | INFO     | src.database.mongodb:insert_book:77 - Inserted new book: The Guns of August (ID: 69158fa3c0abf7fb8a1303a6)
2025-11-13 10:58:27 | INFO     | src.crawler.scraper:_crawl_book:233 - Inserted new book: The Guns of August
2025-11-13 10:58:27 | INFO     | src.database.mongodb:insert_book:77 - Inserted new book: The Land of 10,000 Madonnas (ID: 69158fa3c0abf7fb8a1303aa)
2025-11-13 10:58:27 | INFO     | src.crawler.scraper:_crawl_book:233 - Inserted new book: The Land of 10,000 Madonnas
2025-11-13 10:58:27 | INFO     | src.database.mongodb:insert_book:77 - Inserted new book: The Giver (The Giver Quartet #1) (ID: 69158fa3c0abf7fb8a1303ab)
2025-11-13 10:58:27 | INFO     | src.crawler.scraper:_crawl_book:233 - Inserted new book: The Giver (The Giver Quartet #1)
2025-11-13 10:58:27 | INFO     | src.database.mongodb:insert_book:77 - Inserted new book: The Hitchhiker's Guide to the Galaxy (Hitchhiker's Guide to the Galaxy #1) (ID: 69158fa3c0abf7fb8a1303a9)
2025-11-13 10:58:27 | INFO     | src.crawler.scraper:_crawl_book:233 - Inserted new book: The Hitchhiker's Guide to the Galaxy (Hitchhiker's Guide to the Galaxy #1)
2025-11-13 10:58:27 | INFO     | src.database.mongodb:insert_book:77 - Inserted new book: The Infinities (ID: 69158fa3c0abf7fb8a1303a8)
2025-11-13 10:58:27 | INFO     | src.crawler.scraper:_crawl_book:233 - Inserted new book: The Infinities
2025-11-13 10:58:27 | INFO     | src.database.mongodb:insert_book:77 - Inserted new book: The Girl Who Played with Fire (Millennium Trilogy #2) (ID: 69158fa3c0abf7fb8a1303ac)
2025-11-13 10:58:27 | INFO     | src.crawler.scraper:_crawl_book:233 - Inserted new book: The Girl Who Played with Fire (Millennium Trilogy #2)
2025-11-13 10:58:27 | INFO     | src.database.mongodb:insert_book:77 - Inserted new book: The Girl Who Kicked the Hornet's Nest (Millennium Trilogy #3) (ID: 69158fa3c0abf7fb8a1303ad)
2025-11-13 10:58:27 | INFO     | src.crawler.scraper:_crawl_book:233 - Inserted new book: The Girl Who Kicked the Hornet's Nest (Millennium Trilogy #3)
2025-11-13 10:58:27 | INFO     | src.database.mongodb:insert_book:77 - Inserted new book: The Exiled (ID: 69158fa3c0abf7fb8a1303ae)
2025-11-13 10:58:27 | INFO     | src.crawler.scraper:_crawl_book:233 - Inserted new book: The Exiled
2025-11-13 10:58:27 | INFO     | src.database.mongodb:insert_book:77 - Inserted new book: The Devil Wears Prada (The Devil Wears Prada #1) (ID: 69158fa3c0abf7fb8a1303af)
2025-11-13 10:58:27 | INFO     | src.crawler.scraper:_crawl_book:233 - Inserted new book: The Devil Wears Prada (The Devil Wears Prada #1)
2025-11-13 10:58:27 | INFO     | src.database.mongodb:insert_book:77 - Inserted new book: The End of Faith: Religion, Terror, and the Future of Reason (ID: 69158fa3c0abf7fb8a1303b0)
2025-11-13 10:58:27 | INFO     | src.crawler.scraper:_crawl_book:233 - Inserted new book: The End of Faith: Religion, Terror, and the Future of Reason
2025-11-13 10:58:27 | INFO     | src.database.mongodb:insert_book:77 - Inserted new book: The Day the Crayons Came Home (Crayons) (ID: 69158fa3c0abf7fb8a1303b2)
2025-11-13 10:58:27 | INFO     | src.crawler.scraper:_crawl_book:233 - Inserted new book: The Day the Crayons Came Home (Crayons)
2025-11-13 10:58:27 | INFO     | src.database.mongodb:insert_book:77 - Inserted new book: The Demon-Haunted World: Science as a Candle in the Dark (ID: 69158fa3c0abf7fb8a1303b1)
2025-11-13 10:58:27 | INFO     | src.crawler.scraper:_crawl_book:233 - Inserted new book: The Demon-Haunted World: Science as a Candle in the Dark
2025-11-13 10:58:27 | INFO     | src.database.mongodb:insert_book:77 - Inserted new book: The Elegant Universe: Superstrings, Hidden Dimensions, and the Quest for the Ultimate Theory (ID: 69158fa3c0abf7fb8a1303b3)
2025-11-13 10:58:27 | INFO     | src.crawler.scraper:_crawl_book:233 - Inserted new book: The Elegant Universe: Superstrings, Hidden Dimensions, and the Quest for the Ultimate Theory
2025-11-13 10:58:27 | INFO     | src.database.mongodb:insert_book:77 - Inserted new book: The Disappearing Spoon: And Other True Tales of Madness, Love, and the History of the World from the Periodic Table of the Elements (ID: 69158fa3c0abf7fb8a1303b4)
2025-11-13 10:58:27 | INFO     | src.crawler.scraper:_crawl_book:233 - Inserted new book: The Disappearing Spoon: And Other True Tales of Madness, Love, and the History of the World from the Periodic Table of the Elements
2025-11-13 10:58:27 | INFO     | src.crawler.scraper:_crawl_catalog:125 - Crawling catalog page 39: https://books.toscrape.com/catalogue/page-39.html
2025-11-13 10:58:27 | INFO     | src.crawler.parser:extract_book_links:169 - Extracted 20 book links from page
2025-11-13 10:58:27 | INFO     | src.crawler.scraper:_crawl_catalog:143 - Found 20 new books on page 39
2025-11-13 10:58:28 | INFO     | src.database.mongodb:insert_book:77 - Inserted new book: The Da Vinci Code (Robert Langdon #2) (ID: 69158fa4c0abf7fb8a1303b5)
2025-11-13 10:58:28 | INFO     | src.crawler.scraper:_crawl_book:233 - Inserted new book: The Da Vinci Code (Robert Langdon #2)
2025-11-13 10:58:28 | INFO     | src.database.mongodb:insert_book:77 - Inserted new book: The Catcher in the Rye (ID: 69158fa4c0abf7fb8a1303b6)
2025-11-13 10:58:28 | INFO     | src.crawler.scraper:_crawl_book:233 - Inserted new book: The Catcher in the Rye
2025-11-13 10:58:28 | INFO     | src.database.mongodb:insert_book:77 - Inserted new book: The Cat in the Hat (Beginner Books B-1) (ID: 69158fa4c0abf7fb8a1303b8)
2025-11-13 10:58:28 | INFO     | src.crawler.scraper:_crawl_book:233 - Inserted new book: The Cat in the Hat (Beginner Books B-1)
2025-11-13 10:58:28 | INFO     | src.database.mongodb:insert_book:77 - Inserted new book: The Book of Basketball: The NBA According to The Sports Guy (ID: 69158fa4c0abf7fb8a1303b9)
2025-11-13 10:58:28 | INFO     | src.crawler.scraper:_crawl_book:233 - Inserted new book: The Book of Basketball: The NBA According to The Sports Guy
2025-11-13 10:58:28 | INFO     | src.database.mongodb:insert_book:77 - Inserted new book: The Complete Poems (ID: 69158fa4c0abf7fb8a1303b7)
2025-11-13 10:58:28 | INFO     | src.crawler.scraper:_crawl_book:233 - Inserted new book: The Complete Poems
2025-11-13 10:58:28 | INFO     | src.database.mongodb:insert_book:77 - Inserted new book: The Case for Christ (Cases for Christianity) (ID: 69158fa4c0abf7fb8a1303ba)
2025-11-13 10:58:28 | INFO     | src.crawler.scraper:_crawl_book:233 - Inserted new book: The Case for Christ (Cases for Christianity)
2025-11-13 10:58:28 | INFO     | src.database.mongodb:insert_book:77 - Inserted new book: The Complete Stories and Poems (The Works of Edgar Allan Poe [Cameo Edition]) (ID: 69158fa4c0abf7fb8a1303bc)
2025-11-13 10:58:28 | INFO     | src.crawler.scraper:_crawl_book:233 - Inserted new book: The Complete Stories and Poems (The Works of Edgar Allan Poe [Cameo Edition])
2025-11-13 10:58:28 | INFO     | src.database.mongodb:insert_book:77 - Inserted new book: The Blind Side: Evolution of a Game (ID: 69158fa4c0abf7fb8a1303bd)
2025-11-13 10:58:28 | INFO     | src.crawler.scraper:_crawl_book:233 - Inserted new book: The Blind Side: Evolution of a Game
2025-11-13 10:58:28 | INFO     | src.database.mongodb:insert_book:77 - Inserted new book: The Book Thief (ID: 69158fa4c0abf7fb8a1303bb)
2025-11-13 10:58:28 | INFO     | src.crawler.scraper:_crawl_book:233 - Inserted new book: The Book Thief
2025-11-13 10:58:28 | INFO     | src.database.mongodb:insert_book:77 - Inserted new book: The Cuckoo's Calling (Cormoran Strike #1) (ID: 69158fa4c0abf7fb8a1303be)
2025-11-13 10:58:28 | INFO     | src.crawler.scraper:_crawl_book:233 - Inserted new book: The Cuckoo's Calling (Cormoran Strike #1)
2025-11-13 10:58:28 | INFO     | src.database.mongodb:insert_book:77 - Inserted new book: The Autobiography of Malcolm X (ID: 69158fa4c0abf7fb8a1303bf)
2025-11-13 10:58:28 | INFO     | src.crawler.scraper:_crawl_book:233 - Inserted new book: The Autobiography of Malcolm X
2025-11-13 10:58:28 | INFO     | src.database.mongodb:insert_book:77 - Inserted new book: The Art of Simple Food: Notes, Lessons, and Recipes from a Delicious Revolution (ID: 69158fa4c0abf7fb8a1303c0)
2025-11-13 10:58:28 | INFO     | src.crawler.scraper:_crawl_book:233 - Inserted new book: The Art of Simple Food: Notes, Lessons, and Recipes from a Delicious Revolution
2025-11-13 10:58:28 | INFO     | src.database.mongodb:insert_book:77 - Inserted new book: Spilled Milk: Based on a True Story (ID: 69158fa4c0abf7fb8a1303c2)
2025-11-13 10:58:28 | INFO     | src.crawler.scraper:_crawl_book:233 - Inserted new book: Spilled Milk: Based on a True Story
2025-11-13 10:58:28 | INFO     | src.database.mongodb:insert_book:77 - Inserted new book: The Art of Fielding (ID: 69158fa4c0abf7fb8a1303c1)
2025-11-13 10:58:28 | INFO     | src.crawler.scraper:_crawl_book:233 - Inserted new book: The Art of Fielding
2025-11-13 10:58:28 | INFO     | src.database.mongodb:insert_book:77 - Inserted new book: Surely You're Joking, Mr. Feynman!: Adventures of a Curious Character (ID: 69158fa4c0abf7fb8a1303c3)
2025-11-13 10:58:28 | INFO     | src.crawler.scraper:_crawl_book:233 - Inserted new book: Surely You're Joking, Mr. Feynman!: Adventures of a Curious Character
2025-11-13 10:58:28 | INFO     | src.database.mongodb:insert_book:77 - Inserted new book: Stiff: The Curious Lives of Human Cadavers (ID: 69158fa4c0abf7fb8a1303c4)
2025-11-13 10:58:28 | INFO     | src.crawler.scraper:_crawl_book:233 - Inserted new book: Stiff: The Curious Lives of Human Cadavers
2025-11-13 10:58:28 | INFO     | src.database.mongodb:insert_book:77 - Inserted new book: Something Borrowed (Darcy & Rachel #1) (ID: 69158fa4c0abf7fb8a1303c5)
2025-11-13 10:58:28 | INFO     | src.crawler.scraper:_crawl_book:233 - Inserted new book: Something Borrowed (Darcy & Rachel #1)
2025-11-13 10:58:28 | INFO     | src.database.mongodb:insert_book:77 - Inserted new book: Something Blue (Darcy & Rachel #2) (ID: 69158fa4c0abf7fb8a1303c6)
2025-11-13 10:58:28 | INFO     | src.crawler.scraper:_crawl_book:233 - Inserted new book: Something Blue (Darcy & Rachel #2)
2025-11-13 10:58:28 | INFO     | src.database.mongodb:insert_book:77 - Inserted new book: Shopaholic & Baby (Shopaholic #5) (ID: 69158fa4c0abf7fb8a1303c7)
2025-11-13 10:58:28 | INFO     | src.crawler.scraper:_crawl_book:233 - Inserted new book: Shopaholic & Baby (Shopaholic #5)
2025-11-13 10:58:28 | INFO     | src.database.mongodb:insert_book:77 - Inserted new book: Soldier (Talon #3) (ID: 69158fa4c0abf7fb8a1303c8)
2025-11-13 10:58:28 | INFO     | src.crawler.scraper:_crawl_book:233 - Inserted new book: Soldier (Talon #3)
2025-11-13 10:58:28 | INFO     | src.crawler.scraper:_crawl_catalog:125 - Crawling catalog page 40: https://books.toscrape.com/catalogue/page-40.html
2025-11-13 10:58:29 | INFO     | src.crawler.parser:extract_book_links:169 - Extracted 20 book links from page
2025-11-13 10:58:29 | INFO     | src.crawler.scraper:_crawl_catalog:143 - Found 20 new books on page 40
2025-11-13 10:58:29 | INFO     | src.database.mongodb:insert_book:77 - Inserted new book: Seven Days in the Art World (ID: 69158fa5c0abf7fb8a1303c9)
2025-11-13 10:58:29 | INFO     | src.crawler.scraper:_crawl_book:233 - Inserted new book: Seven Days in the Art World
2025-11-13 10:58:29 | INFO     | src.database.mongodb:insert_book:77 - Inserted new book: Saga, Volume 3 (Saga (Collected Editions) #3) (ID: 69158fa5c0abf7fb8a1303ca)
2025-11-13 10:58:29 | INFO     | src.crawler.scraper:_crawl_book:233 - Inserted new book: Saga, Volume 3 (Saga (Collected Editions) #3)
2025-11-13 10:58:29 | INFO     | src.database.mongodb:insert_book:77 - Inserted new book: Rise of the Rocket Girls: The Women Who Propelled Us, from Missiles to the Moon to Mars (ID: 69158fa5c0abf7fb8a1303cb)
2025-11-13 10:58:29 | INFO     | src.crawler.scraper:_crawl_book:233 - Inserted new book: Rise of the Rocket Girls: The Women Who Propelled Us, from Missiles to the Moon to Mars
2025-11-13 10:58:29 | INFO     | src.database.mongodb:insert_book:77 - Inserted new book: Seven Brief Lessons on Physics (ID: 69158fa5c0abf7fb8a1303cc)
2025-11-13 10:58:29 | INFO     | src.crawler.scraper:_crawl_book:233 - Inserted new book: Seven Brief Lessons on Physics
2025-11-13 10:58:29 | INFO     | src.database.mongodb:insert_book:77 - Inserted new book: Sarah's Key (ID: 69158fa5c0abf7fb8a1303cd)
2025-11-13 10:58:29 | INFO     | src.crawler.scraper:_crawl_book:233 - Inserted new book: Sarah's Key
2025-11-13 10:58:29 | INFO     | src.database.mongodb:insert_book:77 - Inserted new book: Rework (ID: 69158fa5c0abf7fb8a1303cf)
2025-11-13 10:58:29 | INFO     | src.crawler.scraper:_crawl_book:233 - Inserted new book: Rework
2025-11-13 10:58:29 | INFO     | src.database.mongodb:insert_book:77 - Inserted new book: Running with Scissors (ID: 69158fa5c0abf7fb8a1303ce)
2025-11-13 10:58:29 | INFO     | src.crawler.scraper:_crawl_book:233 - Inserted new book: Running with Scissors
2025-11-13 10:58:29 | INFO     | src.database.mongodb:insert_book:77 - Inserted new book: Red: The True Story of Red Riding Hood (ID: 69158fa5c0abf7fb8a1303d2)
2025-11-13 10:58:29 | INFO     | src.crawler.scraper:_crawl_book:233 - Inserted new book: Red: The True Story of Red Riding Hood
2025-11-13 10:58:29 | INFO     | src.database.mongodb:insert_book:77 - Inserted new book: Rogue Lawyer (Rogue Lawyer #1) (ID: 69158fa5c0abf7fb8a1303d0)
2025-11-13 10:58:29 | INFO     | src.crawler.scraper:_crawl_book:233 - Inserted new book: Rogue Lawyer (Rogue Lawyer #1)
2025-11-13 10:58:29 | INFO     | src.database.mongodb:insert_book:77 - Inserted new book: Scarlet (The Lunar Chronicles #2) (ID: 69158fa5c0abf7fb8a1303d1)
2025-11-13 10:58:29 | INFO     | src.crawler.scraper:_crawl_book:233 - Inserted new book: Scarlet (The Lunar Chronicles #2)
2025-11-13 10:58:29 | INFO     | src.database.mongodb:insert_book:77 - Inserted new book: Reservations for Two (ID: 69158fa5c0abf7fb8a1303d3)
2025-11-13 10:58:29 | INFO     | src.crawler.scraper:_crawl_book:233 - Inserted new book: Reservations for Two
2025-11-13 10:58:30 | INFO     | src.database.mongodb:insert_book:77 - Inserted new book: Quiet: The Power of Introverts in a World That Can't Stop Talking (ID: 69158fa6c0abf7fb8a1303d4)
2025-11-13 10:58:30 | INFO     | src.crawler.scraper:_crawl_book:233 - Inserted new book: Quiet: The Power of Introverts in a World That Can't Stop Talking
2025-11-13 10:58:30 | INFO     | src.database.mongodb:insert_book:77 - Inserted new book: Prodigy: The Graphic Novel (Legend: The Graphic Novel #2) (ID: 69158fa6c0abf7fb8a1303d6)
2025-11-13 10:58:30 | INFO     | src.crawler.scraper:_crawl_book:233 - Inserted new book: Prodigy: The Graphic Novel (Legend: The Graphic Novel #2)
2025-11-13 10:58:30 | INFO     | src.database.mongodb:insert_book:77 - Inserted new book: Packing for Mars: The Curious Science of Life in the Void (ID: 69158fa6c0abf7fb8a1303da)
2025-11-13 10:58:30 | INFO     | src.crawler.scraper:_crawl_book:233 - Inserted new book: Packing for Mars: The Curious Science of Life in the Void
2025-11-13 10:58:30 | INFO     | src.database.mongodb:insert_book:77 - Inserted new book: Orange Is the New Black (ID: 69158fa6c0abf7fb8a1303db)
2025-11-13 10:58:30 | INFO     | src.crawler.scraper:_crawl_book:233 - Inserted new book: Orange Is the New Black
2025-11-13 10:58:30 | INFO     | src.database.mongodb:insert_book:77 - Inserted new book: One for the Money (Stephanie Plum #1) (ID: 69158fa6c0abf7fb8a1303d8)
2025-11-13 10:58:30 | INFO     | src.crawler.scraper:_crawl_book:233 - Inserted new book: One for the Money (Stephanie Plum #1)
2025-11-13 10:58:30 | INFO     | src.database.mongodb:insert_book:77 - Inserted new book: Outliers: The Story of Success (ID: 69158fa6c0abf7fb8a1303d7)
2025-11-13 10:58:30 | INFO     | src.crawler.scraper:_crawl_book:233 - Inserted new book: Outliers: The Story of Success
2025-11-13 10:58:30 | INFO     | src.database.mongodb:insert_book:77 - Inserted new book: Persepolis: The Story of a Childhood (Persepolis #1-2) (ID: 69158fa6c0abf7fb8a1303d9)
2025-11-13 10:58:30 | INFO     | src.crawler.scraper:_crawl_book:233 - Inserted new book: Persepolis: The Story of a Childhood (Persepolis #1-2)
2025-11-13 10:58:30 | INFO     | src.database.mongodb:insert_book:77 - Inserted new book: Ready Player One (ID: 69158fa6c0abf7fb8a1303d5)
2025-11-13 10:58:30 | INFO     | src.crawler.scraper:_crawl_book:233 - Inserted new book: Ready Player One
2025-11-13 10:58:30 | INFO     | src.database.mongodb:insert_book:77 - Inserted new book: Original Fake (ID: 69158fa6c0abf7fb8a1303dc)
2025-11-13 10:58:30 | INFO     | src.crawler.scraper:_crawl_book:233 - Inserted new book: Original Fake
2025-11-13 10:58:30 | INFO     | src.crawler.scraper:_crawl_catalog:125 - Crawling catalog page 41: https://books.toscrape.com/catalogue/page-41.html
2025-11-13 10:58:31 | INFO     | src.crawler.parser:extract_book_links:169 - Extracted 20 book links from page
2025-11-13 10:58:31 | INFO     | src.crawler.scraper:_crawl_catalog:143 - Found 20 new books on page 41
2025-11-13 10:58:31 | INFO     | src.database.mongodb:insert_book:77 - Inserted new book: Notes from a Small Island (Notes From a Small Island #1) (ID: 69158fa7c0abf7fb8a1303dd)
2025-11-13 10:58:31 | INFO     | src.crawler.scraper:_crawl_book:233 - Inserted new book: Notes from a Small Island (Notes From a Small Island #1)
2025-11-13 10:58:31 | INFO     | src.database.mongodb:insert_book:77 - Inserted new book: Morning Star (Red Rising #3) (ID: 69158fa7c0abf7fb8a1303de)
2025-11-13 10:58:31 | INFO     | src.crawler.scraper:_crawl_book:233 - Inserted new book: Morning Star (Red Rising #3)
2025-11-13 10:58:32 | INFO     | src.database.mongodb:insert_book:77 - Inserted new book: Night (The Night Trilogy #1) (ID: 69158fa8c0abf7fb8a1303df)
2025-11-13 10:58:32 | INFO     | src.crawler.scraper:_crawl_book:233 - Inserted new book: Night (The Night Trilogy #1)
2025-11-13 10:58:32 | INFO     | src.database.mongodb:insert_book:77 - Inserted new book: Me Talk Pretty One Day (ID: 69158fa8c0abf7fb8a1303e0)
2025-11-13 10:58:32 | INFO     | src.crawler.scraper:_crawl_book:233 - Inserted new book: Me Talk Pretty One Day
2025-11-13 10:58:32 | INFO     | src.database.mongodb:insert_book:77 - Inserted new book: Naked (ID: 69158fa8c0abf7fb8a1303e2)
2025-11-13 10:58:32 | INFO     | src.crawler.scraper:_crawl_book:233 - Inserted new book: Naked
2025-11-13 10:58:32 | INFO     | src.database.mongodb:insert_book:77 - Inserted new book: Neither Here nor There: Travels in Europe (ID: 69158fa8c0abf7fb8a1303e4)
2025-11-13 10:58:32 | INFO     | src.crawler.scraper:_crawl_book:233 - Inserted new book: Neither Here nor There: Travels in Europe
2025-11-13 10:58:32 | INFO     | src.database.mongodb:insert_book:77 - Inserted new book: Manuscript Found in Accra (ID: 69158fa8c0abf7fb8a1303e1)
2025-11-13 10:58:32 | INFO     | src.crawler.scraper:_crawl_book:233 - Inserted new book: Manuscript Found in Accra
2025-11-13 10:58:32 | INFO     | src.database.mongodb:insert_book:77 - Inserted new book: Miracles from Heaven: A Little Girl, Her Journey to Heaven, and Her Amazing Story of Healing (ID: 69158fa8c0abf7fb8a1303e5)
2025-11-13 10:58:32 | INFO     | src.crawler.scraper:_crawl_book:233 - Inserted new book: Miracles from Heaven: A Little Girl, Her Journey to Heaven, and Her Amazing Story of Healing
2025-11-13 10:58:32 | INFO     | src.database.mongodb:insert_book:77 - Inserted new book: Lust & Wonder (ID: 69158fa8c0abf7fb8a1303e6)
2025-11-13 10:58:32 | INFO     | src.crawler.scraper:_crawl_book:233 - Inserted new book: Lust & Wonder
2025-11-13 10:58:32 | INFO     | src.database.mongodb:insert_book:77 - Inserted new book: Midnight Riot (Peter Grant/ Rivers of London - books #1) (ID: 69158fa8c0abf7fb8a1303e3)
2025-11-13 10:58:32 | INFO     | src.crawler.scraper:_crawl_book:233 - Inserted new book: Midnight Riot (Peter Grant/ Rivers of London - books #1)
2025-11-13 10:58:32 | INFO     | src.database.mongodb:insert_book:77 - Inserted new book: Lila (Gilead #3) (ID: 69158fa8c0abf7fb8a1303e7)
2025-11-13 10:58:32 | INFO     | src.crawler.scraper:_crawl_book:233 - Inserted new book: Lila (Gilead #3)
2025-11-13 10:58:32 | INFO     | src.database.mongodb:insert_book:77 - Inserted new book: Life, the Universe and Everything (Hitchhiker's Guide to the Galaxy #3) (ID: 69158fa8c0abf7fb8a1303e8)
2025-11-13 10:58:32 | INFO     | src.crawler.scraper:_crawl_book:233 - Inserted new book: Life, the Universe and Everything (Hitchhiker's Guide to the Galaxy #3)
2025-11-13 10:58:32 | INFO     | src.database.mongodb:insert_book:77 - Inserted new book: Life Without a Recipe (ID: 69158fa8c0abf7fb8a1303e9)
2025-11-13 10:58:32 | INFO     | src.crawler.scraper:_crawl_book:233 - Inserted new book: Life Without a Recipe
2025-11-13 10:58:32 | INFO     | src.database.mongodb:insert_book:77 - Inserted new book: Life After Life (ID: 69158fa8c0abf7fb8a1303ea)
2025-11-13 10:58:32 | INFO     | src.crawler.scraper:_crawl_book:233 - Inserted new book: Life After Life
2025-11-13 10:58:32 | INFO     | src.database.mongodb:insert_book:77 - Inserted new book: Letter to a Christian Nation (ID: 69158fa8c0abf7fb8a1303eb)
2025-11-13 10:58:32 | INFO     | src.crawler.scraper:_crawl_book:233 - Inserted new book: Letter to a Christian Nation
2025-11-13 10:58:32 | INFO     | src.database.mongodb:insert_book:77 - Inserted new book: Let's Pretend This Never Happened: A Mostly True Memoir (ID: 69158fa8c0abf7fb8a1303ed)
2025-11-13 10:58:32 | INFO     | src.crawler.scraper:_crawl_book:233 - Inserted new book: Let's Pretend This Never Happened: A Mostly True Memoir
2025-11-13 10:58:32 | INFO     | src.database.mongodb:insert_book:77 - Inserted new book: Lady Renegades (Rebel Belle #3) (ID: 69158fa8c0abf7fb8a1303ef)
2025-11-13 10:58:32 | INFO     | src.crawler.scraper:_crawl_book:233 - Inserted new book: Lady Renegades (Rebel Belle #3)
2025-11-13 10:58:32 | INFO     | src.database.mongodb:insert_book:77 - Inserted new book: Lean In: Women, Work, and the Will to Lead (ID: 69158fa8c0abf7fb8a1303ec)
2025-11-13 10:58:32 | INFO     | src.crawler.scraper:_crawl_book:233 - Inserted new book: Lean In: Women, Work, and the Will to Lead
2025-11-13 10:58:32 | INFO     | src.database.mongodb:insert_book:77 - Inserted new book: Lamb: The Gospel According to Biff, Christ's Childhood Pal (ID: 69158fa8c0abf7fb8a1303ee)
2025-11-13 10:58:32 | INFO     | src.crawler.scraper:_crawl_book:233 - Inserted new book: Lamb: The Gospel According to Biff, Christ's Childhood Pal
2025-11-13 10:58:32 | INFO     | src.database.mongodb:insert_book:77 - Inserted new book: Legend (Legend #1) (ID: 69158fa8c0abf7fb8a1303f0)
2025-11-13 10:58:32 | INFO     | src.crawler.scraper:_crawl_book:233 - Inserted new book: Legend (Legend #1)
2025-11-13 10:58:32 | INFO     | src.crawler.scraper:_crawl_catalog:125 - Crawling catalog page 42: https://books.toscrape.com/catalogue/page-42.html
2025-11-13 10:58:33 | INFO     | src.crawler.parser:extract_book_links:169 - Extracted 20 book links from page
2025-11-13 10:58:33 | INFO     | src.crawler.scraper:_crawl_catalog:143 - Found 20 new books on page 42
2025-11-13 10:58:33 | INFO     | src.database.mongodb:insert_book:77 - Inserted new book: Jurassic Park (Jurassic Park #1) (ID: 69158fa9c0abf7fb8a1303f1)
2025-11-13 10:58:33 | INFO     | src.crawler.scraper:_crawl_book:233 - Inserted new book: Jurassic Park (Jurassic Park #1)
2025-11-13 10:58:33 | INFO     | src.database.mongodb:insert_book:77 - Inserted new book: Inferno (Robert Langdon #4) (ID: 69158fa9c0abf7fb8a1303f2)
2025-11-13 10:58:33 | INFO     | src.crawler.scraper:_crawl_book:233 - Inserted new book: Inferno (Robert Langdon #4)
2025-11-13 10:58:33 | INFO     | src.database.mongodb:insert_book:77 - Inserted new book: It's Never Too Late to Begin Again: Discovering Creativity and Meaning at Midlife and Beyond (ID: 69158fa9c0abf7fb8a1303f3)
2025-11-13 10:58:33 | INFO     | src.crawler.scraper:_crawl_book:233 - Inserted new book: It's Never Too Late to Begin Again: Discovering Creativity and Meaning at Midlife and Beyond
2025-11-13 10:58:33 | INFO     | src.database.mongodb:insert_book:77 - Inserted new book: I've Got Your Number (ID: 69158fa9c0abf7fb8a1303f4)
2025-11-13 10:58:33 | INFO     | src.crawler.scraper:_crawl_book:233 - Inserted new book: I've Got Your Number
2025-11-13 10:58:33 | INFO     | src.database.mongodb:insert_book:77 - Inserted new book: Into the Wild (ID: 69158fa9c0abf7fb8a1303f5)
2025-11-13 10:58:33 | INFO     | src.crawler.scraper:_crawl_book:233 - Inserted new book: Into the Wild
2025-11-13 10:58:33 | INFO     | src.database.mongodb:insert_book:77 - Inserted new book: In the Garden of Beasts: Love, Terror, and an American Family in Hitler's Berlin (ID: 69158fa9c0abf7fb8a1303f6)
2025-11-13 10:58:33 | INFO     | src.crawler.scraper:_crawl_book:233 - Inserted new book: In the Garden of Beasts: Love, Terror, and an American Family in Hitler's Berlin
2025-11-13 10:58:33 | INFO     | src.database.mongodb:insert_book:77 - Inserted new book: I Am Malala: The Girl Who Stood Up for Education and Was Shot by the Taliban (ID: 69158fa9c0abf7fb8a1303f7)
2025-11-13 10:58:33 | INFO     | src.crawler.scraper:_crawl_book:233 - Inserted new book: I Am Malala: The Girl Who Stood Up for Education and Was Shot by the Taliban
2025-11-13 10:58:33 | INFO     | src.database.mongodb:insert_book:77 - Inserted new book: If I Run (If I Run #1) (ID: 69158fa9c0abf7fb8a1303f8)
2025-11-13 10:58:33 | INFO     | src.crawler.scraper:_crawl_book:233 - Inserted new book: If I Run (If I Run #1)
2025-11-13 10:58:33 | INFO     | src.database.mongodb:insert_book:77 - Inserted new book: Is Everyone Hanging Out Without Me? (And Other Concerns) (ID: 69158fa9c0abf7fb8a1303f9)
2025-11-13 10:58:33 | INFO     | src.crawler.scraper:_crawl_book:233 - Inserted new book: Is Everyone Hanging Out Without Me? (And Other Concerns)
2025-11-13 10:58:33 | INFO     | src.database.mongodb:insert_book:77 - Inserted new book: House of Lost Worlds: Dinosaurs, Dynasties, and the Story of Life on Earth (ID: 69158fa9c0abf7fb8a1303fb)
2025-11-13 10:58:33 | INFO     | src.crawler.scraper:_crawl_book:233 - Inserted new book: House of Lost Worlds: Dinosaurs, Dynasties, and the Story of Life on Earth
2025-11-13 10:58:33 | INFO     | src.database.mongodb:insert_book:77 - Inserted new book: House of Leaves (ID: 69158fa9c0abf7fb8a1303fc)
2025-11-13 10:58:33 | INFO     | src.crawler.scraper:_crawl_book:233 - Inserted new book: House of Leaves
2025-11-13 10:58:33 | INFO     | src.database.mongodb:insert_book:77 - Inserted new book: Hungry Girl Clean & Hungry: Easy All-Natural Recipes for Healthy Eating in the Real World (ID: 69158fa9c0abf7fb8a1303fa)
2025-11-13 10:58:33 | INFO     | src.crawler.scraper:_crawl_book:233 - Inserted new book: Hungry Girl Clean & Hungry: Easy All-Natural Recipes for Healthy Eating in the Real World
2025-11-13 10:58:34 | INFO     | src.database.mongodb:insert_book:77 - Inserted new book: Horrible Bear! (ID: 69158faac0abf7fb8a1303fd)
2025-11-13 10:58:34 | INFO     | src.crawler.scraper:_crawl_book:233 - Inserted new book: Horrible Bear!
2025-11-13 10:58:34 | INFO     | src.database.mongodb:insert_book:77 - Inserted new book: Heir to the Sky (ID: 69158faac0abf7fb8a130400)
2025-11-13 10:58:34 | INFO     | src.crawler.scraper:_crawl_book:233 - Inserted new book: Heir to the Sky
2025-11-13 10:58:34 | INFO     | src.database.mongodb:insert_book:77 - Inserted new book: Green Eggs and Ham (Beginner Books B-16) (ID: 69158faac0abf7fb8a1303ff)
2025-11-13 10:58:34 | INFO     | src.crawler.scraper:_crawl_book:233 - Inserted new book: Green Eggs and Ham (Beginner Books B-16)
2025-11-13 10:58:34 | INFO     | src.database.mongodb:insert_book:77 - Inserted new book: Gone Girl (ID: 69158faac0abf7fb8a130402)
2025-11-13 10:58:34 | INFO     | src.crawler.scraper:_crawl_book:233 - Inserted new book: Gone Girl
2025-11-13 10:58:34 | INFO     | src.database.mongodb:insert_book:77 - Inserted new book: Gratitude (ID: 69158faac0abf7fb8a130403)
2025-11-13 10:58:34 | INFO     | src.crawler.scraper:_crawl_book:233 - Inserted new book: Gratitude
2025-11-13 10:58:34 | INFO     | src.database.mongodb:insert_book:77 - Inserted new book: Holidays on Ice (ID: 69158faac0abf7fb8a1303fe)
2025-11-13 10:58:34 | INFO     | src.crawler.scraper:_crawl_book:233 - Inserted new book: Holidays on Ice
2025-11-13 10:58:34 | INFO     | src.database.mongodb:insert_book:77 - Inserted new book: Golden (Heart of Dread #3) (ID: 69158faac0abf7fb8a130404)
2025-11-13 10:58:34 | INFO     | src.crawler.scraper:_crawl_book:233 - Inserted new book: Golden (Heart of Dread #3)
2025-11-13 10:58:34 | INFO     | src.database.mongodb:insert_book:77 - Inserted new book: Grayson, Vol 3: Nemesis (Grayson #3) (ID: 69158faac0abf7fb8a130401)
2025-11-13 10:58:34 | INFO     | src.crawler.scraper:_crawl_book:233 - Inserted new book: Grayson, Vol 3: Nemesis (Grayson #3)
2025-11-13 10:58:34 | INFO     | src.crawler.scraper:_crawl_catalog:125 - Crawling catalog page 43: https://books.toscrape.com/catalogue/page-43.html
2025-11-13 10:58:34 | INFO     | src.crawler.parser:extract_book_links:169 - Extracted 20 book links from page
2025-11-13 10:58:34 | INFO     | src.crawler.scraper:_crawl_catalog:143 - Found 20 new books on page 43
2025-11-13 10:58:35 | INFO     | src.database.mongodb:insert_book:77 - Inserted new book: Girl in the Blue Coat (ID: 69158faac0abf7fb8a130405)
2025-11-13 10:58:35 | INFO     | src.crawler.scraper:_crawl_book:233 - Inserted new book: Girl in the Blue Coat
2025-11-13 10:58:35 | INFO     | src.database.mongodb:insert_book:77 - Inserted new book: Fifty Shades Freed (Fifty Shades #3) (ID: 69158fabc0abf7fb8a130406)
2025-11-13 10:58:35 | INFO     | src.crawler.scraper:_crawl_book:233 - Inserted new book: Fifty Shades Freed (Fifty Shades #3)
2025-11-13 10:58:35 | INFO     | src.database.mongodb:insert_book:77 - Inserted new book: Fire Bound (Sea Haven/Sisters of the Heart #5) (ID: 69158fabc0abf7fb8a130407)
2025-11-13 10:58:35 | INFO     | src.crawler.scraper:_crawl_book:233 - Inserted new book: Fire Bound (Sea Haven/Sisters of the Heart #5)
2025-11-13 10:58:35 | INFO     | src.database.mongodb:insert_book:77 - Inserted new book: Eclipse (Twilight #3) (ID: 69158fabc0abf7fb8a130409)
2025-11-13 10:58:35 | INFO     | src.crawler.scraper:_crawl_book:233 - Inserted new book: Eclipse (Twilight #3)
2025-11-13 10:58:35 | INFO     | src.database.mongodb:insert_book:77 - Inserted new book: Extreme Prey (Lucas Davenport #26) (ID: 69158fabc0abf7fb8a130408)
2025-11-13 10:58:35 | INFO     | src.crawler.scraper:_crawl_book:233 - Inserted new book: Extreme Prey (Lucas Davenport #26)
2025-11-13 10:58:35 | INFO     | src.database.mongodb:insert_book:77 - Inserted new book: Fellside (ID: 69158fabc0abf7fb8a13040a)
2025-11-13 10:58:35 | INFO     | src.crawler.scraper:_crawl_book:233 - Inserted new book: Fellside
2025-11-13 10:58:35 | INFO     | src.database.mongodb:insert_book:77 - Inserted new book: Fruits Basket, Vol. 3 (Fruits Basket #3) (ID: 69158fabc0abf7fb8a13040b)
2025-11-13 10:58:35 | INFO     | src.crawler.scraper:_crawl_book:233 - Inserted new book: Fruits Basket, Vol. 3 (Fruits Basket #3)
2025-11-13 10:58:35 | INFO     | src.database.mongodb:insert_book:77 - Inserted new book: Eragon (The Inheritance Cycle #1) (ID: 69158fabc0abf7fb8a13040c)
2025-11-13 10:58:35 | INFO     | src.crawler.scraper:_crawl_book:233 - Inserted new book: Eragon (The Inheritance Cycle #1)
2025-11-13 10:58:35 | INFO     | src.database.mongodb:insert_book:77 - Inserted new book: Friday Night Lights: A Town, a Team, and a Dream (ID: 69158fabc0abf7fb8a13040d)
2025-11-13 10:58:35 | INFO     | src.crawler.scraper:_crawl_book:233 - Inserted new book: Friday Night Lights: A Town, a Team, and a Dream
2025-11-13 10:58:35 | INFO     | src.database.mongodb:insert_book:77 - Inserted new book: Dune (Dune #1) (ID: 69158fabc0abf7fb8a13040e)
2025-11-13 10:58:35 | INFO     | src.crawler.scraper:_crawl_book:233 - Inserted new book: Dune (Dune #1)
2025-11-13 10:58:35 | INFO     | src.database.mongodb:insert_book:77 - Inserted new book: Dracula (ID: 69158fabc0abf7fb8a13040f)
2025-11-13 10:58:35 | INFO     | src.crawler.scraper:_crawl_book:233 - Inserted new book: Dracula
2025-11-13 10:58:35 | INFO     | src.database.mongodb:insert_book:77 - Inserted new book: Do Androids Dream of Electric Sheep? (Blade Runner #1) (ID: 69158fabc0abf7fb8a130410)
2025-11-13 10:58:35 | INFO     | src.crawler.scraper:_crawl_book:233 - Inserted new book: Do Androids Dream of Electric Sheep? (Blade Runner #1)
2025-11-13 10:58:35 | INFO     | src.database.mongodb:insert_book:77 - Inserted new book: Disrupted: My Misadventure in the Start-Up Bubble (ID: 69158fabc0abf7fb8a130411)
2025-11-13 10:58:35 | INFO     | src.crawler.scraper:_crawl_book:233 - Inserted new book: Disrupted: My Misadventure in the Start-Up Bubble
2025-11-13 10:58:35 | INFO     | src.database.mongodb:insert_book:77 - Inserted new book: David and Goliath: Underdogs, Misfits, and the Art of Battling Giants (ID: 69158fabc0abf7fb8a130413)
2025-11-13 10:58:35 | INFO     | src.crawler.scraper:_crawl_book:233 - Inserted new book: David and Goliath: Underdogs, Misfits, and the Art of Battling Giants
2025-11-13 10:58:35 | INFO     | src.database.mongodb:insert_book:77 - Inserted new book: Darkfever (Fever #1) (ID: 69158fabc0abf7fb8a130412)
2025-11-13 10:58:35 | INFO     | src.crawler.scraper:_crawl_book:233 - Inserted new book: Darkfever (Fever #1)
2025-11-13 10:58:35 | INFO     | src.database.mongodb:insert_book:77 - Inserted new book: Dead Wake: The Last Crossing of the Lusitania (ID: 69158fabc0abf7fb8a130414)
2025-11-13 10:58:35 | INFO     | src.crawler.scraper:_crawl_book:233 - Inserted new book: Dead Wake: The Last Crossing of the Lusitania
2025-11-13 10:58:35 | INFO     | src.database.mongodb:insert_book:77 - Inserted new book: Dark Places (ID: 69158fabc0abf7fb8a130415)
2025-11-13 10:58:35 | INFO     | src.crawler.scraper:_crawl_book:233 - Inserted new book: Dark Places
2025-11-13 10:58:35 | INFO     | src.database.mongodb:insert_book:77 - Inserted new book: Crazy Rich Asians (Crazy Rich Asians #1) (ID: 69158fabc0abf7fb8a130416)
2025-11-13 10:58:35 | INFO     | src.crawler.scraper:_crawl_book:233 - Inserted new book: Crazy Rich Asians (Crazy Rich Asians #1)
2025-11-13 10:58:35 | INFO     | src.database.mongodb:insert_book:77 - Inserted new book: Counting Thyme (ID: 69158fabc0abf7fb8a130417)
2025-11-13 10:58:35 | INFO     | src.crawler.scraper:_crawl_book:233 - Inserted new book: Counting Thyme
2025-11-13 10:58:35 | INFO     | src.database.mongodb:insert_book:77 - Inserted new book: Cosmos (ID: 69158fabc0abf7fb8a130418)
2025-11-13 10:58:35 | INFO     | src.crawler.scraper:_crawl_book:233 - Inserted new book: Cosmos
2025-11-13 10:58:35 | INFO     | src.crawler.scraper:_crawl_catalog:125 - Crawling catalog page 44: https://books.toscrape.com/catalogue/page-44.html
2025-11-13 10:58:35 | INFO     | src.crawler.parser:extract_book_links:169 - Extracted 20 book links from page
2025-11-13 10:58:35 | INFO     | src.crawler.scraper:_crawl_catalog:143 - Found 20 new books on page 44
2025-11-13 10:58:36 | INFO     | src.database.mongodb:insert_book:77 - Inserted new book: Civilization and Its Discontents (ID: 69158facc0abf7fb8a130419)
2025-11-13 10:58:36 | INFO     | src.crawler.scraper:_crawl_book:233 - Inserted new book: Civilization and Its Discontents
2025-11-13 10:58:36 | INFO     | src.database.mongodb:insert_book:77 - Inserted new book: Breaking Dawn (Twilight #4) (ID: 69158facc0abf7fb8a13041a)
2025-11-13 10:58:36 | INFO     | src.crawler.scraper:_crawl_book:233 - Inserted new book: Breaking Dawn (Twilight #4)
2025-11-13 10:58:36 | INFO     | src.database.mongodb:insert_book:77 - Inserted new book: Boy Meets Boy (ID: 69158facc0abf7fb8a13041d)
2025-11-13 10:58:36 | INFO     | src.crawler.scraper:_crawl_book:233 - Inserted new book: Boy Meets Boy
2025-11-13 10:58:36 | INFO     | src.database.mongodb:insert_book:77 - Inserted new book: Brave Enough (ID: 69158facc0abf7fb8a13041c)
2025-11-13 10:58:36 | INFO     | src.crawler.scraper:_crawl_book:233 - Inserted new book: Brave Enough
2025-11-13 10:58:36 | INFO     | src.database.mongodb:insert_book:77 - Inserted new book: Career of Evil (Cormoran Strike #3) (ID: 69158facc0abf7fb8a13041b)
2025-11-13 10:58:36 | INFO     | src.crawler.scraper:_crawl_book:233 - Inserted new book: Career of Evil (Cormoran Strike #3)
2025-11-13 10:58:36 | INFO     | src.database.mongodb:insert_book:77 - Inserted new book: Cinder (The Lunar Chronicles #1) (ID: 69158facc0abf7fb8a13041e)
2025-11-13 10:58:36 | INFO     | src.crawler.scraper:_crawl_book:233 - Inserted new book: Cinder (The Lunar Chronicles #1)
2025-11-13 10:58:36 | INFO     | src.database.mongodb:insert_book:77 - Inserted new book: Born to Run: A Hidden Tribe, Superathletes, and the Greatest Race the World Has Never Seen (ID: 69158facc0abf7fb8a13041f)
2025-11-13 10:58:36 | INFO     | src.crawler.scraper:_crawl_book:233 - Inserted new book: Born to Run: A Hidden Tribe, Superathletes, and the Greatest Race the World Has Never Seen
2025-11-13 10:58:36 | INFO     | src.database.mongodb:insert_book:77 - Inserted new book: Blink: The Power of Thinking Without Thinking (ID: 69158facc0abf7fb8a130420)
2025-11-13 10:58:36 | INFO     | src.crawler.scraper:_crawl_book:233 - Inserted new book: Blink: The Power of Thinking Without Thinking
2025-11-13 10:58:36 | INFO     | src.database.mongodb:insert_book:77 - Inserted new book: Catastrophic Happiness: Finding Joy in Childhood's Messy Years (ID: 69158facc0abf7fb8a130421)
2025-11-13 10:58:36 | INFO     | src.crawler.scraper:_crawl_book:233 - Inserted new book: Catastrophic Happiness: Finding Joy in Childhood's Messy Years
2025-11-13 10:58:36 | INFO     | src.database.mongodb:insert_book:77 - Inserted new book: Black Flags: The Rise of ISIS (ID: 69158facc0abf7fb8a130422)
2025-11-13 10:58:36 | INFO     | src.crawler.scraper:_crawl_book:233 - Inserted new book: Black Flags: The Rise of ISIS
2025-11-13 10:58:36 | INFO     | src.database.mongodb:insert_book:77 - Inserted new book: Black Butler, Vol. 1 (Black Butler #1) (ID: 69158facc0abf7fb8a130423)
2025-11-13 10:58:36 | INFO     | src.crawler.scraper:_crawl_book:233 - Inserted new book: Black Butler, Vol. 1 (Black Butler #1)
2025-11-13 10:58:36 | INFO     | src.database.mongodb:insert_book:77 - Inserted new book: Between Shades of Gray (ID: 69158facc0abf7fb8a130425)
2025-11-13 10:58:36 | INFO     | src.crawler.scraper:_crawl_book:233 - Inserted new book: Between Shades of Gray
2025-11-13 10:58:36 | INFO     | src.database.mongodb:insert_book:77 - Inserted new book: Beowulf (ID: 69158facc0abf7fb8a130426)
2025-11-13 10:58:36 | INFO     | src.crawler.scraper:_crawl_book:233 - Inserted new book: Beowulf
2025-11-13 10:58:36 | INFO     | src.database.mongodb:insert_book:77 - Inserted new book: Big Little Lies (ID: 69158facc0abf7fb8a130424)
2025-11-13 10:58:36 | INFO     | src.crawler.scraper:_crawl_book:233 - Inserted new book: Big Little Lies
2025-11-13 10:58:36 | INFO     | src.database.mongodb:insert_book:77 - Inserted new book: Best of My Love (Fool's Gold #20) (ID: 69158facc0abf7fb8a130427)
2025-11-13 10:58:36 | INFO     | src.crawler.scraper:_crawl_book:233 - Inserted new book: Best of My Love (Fool's Gold #20)
2025-11-13 10:58:36 | INFO     | src.database.mongodb:insert_book:77 - Inserted new book: Beautiful Creatures (Caster Chronicles #1) (ID: 69158facc0abf7fb8a130428)
2025-11-13 10:58:36 | INFO     | src.crawler.scraper:_crawl_book:233 - Inserted new book: Beautiful Creatures (Caster Chronicles #1)
2025-11-13 10:58:36 | INFO     | src.database.mongodb:insert_book:77 - Inserted new book: Awkward (ID: 69158facc0abf7fb8a130429)
2025-11-13 10:58:36 | INFO     | src.crawler.scraper:_crawl_book:233 - Inserted new book: Awkward
2025-11-13 10:58:37 | INFO     | src.database.mongodb:insert_book:77 - Inserted new book: Ash (ID: 69158fadc0abf7fb8a13042a)
2025-11-13 10:58:37 | INFO     | src.crawler.scraper:_crawl_book:233 - Inserted new book: Ash
2025-11-13 10:58:37 | INFO     | src.database.mongodb:insert_book:77 - Inserted new book: Are We There Yet? (ID: 69158fadc0abf7fb8a13042b)
2025-11-13 10:58:37 | INFO     | src.crawler.scraper:_crawl_book:233 - Inserted new book: Are We There Yet?
2025-11-13 10:58:37 | INFO     | src.database.mongodb:insert_book:77 - Inserted new book: Are We Smart Enough to Know How Smart Animals Are? (ID: 69158fadc0abf7fb8a13042c)
2025-11-13 10:58:37 | INFO     | src.crawler.scraper:_crawl_book:233 - Inserted new book: Are We Smart Enough to Know How Smart Animals Are?
2025-11-13 10:58:37 | INFO     | src.crawler.scraper:_crawl_catalog:125 - Crawling catalog page 45: https://books.toscrape.com/catalogue/page-45.html
2025-11-13 10:58:37 | INFO     | src.crawler.parser:extract_book_links:169 - Extracted 20 book links from page
2025-11-13 10:58:37 | INFO     | src.crawler.scraper:_crawl_catalog:143 - Found 20 new books on page 45
2025-11-13 10:58:37 | INFO     | src.database.mongodb:insert_book:77 - Inserted new book: Annie on My Mind (ID: 69158fadc0abf7fb8a13042d)
2025-11-13 10:58:37 | INFO     | src.crawler.scraper:_crawl_book:233 - Inserted new book: Annie on My Mind
2025-11-13 10:58:37 | INFO     | src.database.mongodb:insert_book:77 - Inserted new book: A Storm of Swords (A Song of Ice and Fire #3) (ID: 69158fadc0abf7fb8a13042e)
2025-11-13 10:58:37 | INFO     | src.crawler.scraper:_crawl_book:233 - Inserted new book: A Storm of Swords (A Song of Ice and Fire #3)
2025-11-13 10:58:37 | INFO     | src.database.mongodb:insert_book:77 - Inserted new book: A Visit from the Goon Squad (ID: 69158fadc0abf7fb8a13042f)
2025-11-13 10:58:37 | INFO     | src.crawler.scraper:_crawl_book:233 - Inserted new book: A Visit from the Goon Squad
2025-11-13 10:58:38 | INFO     | src.database.mongodb:insert_book:77 - Inserted new book: And Then There Were None (ID: 69158faec0abf7fb8a130430)
2025-11-13 10:58:38 | INFO     | src.crawler.scraper:_crawl_book:233 - Inserted new book: And Then There Were None
2025-11-13 10:58:38 | INFO     | src.database.mongodb:insert_book:77 - Inserted new book: A Heartbreaking Work of Staggering Genius (ID: 69158faec0abf7fb8a130433)
2025-11-13 10:58:38 | INFO     | src.crawler.scraper:_crawl_book:233 - Inserted new book: A Heartbreaking Work of Staggering Genius
2025-11-13 10:58:38 | INFO     | src.database.mongodb:insert_book:77 - Inserted new book: #GIRLBOSS (ID: 69158faec0abf7fb8a130431)
2025-11-13 10:58:38 | INFO     | src.crawler.scraper:_crawl_book:233 - Inserted new book: #GIRLBOSS
2025-11-13 10:58:38 | INFO     | src.database.mongodb:insert_book:77 - Inserted new book: The Suffragettes (Little Black Classics, #96) (ID: 69158faec0abf7fb8a130432)
2025-11-13 10:58:38 | INFO     | src.crawler.scraper:_crawl_book:233 - Inserted new book: The Suffragettes (Little Black Classics, #96)
2025-11-13 10:58:38 | INFO     | src.database.mongodb:insert_book:77 - Inserted new book: A Walk in the Woods: Rediscovering America on the Appalachian Trail (ID: 69158faec0abf7fb8a130435)
2025-11-13 10:58:38 | INFO     | src.crawler.scraper:_crawl_book:233 - Inserted new book: A Walk in the Woods: Rediscovering America on the Appalachian Trail
2025-11-13 10:58:38 | INFO     | src.database.mongodb:insert_book:77 - Inserted new book: 8 Keys to Mental Health Through Exercise (ID: 69158faec0abf7fb8a130434)
2025-11-13 10:58:38 | INFO     | src.crawler.scraper:_crawl_book:233 - Inserted new book: 8 Keys to Mental Health Through Exercise
2025-11-13 10:58:38 | INFO     | src.database.mongodb:insert_book:77 - Inserted new book: The Sense of an Ending (ID: 69158faec0abf7fb8a130436)
2025-11-13 10:58:38 | INFO     | src.crawler.scraper:_crawl_book:233 - Inserted new book: The Sense of an Ending
2025-11-13 10:58:38 | INFO     | src.database.mongodb:insert_book:77 - Inserted new book: The Sandman, Vol. 2: The Doll's House (The Sandman (volumes) #2) (ID: 69158faec0abf7fb8a130437)
2025-11-13 10:58:38 | INFO     | src.crawler.scraper:_crawl_book:233 - Inserted new book: The Sandman, Vol. 2: The Doll's House (The Sandman (volumes) #2)
2025-11-13 10:58:38 | INFO     | src.database.mongodb:insert_book:77 - Inserted new book: The Course of Love (ID: 69158faec0abf7fb8a130438)
2025-11-13 10:58:38 | INFO     | src.crawler.scraper:_crawl_book:233 - Inserted new book: The Course of Love
2025-11-13 10:58:38 | INFO     | src.database.mongodb:insert_book:77 - Inserted new book: Sugar Rush (Offensive Line #2) (ID: 69158faec0abf7fb8a130439)
2025-11-13 10:58:38 | INFO     | src.crawler.scraper:_crawl_book:233 - Inserted new book: Sugar Rush (Offensive Line #2)
2025-11-13 10:58:38 | INFO     | src.database.mongodb:insert_book:77 - Inserted new book: Saga, Volume 2 (Saga (Collected Editions) #2) (ID: 69158faec0abf7fb8a13043a)
2025-11-13 10:58:38 | INFO     | src.crawler.scraper:_crawl_book:233 - Inserted new book: Saga, Volume 2 (Saga (Collected Editions) #2)
2025-11-13 10:58:38 | INFO     | src.database.mongodb:insert_book:77 - Inserted new book: New Moon (Twilight #2) (ID: 69158faec0abf7fb8a13043c)
2025-11-13 10:58:38 | INFO     | src.crawler.scraper:_crawl_book:233 - Inserted new book: New Moon (Twilight #2)
2025-11-13 10:58:38 | INFO     | src.database.mongodb:insert_book:77 - Inserted new book: Run, Spot, Run: The Ethics of Keeping Pets (ID: 69158faec0abf7fb8a13043b)
2025-11-13 10:58:38 | INFO     | src.crawler.scraper:_crawl_book:233 - Inserted new book: Run, Spot, Run: The Ethics of Keeping Pets
2025-11-13 10:58:38 | INFO     | src.database.mongodb:insert_book:77 - Inserted new book: Girl Online On Tour (Girl Online #2) (ID: 69158faec0abf7fb8a130440)
2025-11-13 10:58:38 | INFO     | src.crawler.scraper:_crawl_book:233 - Inserted new book: Girl Online On Tour (Girl Online #2)
2025-11-13 10:58:38 | INFO     | src.database.mongodb:insert_book:77 - Inserted new book: Kindle Paperwhite User's Guide (ID: 69158faec0abf7fb8a13043f)
2025-11-13 10:58:38 | INFO     | src.crawler.scraper:_crawl_book:233 - Inserted new book: Kindle Paperwhite User's Guide
2025-11-13 10:58:38 | INFO     | src.database.mongodb:insert_book:77 - Inserted new book: H is for Hawk (ID: 69158faec0abf7fb8a13043d)
2025-11-13 10:58:38 | INFO     | src.crawler.scraper:_crawl_book:233 - Inserted new book: H is for Hawk
2025-11-13 10:58:38 | INFO     | src.database.mongodb:insert_book:77 - Inserted new book: Life (ID: 69158faec0abf7fb8a13043e)
2025-11-13 10:58:38 | INFO     | src.crawler.scraper:_crawl_book:233 - Inserted new book: Life
2025-11-13 10:58:38 | INFO     | src.crawler.scraper:_crawl_catalog:125 - Crawling catalog page 46: https://books.toscrape.com/catalogue/page-46.html
2025-11-13 10:58:38 | INFO     | src.crawler.parser:extract_book_links:169 - Extracted 20 book links from page
2025-11-13 10:58:38 | INFO     | src.crawler.scraper:_crawl_catalog:143 - Found 20 new books on page 46
2025-11-13 10:58:39 | INFO     | src.database.mongodb:insert_book:77 - Inserted new book: Fruits Basket, Vol. 2 (Fruits Basket #2) (ID: 69158fafc0abf7fb8a130441)
2025-11-13 10:58:39 | INFO     | src.crawler.scraper:_crawl_book:233 - Inserted new book: Fruits Basket, Vol. 2 (Fruits Basket #2)
2025-11-13 10:58:39 | INFO     | src.database.mongodb:insert_book:77 - Inserted new book: Where Lightning Strikes (Bleeding Stars #3) (ID: 69158fafc0abf7fb8a130442)
2025-11-13 10:58:39 | INFO     | src.crawler.scraper:_crawl_book:233 - Inserted new book: Where Lightning Strikes (Bleeding Stars #3)
2025-11-13 10:58:39 | INFO     | src.database.mongodb:insert_book:77 - Inserted new book: While You Were Mine (ID: 69158fafc0abf7fb8a130443)
2025-11-13 10:58:39 | INFO     | src.crawler.scraper:_crawl_book:233 - Inserted new book: While You Were Mine
2025-11-13 10:58:39 | INFO     | src.database.mongodb:insert_book:77 - Inserted new book: Vampire Girl (Vampire Girl #1) (ID: 69158fafc0abf7fb8a130444)
2025-11-13 10:58:39 | INFO     | src.crawler.scraper:_crawl_book:233 - Inserted new book: Vampire Girl (Vampire Girl #1)
2025-11-13 10:58:39 | INFO     | src.database.mongodb:insert_book:77 - Inserted new book: When I'm Gone (ID: 69158fafc0abf7fb8a130445)
2025-11-13 10:58:39 | INFO     | src.crawler.scraper:_crawl_book:233 - Inserted new book: When I'm Gone
2025-11-13 10:58:39 | INFO     | src.database.mongodb:insert_book:77 - Inserted new book: Diary of a Minecraft Zombie Book 1: A Scare of a Dare (An Unofficial Minecraft Book) (ID: 69158fafc0abf7fb8a130446)
2025-11-13 10:58:39 | INFO     | src.crawler.scraper:_crawl_book:233 - Inserted new book: Diary of a Minecraft Zombie Book 1: A Scare of a Dare (An Unofficial Minecraft Book)
2025-11-13 10:58:39 | INFO     | src.database.mongodb:insert_book:77 - Inserted new book: Ways of Seeing (ID: 69158fafc0abf7fb8a130448)
2025-11-13 10:58:39 | INFO     | src.crawler.scraper:_crawl_book:233 - Inserted new book: Ways of Seeing
2025-11-13 10:58:39 | INFO     | src.database.mongodb:insert_book:77 - Inserted new book: Vampire Knight, Vol. 1 (Vampire Knight #1) (ID: 69158fafc0abf7fb8a130447)
2025-11-13 10:58:39 | INFO     | src.crawler.scraper:_crawl_book:233 - Inserted new book: Vampire Knight, Vol. 1 (Vampire Knight #1)
2025-11-13 10:58:39 | INFO     | src.database.mongodb:insert_book:77 - Inserted new book: Y: The Last Man, Vol. 1: Unmanned (Y: The Last Man #1) (ID: 69158fafc0abf7fb8a130449)
2025-11-13 10:58:39 | INFO     | src.crawler.scraper:_crawl_book:233 - Inserted new book: Y: The Last Man, Vol. 1: Unmanned (Y: The Last Man #1)
2025-11-13 10:58:39 | INFO     | src.database.mongodb:insert_book:77 - Inserted new book: Twenty Love Poems and a Song of Despair (ID: 69158fafc0abf7fb8a13044a)
2025-11-13 10:58:39 | INFO     | src.crawler.scraper:_crawl_book:233 - Inserted new book: Twenty Love Poems and a Song of Despair
2025-11-13 10:58:39 | INFO     | src.database.mongodb:insert_book:77 - Inserted new book: Travels with Charley: In Search of America (ID: 69158fafc0abf7fb8a13044b)
2025-11-13 10:58:39 | INFO     | src.crawler.scraper:_crawl_book:233 - Inserted new book: Travels with Charley: In Search of America
2025-11-13 10:58:39 | INFO     | src.database.mongodb:insert_book:77 - Inserted new book: Three Wishes (River of Time: California #1) (ID: 69158fafc0abf7fb8a13044c)
2025-11-13 10:58:39 | INFO     | src.crawler.scraper:_crawl_book:233 - Inserted new book: Three Wishes (River of Time: California #1)
2025-11-13 10:58:39 | INFO     | src.database.mongodb:insert_book:77 - Inserted new book: This One Moment (Pushing Limits #1) (ID: 69158fafc0abf7fb8a13044d)
2025-11-13 10:58:39 | INFO     | src.crawler.scraper:_crawl_book:233 - Inserted new book: This One Moment (Pushing Limits #1)
2025-11-13 10:58:39 | INFO     | src.database.mongodb:insert_book:77 - Inserted new book: The Wicked + The Divine, Vol. 1: The Faust Act (The Wicked + The Divine) (ID: 69158fafc0abf7fb8a13044e)
2025-11-13 10:58:39 | INFO     | src.crawler.scraper:_crawl_book:233 - Inserted new book: The Wicked + The Divine, Vol. 1: The Faust Act (The Wicked + The Divine)
2025-11-13 10:58:39 | INFO     | src.database.mongodb:insert_book:77 - Inserted new book: The Zombie Room (ID: 69158fafc0abf7fb8a13044f)
2025-11-13 10:58:39 | INFO     | src.crawler.scraper:_crawl_book:233 - Inserted new book: The Zombie Room
2025-11-13 10:58:39 | INFO     | src.database.mongodb:insert_book:77 - Inserted new book: The Tumor (ID: 69158fafc0abf7fb8a130450)
2025-11-13 10:58:39 | INFO     | src.crawler.scraper:_crawl_book:233 - Inserted new book: The Tumor
2025-11-13 10:58:39 | INFO     | src.database.mongodb:insert_book:77 - Inserted new book: The Story of Hong Gildong (ID: 69158fafc0abf7fb8a130451)
2025-11-13 10:58:39 | INFO     | src.crawler.scraper:_crawl_book:233 - Inserted new book: The Story of Hong Gildong
2025-11-13 10:58:39 | INFO     | src.database.mongodb:insert_book:77 - Inserted new book: The Silent Wife (ID: 69158fafc0abf7fb8a130452)
2025-11-13 10:58:39 | INFO     | src.crawler.scraper:_crawl_book:233 - Inserted new book: The Silent Wife
2025-11-13 10:58:39 | INFO     | src.database.mongodb:insert_book:77 - Inserted new book: The Silent Twin (Detective Jennifer Knight #3) (ID: 69158fafc0abf7fb8a130453)
2025-11-13 10:58:39 | INFO     | src.crawler.scraper:_crawl_book:233 - Inserted new book: The Silent Twin (Detective Jennifer Knight #3)
2025-11-13 10:58:39 | INFO     | src.database.mongodb:insert_book:77 - Inserted new book: The Selfish Gene (ID: 69158fafc0abf7fb8a130454)
2025-11-13 10:58:39 | INFO     | src.crawler.scraper:_crawl_book:233 - Inserted new book: The Selfish Gene
2025-11-13 10:58:39 | INFO     | src.crawler.scraper:_crawl_catalog:125 - Crawling catalog page 47: https://books.toscrape.com/catalogue/page-47.html
2025-11-13 10:58:40 | INFO     | src.crawler.parser:extract_book_links:169 - Extracted 20 book links from page
2025-11-13 10:58:40 | INFO     | src.crawler.scraper:_crawl_catalog:143 - Found 20 new books on page 47
2025-11-13 10:58:40 | INFO     | src.database.mongodb:insert_book:77 - Inserted new book: The Secret Healer (ID: 69158fb0c0abf7fb8a130455)
2025-11-13 10:58:40 | INFO     | src.crawler.scraper:_crawl_book:233 - Inserted new book: The Secret Healer
2025-11-13 10:58:40 | INFO     | src.database.mongodb:insert_book:77 - Inserted new book: The No. 1 Ladies' Detective Agency (No. 1 Ladies' Detective Agency #1) (ID: 69158fb0c0abf7fb8a130456)
2025-11-13 10:58:40 | INFO     | src.crawler.scraper:_crawl_book:233 - Inserted new book: The No. 1 Ladies' Detective Agency (No. 1 Ladies' Detective Agency #1)
2025-11-13 10:58:40 | INFO     | src.database.mongodb:insert_book:77 - Inserted new book: The Odyssey (ID: 69158fb0c0abf7fb8a130457)
2025-11-13 10:58:40 | INFO     | src.crawler.scraper:_crawl_book:233 - Inserted new book: The Odyssey
2025-11-13 10:58:40 | INFO     | src.database.mongodb:insert_book:77 - Inserted new book: The Mirror & the Maze (The Wrath and the Dawn #1.5) (ID: 69158fb0c0abf7fb8a130459)
2025-11-13 10:58:40 | INFO     | src.crawler.scraper:_crawl_book:233 - Inserted new book: The Mirror & the Maze (The Wrath and the Dawn #1.5)
2025-11-13 10:58:40 | INFO     | src.database.mongodb:insert_book:77 - Inserted new book: The Sandman, Vol. 1: Preludes and Nocturnes (The Sandman (volumes) #1) (ID: 69158fb0c0abf7fb8a130458)
2025-11-13 10:58:40 | INFO     | src.crawler.scraper:_crawl_book:233 - Inserted new book: The Sandman, Vol. 1: Preludes and Nocturnes (The Sandman (volumes) #1)
2025-11-13 10:58:40 | INFO     | src.database.mongodb:insert_book:77 - Inserted new book: The Republic (ID: 69158fb0c0abf7fb8a13045c)
2025-11-13 10:58:40 | INFO     | src.crawler.scraper:_crawl_book:233 - Inserted new book: The Republic
2025-11-13 10:58:40 | INFO     | src.database.mongodb:insert_book:77 - Inserted new book: The Light of the Fireflies (ID: 69158fb0c0abf7fb8a13045d)
2025-11-13 10:58:40 | INFO     | src.crawler.scraper:_crawl_book:233 - Inserted new book: The Light of the Fireflies
2025-11-13 10:58:40 | INFO     | src.database.mongodb:insert_book:77 - Inserted new book: The Little Prince (ID: 69158fb0c0abf7fb8a13045a)
2025-11-13 10:58:40 | INFO     | src.crawler.scraper:_crawl_book:233 - Inserted new book: The Little Prince
2025-11-13 10:58:40 | INFO     | src.database.mongodb:insert_book:77 - Inserted new book: The Name of the Wind (The Kingkiller Chronicle #1) (ID: 69158fb0c0abf7fb8a13045b)
2025-11-13 10:58:40 | INFO     | src.crawler.scraper:_crawl_book:233 - Inserted new book: The Name of the Wind (The Kingkiller Chronicle #1)
2025-11-13 10:58:40 | INFO     | src.database.mongodb:insert_book:77 - Inserted new book: The Nicomachean Ethics (ID: 69158fb0c0abf7fb8a13045e)
2025-11-13 10:58:40 | INFO     | src.crawler.scraper:_crawl_book:233 - Inserted new book: The Nicomachean Ethics
2025-11-13 10:58:40 | INFO     | src.database.mongodb:insert_book:77 - Inserted new book: The Last Girl (The Dominion Trilogy #1) (ID: 69158fb0c0abf7fb8a13045f)
2025-11-13 10:58:40 | INFO     | src.crawler.scraper:_crawl_book:233 - Inserted new book: The Last Girl (The Dominion Trilogy #1)
2025-11-13 10:58:40 | INFO     | src.database.mongodb:insert_book:77 - Inserted new book: The Hook Up (Game On #1) (ID: 69158fb0c0abf7fb8a130460)
2025-11-13 10:58:40 | INFO     | src.crawler.scraper:_crawl_book:233 - Inserted new book: The Hook Up (Game On #1)
2025-11-13 10:58:40 | INFO     | src.database.mongodb:insert_book:77 - Inserted new book: The Iliad (ID: 69158fb0c0abf7fb8a130461)
2025-11-13 10:58:40 | INFO     | src.crawler.scraper:_crawl_book:233 - Inserted new book: The Iliad
2025-11-13 10:58:41 | INFO     | src.database.mongodb:insert_book:77 - Inserted new book: The Haters (ID: 69158fb1c0abf7fb8a130462)
2025-11-13 10:58:41 | INFO     | src.crawler.scraper:_crawl_book:233 - Inserted new book: The Haters
2025-11-13 10:58:41 | INFO     | src.database.mongodb:insert_book:77 - Inserted new book: The Girl In The Ice (DCI Erika Foster #1) (ID: 69158fb1c0abf7fb8a130464)
2025-11-13 10:58:41 | INFO     | src.crawler.scraper:_crawl_book:233 - Inserted new book: The Girl In The Ice (DCI Erika Foster #1)
2025-11-13 10:58:41 | INFO     | src.database.mongodb:insert_book:77 - Inserted new book: The Girl You Lost (ID: 69158fb1c0abf7fb8a130463)
2025-11-13 10:58:41 | INFO     | src.crawler.scraper:_crawl_book:233 - Inserted new book: The Girl You Lost
2025-11-13 10:58:41 | INFO     | src.database.mongodb:insert_book:77 - Inserted new book: The Complete Maus (Maus #1-2) (ID: 69158fb1c0abf7fb8a130465)
2025-11-13 10:58:41 | INFO     | src.crawler.scraper:_crawl_book:233 - Inserted new book: The Complete Maus (Maus #1-2)
2025-11-13 10:58:41 | INFO     | src.database.mongodb:insert_book:77 - Inserted new book: The End of the Jesus Era (An Investigation #1) (ID: 69158fb1c0abf7fb8a130466)
2025-11-13 10:58:41 | INFO     | src.crawler.scraper:_crawl_book:233 - Inserted new book: The End of the Jesus Era (An Investigation #1)
2025-11-13 10:58:41 | INFO     | src.database.mongodb:insert_book:77 - Inserted new book: The Communist Manifesto (ID: 69158fb1c0abf7fb8a130467)
2025-11-13 10:58:41 | INFO     | src.crawler.scraper:_crawl_book:233 - Inserted new book: The Communist Manifesto
2025-11-13 10:58:41 | INFO     | src.database.mongodb:insert_book:77 - Inserted new book: The Edge of Reason (Bridget Jones #2) (ID: 69158fb1c0abf7fb8a130468)
2025-11-13 10:58:41 | INFO     | src.crawler.scraper:_crawl_book:233 - Inserted new book: The Edge of Reason (Bridget Jones #2)
2025-11-13 10:58:41 | INFO     | src.crawler.scraper:_crawl_catalog:125 - Crawling catalog page 48: https://books.toscrape.com/catalogue/page-48.html
2025-11-13 10:58:41 | INFO     | src.crawler.parser:extract_book_links:169 - Extracted 20 book links from page
2025-11-13 10:58:41 | INFO     | src.crawler.scraper:_crawl_catalog:143 - Found 20 new books on page 48
2025-11-13 10:58:42 | INFO     | src.database.mongodb:insert_book:77 - Inserted new book: The Bhagavad Gita (ID: 69158fb2c0abf7fb8a130469)
2025-11-13 10:58:42 | INFO     | src.crawler.scraper:_crawl_book:233 - Inserted new book: The Bhagavad Gita
2025-11-13 10:58:42 | INFO     | src.database.mongodb:insert_book:77 - Inserted new book: The Bette Davis Club (ID: 69158fb2c0abf7fb8a13046a)
2025-11-13 10:58:42 | INFO     | src.crawler.scraper:_crawl_book:233 - Inserted new book: The Bette Davis Club
2025-11-13 10:58:42 | INFO     | src.database.mongodb:insert_book:77 - Inserted new book: Shatter Me (Shatter Me #1) (ID: 69158fb2c0abf7fb8a13046c)
2025-11-13 10:58:42 | INFO     | src.crawler.scraper:_crawl_book:233 - Inserted new book: Shatter Me (Shatter Me #1)
2025-11-13 10:58:42 | INFO     | src.database.mongodb:insert_book:77 - Inserted new book: Starlark (ID: 69158fb2c0abf7fb8a13046b)
2025-11-13 10:58:42 | INFO     | src.crawler.scraper:_crawl_book:233 - Inserted new book: Starlark
2025-11-13 10:58:42 | INFO     | src.database.mongodb:insert_book:77 - Inserted new book: Taking Shots (Assassins #1) (ID: 69158fb2c0abf7fb8a13046d)
2025-11-13 10:58:42 | INFO     | src.crawler.scraper:_crawl_book:233 - Inserted new book: Taking Shots (Assassins #1)
2025-11-13 10:58:42 | INFO     | src.database.mongodb:insert_book:77 - Inserted new book: Skip Beat!, Vol. 01 (Skip Beat! #1) (ID: 69158fb2c0abf7fb8a13046e)
2025-11-13 10:58:42 | INFO     | src.crawler.scraper:_crawl_book:233 - Inserted new book: Skip Beat!, Vol. 01 (Skip Beat! #1)
2025-11-13 10:58:42 | INFO     | src.database.mongodb:insert_book:77 - Inserted new book: Shameless (ID: 69158fb2c0abf7fb8a13046f)
2025-11-13 10:58:42 | INFO     | src.crawler.scraper:_crawl_book:233 - Inserted new book: Shameless
2025-11-13 10:58:42 | INFO     | src.database.mongodb:insert_book:77 - Inserted new book: The Art of Not Breathing (ID: 69158fb2c0abf7fb8a130471)
2025-11-13 10:58:42 | INFO     | src.crawler.scraper:_crawl_book:233 - Inserted new book: The Art of Not Breathing
2025-11-13 10:58:42 | INFO     | src.database.mongodb:insert_book:77 - Inserted new book: Sister Sable (The Mad Queen #1) (ID: 69158fb2c0abf7fb8a130470)
2025-11-13 10:58:42 | INFO     | src.crawler.scraper:_crawl_book:233 - Inserted new book: Sister Sable (The Mad Queen #1)
2025-11-13 10:58:42 | INFO     | src.database.mongodb:insert_book:77 - Inserted new book: Settling the Score (The Summer Games #1) (ID: 69158fb2c0abf7fb8a130472)
2025-11-13 10:58:42 | INFO     | src.crawler.scraper:_crawl_book:233 - Inserted new book: Settling the Score (The Summer Games #1)
2025-11-13 10:58:42 | INFO     | src.database.mongodb:insert_book:77 - Inserted new book: Shadow Rites (Jane Yellowrock #10) (ID: 69158fb2c0abf7fb8a130473)
2025-11-13 10:58:42 | INFO     | src.crawler.scraper:_crawl_book:233 - Inserted new book: Shadow Rites (Jane Yellowrock #10)
2025-11-13 10:58:42 | INFO     | src.database.mongodb:insert_book:77 - Inserted new book: Sense and Sensibility (ID: 69158fb2c0abf7fb8a130474)
2025-11-13 10:58:42 | INFO     | src.crawler.scraper:_crawl_book:233 - Inserted new book: Sense and Sensibility
2025-11-13 10:58:42 | INFO     | src.database.mongodb:insert_book:77 - Inserted new book: Saga, Volume 1 (Saga (Collected Editions) #1) (ID: 69158fb2c0abf7fb8a130475)
2025-11-13 10:58:42 | INFO     | src.crawler.scraper:_crawl_book:233 - Inserted new book: Saga, Volume 1 (Saga (Collected Editions) #1)
2025-11-13 10:58:42 | INFO     | src.database.mongodb:insert_book:77 - Inserted new book: Paper Girls, Vol. 1 (Paper Girls #1-5) (ID: 69158fb2c0abf7fb8a130476)
2025-11-13 10:58:42 | INFO     | src.crawler.scraper:_crawl_book:233 - Inserted new book: Paper Girls, Vol. 1 (Paper Girls #1-5)
2025-11-13 10:58:42 | INFO     | src.database.mongodb:insert_book:77 - Inserted new book: Rat Queens, Vol. 1: Sass & Sorcery (Rat Queens (Collected Editions) #1-5) (ID: 69158fb2c0abf7fb8a130478)
2025-11-13 10:58:42 | INFO     | src.crawler.scraper:_crawl_book:233 - Inserted new book: Rat Queens, Vol. 1: Sass & Sorcery (Rat Queens (Collected Editions) #1-5)
2025-11-13 10:58:42 | INFO     | src.database.mongodb:insert_book:77 - Inserted new book: Ouran High School Host Club, Vol. 1 (Ouran High School Host Club #1) (ID: 69158fb2c0abf7fb8a13047b)
2025-11-13 10:58:42 | INFO     | src.crawler.scraper:_crawl_book:233 - Inserted new book: Ouran High School Host Club, Vol. 1 (Ouran High School Host Club #1)
2025-11-13 10:58:42 | INFO     | src.database.mongodb:insert_book:77 - Inserted new book: Paradise Lost (Paradise #1) (ID: 69158fb2c0abf7fb8a130479)
2025-11-13 10:58:42 | INFO     | src.crawler.scraper:_crawl_book:233 - Inserted new book: Paradise Lost (Paradise #1)
2025-11-13 10:58:42 | INFO     | src.database.mongodb:insert_book:77 - Inserted new book: One Second (Seven #7) (ID: 69158fb2c0abf7fb8a130477)
2025-11-13 10:58:42 | INFO     | src.crawler.scraper:_crawl_book:233 - Inserted new book: One Second (Seven #7)
2025-11-13 10:58:42 | INFO     | src.database.mongodb:insert_book:77 - Inserted new book: Origins (Alphas 0.5) (ID: 69158fb2c0abf7fb8a13047a)
2025-11-13 10:58:42 | INFO     | src.crawler.scraper:_crawl_book:233 - Inserted new book: Origins (Alphas 0.5)
2025-11-13 10:58:42 | INFO     | src.database.mongodb:insert_book:77 - Inserted new book: Rhythm, Chord & Malykhin (ID: 69158fb2c0abf7fb8a13047c)
2025-11-13 10:58:42 | INFO     | src.crawler.scraper:_crawl_book:233 - Inserted new book: Rhythm, Chord & Malykhin
2025-11-13 10:58:43 | INFO     | src.crawler.scraper:_crawl_catalog:125 - Crawling catalog page 49: https://books.toscrape.com/catalogue/page-49.html
2025-11-13 10:58:43 | INFO     | src.crawler.parser:extract_book_links:169 - Extracted 20 book links from page
2025-11-13 10:58:43 | INFO     | src.crawler.scraper:_crawl_catalog:143 - Found 20 new books on page 49
2025-11-13 10:58:43 | INFO     | src.database.mongodb:insert_book:77 - Inserted new book: On the Road (Duluoz Legend) (ID: 69158fb3c0abf7fb8a13047d)
2025-11-13 10:58:43 | INFO     | src.crawler.scraper:_crawl_book:233 - Inserted new book: On the Road (Duluoz Legend)
2025-11-13 10:58:44 | INFO     | src.database.mongodb:insert_book:77 - Inserted new book: Old Records Never Die: One Man's Quest for His Vinyl and His Past (ID: 69158fb4c0abf7fb8a13047e)
2025-11-13 10:58:44 | INFO     | src.crawler.scraper:_crawl_book:233 - Inserted new book: Old Records Never Die: One Man's Quest for His Vinyl and His Past
2025-11-13 10:58:44 | INFO     | src.database.mongodb:insert_book:77 - Inserted new book: Meditations (ID: 69158fb4c0abf7fb8a13047f)
2025-11-13 10:58:44 | INFO     | src.crawler.scraper:_crawl_book:233 - Inserted new book: Meditations
2025-11-13 10:58:44 | INFO     | src.database.mongodb:insert_book:77 - Inserted new book: My Perfect Mistake (Over the Top #1) (ID: 69158fb4c0abf7fb8a130483)
2025-11-13 10:58:44 | INFO     | src.crawler.scraper:_crawl_book:233 - Inserted new book: My Perfect Mistake (Over the Top #1)
2025-11-13 10:58:44 | INFO     | src.database.mongodb:insert_book:77 - Inserted new book: Of Mice and Men (ID: 69158fb4c0abf7fb8a130481)
2025-11-13 10:58:44 | INFO     | src.crawler.scraper:_crawl_book:233 - Inserted new book: Of Mice and Men
2025-11-13 10:58:44 | INFO     | src.database.mongodb:insert_book:77 - Inserted new book: Ms. Marvel, Vol. 1: No Normal (Ms. Marvel (2014-2015) #1) (ID: 69158fb4c0abf7fb8a130484)
2025-11-13 10:58:44 | INFO     | src.crawler.scraper:_crawl_book:233 - Inserted new book: Ms. Marvel, Vol. 1: No Normal (Ms. Marvel (2014-2015) #1)
2025-11-13 10:58:44 | INFO     | src.database.mongodb:insert_book:77 - Inserted new book: Matilda (ID: 69158fb4c0abf7fb8a130482)
2025-11-13 10:58:44 | INFO     | src.crawler.scraper:_crawl_book:233 - Inserted new book: Matilda
2025-11-13 10:58:44 | INFO     | src.database.mongodb:insert_book:77 - Inserted new book: Myriad (Prentor #1) (ID: 69158fb4c0abf7fb8a130480)
2025-11-13 10:58:44 | INFO     | src.crawler.scraper:_crawl_book:233 - Inserted new book: Myriad (Prentor #1)
2025-11-13 10:58:44 | INFO     | src.database.mongodb:insert_book:77 - Inserted new book: Off Sides (Off #1) (ID: 69158fb4c0abf7fb8a130485)
2025-11-13 10:58:44 | INFO     | src.crawler.scraper:_crawl_book:233 - Inserted new book: Off Sides (Off #1)
2025-11-13 10:58:44 | INFO     | src.database.mongodb:insert_book:77 - Inserted new book: Lost Among the Living (ID: 69158fb4c0abf7fb8a130486)
2025-11-13 10:58:44 | INFO     | src.crawler.scraper:_crawl_book:233 - Inserted new book: Lost Among the Living
2025-11-13 10:58:44 | INFO     | src.database.mongodb:insert_book:77 - Inserted new book: Lord of the Flies (ID: 69158fb4c0abf7fb8a130487)
2025-11-13 10:58:44 | INFO     | src.crawler.scraper:_crawl_book:233 - Inserted new book: Lord of the Flies
2025-11-13 10:58:44 | INFO     | src.database.mongodb:insert_book:77 - Inserted new book: Listen to Me (Fusion #1) (ID: 69158fb4c0abf7fb8a130488)
2025-11-13 10:58:44 | INFO     | src.crawler.scraper:_crawl_book:233 - Inserted new book: Listen to Me (Fusion #1)
2025-11-13 10:58:44 | INFO     | src.database.mongodb:insert_book:77 - Inserted new book: Jane Eyre (ID: 69158fb4c0abf7fb8a130489)
2025-11-13 10:58:44 | INFO     | src.crawler.scraper:_crawl_book:233 - Inserted new book: Jane Eyre
2025-11-13 10:58:44 | INFO     | src.database.mongodb:insert_book:77 - Inserted new book: Kitchens of the Great Midwest (ID: 69158fb4c0abf7fb8a13048a)
2025-11-13 10:58:44 | INFO     | src.crawler.scraper:_crawl_book:233 - Inserted new book: Kitchens of the Great Midwest
2025-11-13 10:58:44 | INFO     | src.database.mongodb:insert_book:77 - Inserted new book: Hawkeye, Vol. 1: My Life as a Weapon (Hawkeye #1) (ID: 69158fb4c0abf7fb8a13048b)
2025-11-13 10:58:44 | INFO     | src.crawler.scraper:_crawl_book:233 - Inserted new book: Hawkeye, Vol. 1: My Life as a Weapon (Hawkeye #1)
2025-11-13 10:58:44 | INFO     | src.database.mongodb:insert_book:77 - Inserted new book: Fruits Basket, Vol. 1 (Fruits Basket #1) (ID: 69158fb4c0abf7fb8a13048c)
2025-11-13 10:58:44 | INFO     | src.crawler.scraper:_crawl_book:233 - Inserted new book: Fruits Basket, Vol. 1 (Fruits Basket #1)
2025-11-13 10:58:44 | INFO     | src.database.mongodb:insert_book:77 - Inserted new book: Giant Days, Vol. 1 (Giant Days #1-4) (ID: 69158fb4c0abf7fb8a13048e)
2025-11-13 10:58:44 | INFO     | src.crawler.scraper:_crawl_book:233 - Inserted new book: Giant Days, Vol. 1 (Giant Days #1-4)
2025-11-13 10:58:44 | INFO     | src.database.mongodb:insert_book:77 - Inserted new book: Imperfect Harmony (ID: 69158fb4c0abf7fb8a13048d)
2025-11-13 10:58:44 | INFO     | src.crawler.scraper:_crawl_book:233 - Inserted new book: Imperfect Harmony
2025-11-13 10:58:44 | INFO     | src.database.mongodb:insert_book:77 - Inserted new book: Icing (Aces Hockey #2) (ID: 69158fb4c0abf7fb8a13048f)
2025-11-13 10:58:44 | INFO     | src.crawler.scraper:_crawl_book:233 - Inserted new book: Icing (Aces Hockey #2)
2025-11-13 10:58:44 | INFO     | src.database.mongodb:insert_book:77 - Inserted new book: Having the Barbarian's Baby (Ice Planet Barbarians #7.5) (ID: 69158fb4c0abf7fb8a130490)
2025-11-13 10:58:44 | INFO     | src.crawler.scraper:_crawl_book:233 - Inserted new book: Having the Barbarian's Baby (Ice Planet Barbarians #7.5)
2025-11-13 10:58:44 | INFO     | src.crawler.scraper:_crawl_catalog:125 - Crawling catalog page 50: https://books.toscrape.com/catalogue/page-50.html
2025-11-13 10:58:45 | INFO     | src.crawler.parser:extract_book_links:169 - Extracted 20 book links from page
2025-11-13 10:58:45 | INFO     | src.crawler.scraper:_crawl_catalog:143 - Found 20 new books on page 50
2025-11-13 10:58:45 | INFO     | src.database.mongodb:insert_book:77 - Inserted new book: Frankenstein (ID: 69158fb5c0abf7fb8a130491)
2025-11-13 10:58:45 | INFO     | src.crawler.scraper:_crawl_book:233 - Inserted new book: Frankenstein
2025-11-13 10:58:46 | INFO     | src.database.mongodb:insert_book:77 - Inserted new book: Eat, Pray, Love (ID: 69158fb6c0abf7fb8a130493)
2025-11-13 10:58:46 | INFO     | src.crawler.scraper:_crawl_book:233 - Inserted new book: Eat, Pray, Love
2025-11-13 10:58:46 | INFO     | src.database.mongodb:insert_book:77 - Inserted new book: Forever Rockers (The Rocker #12) (ID: 69158fb6c0abf7fb8a130492)
2025-11-13 10:58:46 | INFO     | src.crawler.scraper:_crawl_book:233 - Inserted new book: Forever Rockers (The Rocker #12)
2025-11-13 10:58:46 | INFO     | src.database.mongodb:insert_book:77 - Inserted new book: Charlie and the Chocolate Factory (Charlie Bucket #1) (ID: 69158fb6c0abf7fb8a130494)
2025-11-13 10:58:46 | INFO     | src.crawler.scraper:_crawl_book:233 - Inserted new book: Charlie and the Chocolate Factory (Charlie Bucket #1)
2025-11-13 10:58:46 | INFO     | src.database.mongodb:insert_book:77 - Inserted new book: Charity's Cross (Charles Towne Belles #4) (ID: 69158fb6c0abf7fb8a130496)
2025-11-13 10:58:46 | INFO     | src.crawler.scraper:_crawl_book:233 - Inserted new book: Charity's Cross (Charles Towne Belles #4)
2025-11-13 10:58:46 | INFO     | src.database.mongodb:insert_book:77 - Inserted new book: Emma (ID: 69158fb6c0abf7fb8a130495)
2025-11-13 10:58:46 | INFO     | src.crawler.scraper:_crawl_book:233 - Inserted new book: Emma
2025-11-13 10:58:46 | INFO     | src.database.mongodb:insert_book:77 - Inserted new book: Choosing Our Religion: The Spiritual Lives of America's Nones (ID: 69158fb6c0abf7fb8a130497)
2025-11-13 10:58:46 | INFO     | src.crawler.scraper:_crawl_book:233 - Inserted new book: Choosing Our Religion: The Spiritual Lives of America's Nones
2025-11-13 10:58:46 | INFO     | src.database.mongodb:insert_book:77 - Inserted new book: Bright Lines (ID: 69158fb6c0abf7fb8a13049a)
2025-11-13 10:58:46 | INFO     | src.crawler.scraper:_crawl_book:233 - Inserted new book: Bright Lines
2025-11-13 10:58:46 | INFO     | src.database.mongodb:insert_book:77 - Inserted new book: Deep Under (Walker Security #1) (ID: 69158fb6c0abf7fb8a130498)
2025-11-13 10:58:46 | INFO     | src.crawler.scraper:_crawl_book:233 - Inserted new book: Deep Under (Walker Security #1)
2025-11-13 10:58:46 | INFO     | src.database.mongodb:insert_book:77 - Inserted new book: Bridget Jones's Diary (Bridget Jones #1) (ID: 69158fb6c0abf7fb8a130499)
2025-11-13 10:58:46 | INFO     | src.crawler.scraper:_crawl_book:233 - Inserted new book: Bridget Jones's Diary (Bridget Jones #1)
2025-11-13 10:58:46 | INFO     | src.database.mongodb:insert_book:77 - Inserted new book: Fighting Fate (Fighting #6) (ID: 69158fb6c0abf7fb8a13049b)
2025-11-13 10:58:46 | INFO     | src.crawler.scraper:_crawl_book:233 - Inserted new book: Fighting Fate (Fighting #6)
2025-11-13 10:58:46 | INFO     | src.database.mongodb:insert_book:77 - Inserted new book: Bounty (Colorado Mountain #7) (ID: 69158fb6c0abf7fb8a13049c)
2025-11-13 10:58:46 | INFO     | src.crawler.scraper:_crawl_book:233 - Inserted new book: Bounty (Colorado Mountain #7)
2025-11-13 10:58:46 | INFO     | src.database.mongodb:insert_book:77 - Inserted new book: Blood Defense (Samantha Brinkman #1) (ID: 69158fb6c0abf7fb8a13049d)
2025-11-13 10:58:46 | INFO     | src.crawler.scraper:_crawl_book:233 - Inserted new book: Blood Defense (Samantha Brinkman #1)
2025-11-13 10:58:46 | INFO     | src.database.mongodb:insert_book:77 - Inserted new book: Bleach, Vol. 1: Strawberry and the Soul Reapers (Bleach #1) (ID: 69158fb6c0abf7fb8a13049e)
2025-11-13 10:58:46 | INFO     | src.crawler.scraper:_crawl_book:233 - Inserted new book: Bleach, Vol. 1: Strawberry and the Soul Reapers (Bleach #1)
2025-11-13 10:58:46 | INFO     | src.database.mongodb:insert_book:77 - Inserted new book: Ajin: Demi-Human, Volume 1 (Ajin: Demi-Human #1) (ID: 69158fb6c0abf7fb8a13049f)
2025-11-13 10:58:46 | INFO     | src.crawler.scraper:_crawl_book:233 - Inserted new book: Ajin: Demi-Human, Volume 1 (Ajin: Demi-Human #1)
2025-11-13 10:58:46 | INFO     | src.database.mongodb:insert_book:77 - Inserted new book: 1,000 Places to See Before You Die (ID: 69158fb6c0abf7fb8a1304a0)
2025-11-13 10:58:46 | INFO     | src.crawler.scraper:_crawl_book:233 - Inserted new book: 1,000 Places to See Before You Die
2025-11-13 10:58:46 | INFO     | src.database.mongodb:insert_book:77 - Inserted new book: Beyond Good and Evil (ID: 69158fb6c0abf7fb8a1304a2)
2025-11-13 10:58:46 | INFO     | src.crawler.scraper:_crawl_book:233 - Inserted new book: Beyond Good and Evil
2025-11-13 10:58:46 | INFO     | src.database.mongodb:insert_book:77 - Inserted new book: Alice in Wonderland (Alice's Adventures in Wonderland #1) (ID: 69158fb6c0abf7fb8a1304a1)
2025-11-13 10:58:46 | INFO     | src.crawler.scraper:_crawl_book:233 - Inserted new book: Alice in Wonderland (Alice's Adventures in Wonderland #1)
2025-11-13 10:58:46 | INFO     | src.database.mongodb:insert_book:77 - Inserted new book: A Spy's Devotion (The Regency Spies of London #1) (ID: 69158fb6c0abf7fb8a1304a3)
2025-11-13 10:58:46 | INFO     | src.crawler.scraper:_crawl_book:233 - Inserted new book: A Spy's Devotion (The Regency Spies of London #1)
2025-11-13 10:58:47 | INFO     | src.database.mongodb:insert_book:77 - Inserted new book: 1st to Die (Women's Murder Club #1) (ID: 69158fb7c0abf7fb8a1304a4)
2025-11-13 10:58:47 | INFO     | src.crawler.scraper:_crawl_book:233 - Inserted new book: 1st to Die (Women's Murder Club #1)
2025-11-13 10:58:47 | INFO     | src.crawler.scraper:_crawl_catalog:156 - No more catalog pages found
2025-11-13 10:58:47 | INFO     | src.crawler.scraper:crawl:76 - Crawl completed: 1000 books processed, 1000 new, 0 updated, 0 failed
2025-11-13 10:58:47 | INFO     | src.database.mongodb:disconnect:35 - Disconnected from MongoDB
2025-11-13 10:58:47 | INFO     | __main__:main:18 - ============================================================
2025-11-13 10:58:47 | INFO     | __main__:main:19 - Crawl Summary:
2025-11-13 10:58:47 | INFO     | __main__:main:20 -   Total Books: 1000
2025-11-13 10:58:47 | INFO     | __main__:main:21 -   New Books: 1000
2025-11-13 10:58:47 | INFO     | __main__:main:22 -   Updated Books: 0
2025-11-13 10:58:47 | INFO     | __main__:main:23 -   Failed Pages: 0
2025-11-13 10:58:47 | INFO     | __main__:main:24 - ============================================================
2025-11-13 10:59:14 | INFO     | __main__:main:10 - ============================================================
2025-11-13 10:59:14 | INFO     | __main__:main:11 - Starting Books Scraper API
2025-11-13 10:59:14 | INFO     | __main__:main:12 - Host: 0.0.0.0
2025-11-13 10:59:14 | INFO     | __main__:main:13 - Port: 8000
2025-11-13 10:59:14 | INFO     | __main__:main:14 - Documentation: http://0.0.0.0:8000/docs
2025-11-13 10:59:14 | INFO     | __main__:main:15 - ============================================================
2025-11-13 10:59:15 | ERROR    | __main__:main:28 - API server failed: No module named 'slowapi'
2025-11-13 11:01:11 | INFO     | __main__:main:10 - ============================================================
2025-11-13 11:01:11 | INFO     | __main__:main:11 - Starting Books Scraper API
2025-11-13 11:01:11 | INFO     | __main__:main:12 - Host: 0.0.0.0
2025-11-13 11:01:11 | INFO     | __main__:main:13 - Port: 8000
2025-11-13 11:01:11 | INFO     | __main__:main:14 - Documentation: http://0.0.0.0:8000/docs
2025-11-13 11:01:11 | INFO     | __main__:main:15 - ============================================================
2025-11-13 11:01:12 | ERROR    | __main__:main:28 - API server failed: No "request" or "websocket" argument on function "<function get_books at 0x7f8aade17f60>"
2025-11-13 11:03:21 | INFO     | __main__:main:10 - ============================================================
2025-11-13 11:03:21 | INFO     | __main__:main:11 - Starting Books Scraper API
2025-11-13 11:03:21 | INFO     | __main__:main:12 - Host: 0.0.0.0
2025-11-13 11:03:21 | INFO     | __main__:main:13 - Port: 8000
2025-11-13 11:03:21 | INFO     | __main__:main:14 - Documentation: http://0.0.0.0:8000/docs
2025-11-13 11:03:21 | INFO     | __main__:main:15 - ============================================================
2025-11-13 11:03:22 | INFO     | src.api.main:lifespan:23 - Starting up FastAPI application...
2025-11-13 11:03:22 | INFO     | src.database.mongodb:_create_indexes:66 - Database indexes created successfully
2025-11-13 11:03:22 | INFO     | src.database.mongodb:connect:26 - Connected to MongoDB: books_scraper
2025-11-13 11:03:22 | INFO     | src.api.main:lifespan:25 - Application started successfully
2025-11-13 11:03:48 | WARNING  | src.api.auth:verify_api_key:27 - Request without API key
2025-11-13 11:04:08 | WARNING  | src.api.auth:verify_api_key:37 - Invalid API key attempted: ssss...
2025-11-13 11:04:41 | INFO     | src.api.main:lifespan:30 - Shutting down FastAPI application...
2025-11-13 11:04:41 | INFO     | src.database.mongodb:disconnect:35 - Disconnected from MongoDB
2025-11-13 11:04:41 | INFO     | src.api.main:lifespan:32 - Application shut down successfully
2025-11-13 11:07:29 | INFO     | __main__:main:10 - ============================================================
2025-11-13 11:07:29 | INFO     | __main__:main:11 - Starting Books Scraper Scheduler
2025-11-13 11:07:29 | INFO     | __main__:main:12 - ============================================================
2025-11-13 11:07:29 | ERROR    | __main__:main:23 - Scheduler failed with error: no running event loop
2025-11-13 11:09:36 | INFO     | __main__:main:10 - ============================================================
2025-11-13 11:09:36 | INFO     | __main__:main:11 - Starting Books Scraper Scheduler
2025-11-13 11:09:36 | INFO     | __main__:main:12 - ============================================================
2025-11-13 11:09:36 | ERROR    | __main__:main:23 - Scheduler failed with error: no running event loop
2025-11-13 16:38:43 | INFO     | __main__:main:11 - ============================================================
2025-11-13 16:38:43 | INFO     | __main__:main:12 - Starting Books Scraper
2025-11-13 16:38:43 | INFO     | __main__:main:13 - ============================================================
2025-11-13 16:38:43 | INFO     | src.crawler.scraper:crawl:47 - Starting crawl of https://books.toscrape.com
2025-11-13 16:38:43 | INFO     | src.crawler.scraper:_load_progress:269 - No progress file found, starting fresh
2025-11-13 16:38:43 | INFO     | src.database.mongodb:_create_indexes:66 - Database indexes created successfully
2025-11-13 16:38:43 | INFO     | src.database.mongodb:connect:26 - Connected to MongoDB: books_scraper
2025-11-13 16:38:43 | INFO     | src.crawler.scraper:_crawl_catalog:125 - Crawling catalog page 1: https://books.toscrape.com
2025-11-13 16:38:46 | INFO     | src.crawler.parser:extract_book_links:169 - Extracted 20 book links from page
2025-11-13 16:38:46 | INFO     | src.crawler.scraper:_crawl_catalog:143 - Found 20 new books on page 1
2025-11-13 16:38:46 | INFO     | src.database.mongodb:insert_book:77 - Inserted new book: A Light in the Attic (ID: 6915df66ab77a3ff4810a4af)
2025-11-13 16:38:46 | INFO     | src.crawler.scraper:_crawl_book:233 - Inserted new book: A Light in the Attic
2025-11-13 16:38:46 | INFO     | src.database.mongodb:insert_book:77 - Inserted new book: Starving Hearts (Triangular Trade Trilogy, #1) (ID: 6915df66ab77a3ff4810a4b0)
2025-11-13 16:38:46 | INFO     | src.crawler.scraper:_crawl_book:233 - Inserted new book: Starving Hearts (Triangular Trade Trilogy, #1)
2025-11-13 16:38:47 | INFO     | src.database.mongodb:insert_book:77 - Inserted new book: Shakespeare's Sonnets (ID: 6915df67ab77a3ff4810a4b1)
2025-11-13 16:38:47 | INFO     | src.crawler.scraper:_crawl_book:233 - Inserted new book: Shakespeare's Sonnets
2025-11-13 16:38:47 | INFO     | src.database.mongodb:insert_book:77 - Inserted new book: Soumission (ID: 6915df67ab77a3ff4810a4b2)
2025-11-13 16:38:47 | INFO     | src.crawler.scraper:_crawl_book:233 - Inserted new book: Soumission
2025-11-13 16:38:47 | INFO     | src.database.mongodb:insert_book:77 - Inserted new book: The Requiem Red (ID: 6915df67ab77a3ff4810a4b3)
2025-11-13 16:38:47 | INFO     | src.crawler.scraper:_crawl_book:233 - Inserted new book: The Requiem Red
2025-11-13 16:38:47 | INFO     | src.database.mongodb:insert_book:77 - Inserted new book: Sharp Objects (ID: 6915df67ab77a3ff4810a4b4)
2025-11-13 16:38:47 | INFO     | src.crawler.scraper:_crawl_book:233 - Inserted new book: Sharp Objects
2025-11-13 16:38:47 | INFO     | src.database.mongodb:insert_book:77 - Inserted new book: Tipping the Velvet (ID: 6915df67ab77a3ff4810a4b5)
2025-11-13 16:38:47 | INFO     | src.crawler.scraper:_crawl_book:233 - Inserted new book: Tipping the Velvet
2025-11-13 16:38:47 | INFO     | src.database.mongodb:insert_book:77 - Inserted new book: The Black Maria (ID: 6915df67ab77a3ff4810a4b6)
2025-11-13 16:38:47 | INFO     | src.crawler.scraper:_crawl_book:233 - Inserted new book: The Black Maria
2025-11-13 16:38:47 | INFO     | src.database.mongodb:insert_book:77 - Inserted new book: Sapiens: A Brief History of Humankind (ID: 6915df67ab77a3ff4810a4b7)
2025-11-13 16:38:47 | INFO     | src.crawler.scraper:_crawl_book:233 - Inserted new book: Sapiens: A Brief History of Humankind
2025-11-13 16:38:47 | INFO     | src.database.mongodb:insert_book:77 - Inserted new book: Set Me Free (ID: 6915df67ab77a3ff4810a4b8)
2025-11-13 16:38:47 | INFO     | src.crawler.scraper:_crawl_book:233 - Inserted new book: Set Me Free
2025-11-13 16:38:47 | INFO     | src.database.mongodb:insert_book:77 - Inserted new book: The Coming Woman: A Novel Based on the Life of the Infamous Feminist, Victoria Woodhull (ID: 6915df67ab77a3ff4810a4b9)
2025-11-13 16:38:47 | INFO     | src.crawler.scraper:_crawl_book:233 - Inserted new book: The Coming Woman: A Novel Based on the Life of the Infamous Feminist, Victoria Woodhull
2025-11-13 16:38:47 | INFO     | src.database.mongodb:insert_book:77 - Inserted new book: The Dirty Little Secrets of Getting Your Dream Job (ID: 6915df67ab77a3ff4810a4ba)
2025-11-13 16:38:47 | INFO     | src.crawler.scraper:_crawl_book:233 - Inserted new book: The Dirty Little Secrets of Getting Your Dream Job
2025-11-13 16:38:47 | INFO     | src.database.mongodb:insert_book:77 - Inserted new book: The Boys in the Boat: Nine Americans and Their Epic Quest for Gold at the 1936 Berlin Olympics (ID: 6915df67ab77a3ff4810a4bb)
2025-11-13 16:38:47 | INFO     | src.crawler.scraper:_crawl_book:233 - Inserted new book: The Boys in the Boat: Nine Americans and Their Epic Quest for Gold at the 1936 Berlin Olympics
2025-11-13 16:38:47 | INFO     | src.database.mongodb:insert_book:77 - Inserted new book: Scott Pilgrim's Precious Little Life (Scott Pilgrim #1) (ID: 6915df67ab77a3ff4810a4bc)
2025-11-13 16:38:47 | INFO     | src.crawler.scraper:_crawl_book:233 - Inserted new book: Scott Pilgrim's Precious Little Life (Scott Pilgrim #1)
2025-11-13 16:38:47 | INFO     | src.database.mongodb:insert_book:77 - Inserted new book: Rip it Up and Start Again (ID: 6915df67ab77a3ff4810a4bd)
2025-11-13 16:38:47 | INFO     | src.crawler.scraper:_crawl_book:233 - Inserted new book: Rip it Up and Start Again
2025-11-13 16:38:48 | INFO     | src.database.mongodb:insert_book:77 - Inserted new book: Our Band Could Be Your Life: Scenes from the American Indie Underground, 1981-1991 (ID: 6915df67ab77a3ff4810a4be)
2025-11-13 16:38:48 | INFO     | src.crawler.scraper:_crawl_book:233 - Inserted new book: Our Band Could Be Your Life: Scenes from the American Indie Underground, 1981-1991
2025-11-13 16:38:48 | INFO     | src.database.mongodb:insert_book:77 - Inserted new book: Mesaerion: The Best Science Fiction Stories 1800-1849 (ID: 6915df67ab77a3ff4810a4bf)
2025-11-13 16:38:48 | INFO     | src.crawler.scraper:_crawl_book:233 - Inserted new book: Mesaerion: The Best Science Fiction Stories 1800-1849
2025-11-13 16:38:48 | INFO     | src.database.mongodb:insert_book:77 - Inserted new book: Olio (ID: 6915df68ab77a3ff4810a4c0)
2025-11-13 16:38:48 | INFO     | src.crawler.scraper:_crawl_book:233 - Inserted new book: Olio
2025-11-13 16:38:48 | INFO     | src.database.mongodb:insert_book:77 - Inserted new book: It's Only the Himalayas (ID: 6915df68ab77a3ff4810a4c2)
2025-11-13 16:38:48 | INFO     | src.crawler.scraper:_crawl_book:233 - Inserted new book: It's Only the Himalayas
2025-11-13 16:38:48 | INFO     | src.database.mongodb:insert_book:77 - Inserted new book: Libertarianism for Beginners (ID: 6915df68ab77a3ff4810a4c1)
2025-11-13 16:38:48 | INFO     | src.crawler.scraper:_crawl_book:233 - Inserted new book: Libertarianism for Beginners
2025-11-13 16:38:48 | INFO     | src.crawler.scraper:_crawl_catalog:125 - Crawling catalog page 2: https://books.toscrape.com/catalogue/page-2.html
2025-11-13 16:38:48 | INFO     | src.crawler.parser:extract_book_links:169 - Extracted 20 book links from page
2025-11-13 16:38:48 | INFO     | src.crawler.scraper:_crawl_catalog:143 - Found 20 new books on page 2
2025-11-13 16:38:48 | INFO     | src.database.mongodb:insert_book:77 - Inserted new book: Black Dust (ID: 6915df68ab77a3ff4810a4c4)
2025-11-13 16:38:48 | INFO     | src.crawler.scraper:_crawl_book:233 - Inserted new book: Black Dust
2025-11-13 16:38:48 | INFO     | src.database.mongodb:insert_book:77 - Inserted new book: In Her Wake (ID: 6915df68ab77a3ff4810a4c3)
2025-11-13 16:38:48 | INFO     | src.crawler.scraper:_crawl_book:233 - Inserted new book: In Her Wake
2025-11-13 16:38:48 | INFO     | src.database.mongodb:insert_book:77 - Inserted new book: How Music Works (ID: 6915df68ab77a3ff4810a4c5)
2025-11-13 16:38:48 | INFO     | src.crawler.scraper:_crawl_book:233 - Inserted new book: How Music Works
2025-11-13 16:38:48 | INFO     | src.database.mongodb:insert_book:77 - Inserted new book: Aladdin and His Wonderful Lamp (ID: 6915df68ab77a3ff4810a4c6)
2025-11-13 16:38:48 | INFO     | src.crawler.scraper:_crawl_book:233 - Inserted new book: Aladdin and His Wonderful Lamp
2025-11-13 16:38:48 | INFO     | src.database.mongodb:insert_book:77 - Inserted new book: Birdsong: A Story in Pictures (ID: 6915df68ab77a3ff4810a4c7)
2025-11-13 16:38:48 | INFO     | src.crawler.scraper:_crawl_book:233 - Inserted new book: Birdsong: A Story in Pictures
2025-11-13 16:38:48 | INFO     | src.database.mongodb:insert_book:77 - Inserted new book: Chase Me (Paris Nights #2) (ID: 6915df68ab77a3ff4810a4c8)
2025-11-13 16:38:48 | INFO     | src.crawler.scraper:_crawl_book:233 - Inserted new book: Chase Me (Paris Nights #2)
2025-11-13 16:38:49 | INFO     | src.database.mongodb:insert_book:77 - Inserted new book: Worlds Elsewhere: Journeys Around Shakespeare’s Globe (ID: 6915df68ab77a3ff4810a4ca)
2025-11-13 16:38:49 | INFO     | src.crawler.scraper:_crawl_book:233 - Inserted new book: Worlds Elsewhere: Journeys Around Shakespeare’s Globe
2025-11-13 16:38:49 | INFO     | src.database.mongodb:insert_book:77 - Inserted new book: Wall and Piece (ID: 6915df68ab77a3ff4810a4c9)
2025-11-13 16:38:49 | INFO     | src.crawler.scraper:_crawl_book:233 - Inserted new book: Wall and Piece
2025-11-13 16:38:49 | INFO     | src.database.mongodb:insert_book:77 - Inserted new book: America's Cradle of Quarterbacks: Western Pennsylvania's Football Factory from Johnny Unitas to Joe Montana (ID: 6915df68ab77a3ff4810a4cb)
2025-11-13 16:38:49 | INFO     | src.crawler.scraper:_crawl_book:233 - Inserted new book: America's Cradle of Quarterbacks: Western Pennsylvania's Football Factory from Johnny Unitas to Joe Montana
2025-11-13 16:38:49 | INFO     | src.database.mongodb:insert_book:77 - Inserted new book: The Four Agreements: A Practical Guide to Personal Freedom (ID: 6915df69ab77a3ff4810a4cd)
2025-11-13 16:38:49 | INFO     | src.crawler.scraper:_crawl_book:233 - Inserted new book: The Four Agreements: A Practical Guide to Personal Freedom
2025-11-13 16:38:49 | INFO     | src.database.mongodb:insert_book:77 - Inserted new book: Foolproof Preserving: A Guide to Small Batch Jams, Jellies, Pickles, Condiments, and More: A Foolproof Guide to Making Small Batch Jams, Jellies, Pickles, Condiments, and More (ID: 6915df69ab77a3ff4810a4cc)
2025-11-13 16:38:49 | INFO     | src.crawler.scraper:_crawl_book:233 - Inserted new book: Foolproof Preserving: A Guide to Small Batch Jams, Jellies, Pickles, Condiments, and More: A Foolproof Guide to Making Small Batch Jams, Jellies, Pickles, Condiments, and More
2025-11-13 16:38:49 | INFO     | src.database.mongodb:insert_book:77 - Inserted new book: The Five Love Languages: How to Express Heartfelt Commitment to Your Mate (ID: 6915df69ab77a3ff4810a4ce)
2025-11-13 16:38:49 | INFO     | src.crawler.scraper:_crawl_book:233 - Inserted new book: The Five Love Languages: How to Express Heartfelt Commitment to Your Mate
2025-11-13 16:38:49 | INFO     | src.database.mongodb:insert_book:77 - Inserted new book: The Bear and the Piano (ID: 6915df69ab77a3ff4810a4cf)
2025-11-13 16:38:49 | INFO     | src.crawler.scraper:_crawl_book:233 - Inserted new book: The Bear and the Piano
2025-11-13 16:38:49 | INFO     | src.database.mongodb:insert_book:77 - Inserted new book: The Elephant Tree (ID: 6915df69ab77a3ff4810a4d0)
2025-11-13 16:38:49 | INFO     | src.crawler.scraper:_crawl_book:233 - Inserted new book: The Elephant Tree
2025-11-13 16:38:49 | INFO     | src.database.mongodb:insert_book:77 - Inserted new book: Sophie's World (ID: 6915df69ab77a3ff4810a4d1)
2025-11-13 16:38:49 | INFO     | src.crawler.scraper:_crawl_book:233 - Inserted new book: Sophie's World
2025-11-13 16:38:49 | INFO     | src.database.mongodb:insert_book:77 - Inserted new book: Penny Maybe (ID: 6915df69ab77a3ff4810a4d2)
2025-11-13 16:38:49 | INFO     | src.crawler.scraper:_crawl_book:233 - Inserted new book: Penny Maybe
2025-11-13 16:38:49 | INFO     | src.database.mongodb:insert_book:77 - Inserted new book: Maude (1883-1993):She Grew Up with the country (ID: 6915df69ab77a3ff4810a4d3)
2025-11-13 16:38:49 | INFO     | src.crawler.scraper:_crawl_book:233 - Inserted new book: Maude (1883-1993):She Grew Up with the country
2025-11-13 16:38:49 | INFO     | src.database.mongodb:insert_book:77 - Inserted new book: Behind Closed Doors (ID: 6915df69ab77a3ff4810a4d4)
2025-11-13 16:38:49 | INFO     | src.crawler.scraper:_crawl_book:233 - Inserted new book: Behind Closed Doors
2025-11-13 16:38:49 | INFO     | src.database.mongodb:insert_book:77 - Inserted new book: In a Dark, Dark Wood (ID: 6915df69ab77a3ff4810a4d5)
2025-11-13 16:38:49 | INFO     | src.crawler.scraper:_crawl_book:233 - Inserted new book: In a Dark, Dark Wood
2025-11-13 16:38:49 | INFO     | src.database.mongodb:insert_book:77 - Inserted new book: You can't bury them all: Poems (ID: 6915df69ab77a3ff4810a4d6)
2025-11-13 16:38:49 | INFO     | src.crawler.scraper:_crawl_book:233 - Inserted new book: You can't bury them all: Poems
2025-11-13 16:38:49 | INFO     | src.crawler.scraper:_crawl_catalog:125 - Crawling catalog page 3: https://books.toscrape.com/catalogue/page-3.html
2025-11-13 16:38:49 | INFO     | src.crawler.parser:extract_book_links:169 - Extracted 20 book links from page
2025-11-13 16:38:49 | INFO     | src.crawler.scraper:_crawl_catalog:143 - Found 20 new books on page 3
2025-11-13 16:38:50 | INFO     | src.database.mongodb:insert_book:77 - Inserted new book: Slow States of Collapse: Poems (ID: 6915df6aab77a3ff4810a4d7)
2025-11-13 16:38:50 | INFO     | src.crawler.scraper:_crawl_book:233 - Inserted new book: Slow States of Collapse: Poems
2025-11-13 16:38:50 | INFO     | src.database.mongodb:insert_book:77 - Inserted new book: Unicorn Tracks (ID: 6915df6aab77a3ff4810a4d8)
2025-11-13 16:38:50 | INFO     | src.crawler.scraper:_crawl_book:233 - Inserted new book: Unicorn Tracks
2025-11-13 16:38:50 | INFO     | src.database.mongodb:insert_book:77 - Inserted new book: Reasons to Stay Alive (ID: 6915df6aab77a3ff4810a4d9)
2025-11-13 16:38:50 | INFO     | src.crawler.scraper:_crawl_book:233 - Inserted new book: Reasons to Stay Alive
2025-11-13 16:38:50 | INFO     | src.database.mongodb:insert_book:77 - Inserted new book: Without Borders (Wanderlove #1) (ID: 6915df6aab77a3ff4810a4da)
2025-11-13 16:38:50 | INFO     | src.crawler.scraper:_crawl_book:233 - Inserted new book: Without Borders (Wanderlove #1)
2025-11-13 16:38:50 | INFO     | src.database.mongodb:insert_book:77 - Inserted new book: Unbound: How Eight Technologies Made Us Human, Transformed Society, and Brought Our World to the Brink (ID: 6915df6aab77a3ff4810a4db)
2025-11-13 16:38:50 | INFO     | src.crawler.scraper:_crawl_book:233 - Inserted new book: Unbound: How Eight Technologies Made Us Human, Transformed Society, and Brought Our World to the Brink
2025-11-13 16:38:50 | INFO     | src.database.mongodb:insert_book:77 - Inserted new book: Untitled Collection: Sabbath Poems 2014 (ID: 6915df6aab77a3ff4810a4dc)
2025-11-13 16:38:50 | INFO     | src.crawler.scraper:_crawl_book:233 - Inserted new book: Untitled Collection: Sabbath Poems 2014
2025-11-13 16:38:50 | INFO     | src.database.mongodb:insert_book:77 - Inserted new book: When We Collided (ID: 6915df6aab77a3ff4810a4dd)
2025-11-13 16:38:50 | INFO     | src.crawler.scraper:_crawl_book:233 - Inserted new book: When We Collided
2025-11-13 16:38:50 | INFO     | src.database.mongodb:insert_book:77 - Inserted new book: Tsubasa: WoRLD CHRoNiCLE 2 (Tsubasa WoRLD CHRoNiCLE #2) (ID: 6915df6aab77a3ff4810a4e0)
2025-11-13 16:38:50 | INFO     | src.crawler.scraper:_crawl_book:233 - Inserted new book: Tsubasa: WoRLD CHRoNiCLE 2 (Tsubasa WoRLD CHRoNiCLE #2)
2025-11-13 16:38:50 | INFO     | src.database.mongodb:insert_book:77 - Inserted new book: #HigherSelfie: Wake Up Your Life. Free Your Soul. Find Your Tribe. (ID: 6915df6aab77a3ff4810a4de)
2025-11-13 16:38:50 | INFO     | src.crawler.scraper:_crawl_book:233 - Inserted new book: #HigherSelfie: Wake Up Your Life. Free Your Soul. Find Your Tribe.
2025-11-13 16:38:50 | INFO     | src.database.mongodb:insert_book:77 - Inserted new book: Unseen City: The Majesty of Pigeons, the Discreet Charm of Snails & Other Wonders of the Urban Wilderness (ID: 6915df6aab77a3ff4810a4df)
2025-11-13 16:38:50 | INFO     | src.crawler.scraper:_crawl_book:233 - Inserted new book: Unseen City: The Majesty of Pigeons, the Discreet Charm of Snails & Other Wonders of the Urban Wilderness
2025-11-13 16:38:50 | INFO     | src.database.mongodb:insert_book:77 - Inserted new book: Private Paris (Private #10) (ID: 6915df6aab77a3ff4810a4e2)
2025-11-13 16:38:50 | INFO     | src.crawler.scraper:_crawl_book:233 - Inserted new book: Private Paris (Private #10)
2025-11-13 16:38:50 | INFO     | src.database.mongodb:insert_book:77 - Inserted new book: We Love You, Charlie Freeman (ID: 6915df6aab77a3ff4810a4e1)
2025-11-13 16:38:50 | INFO     | src.crawler.scraper:_crawl_book:233 - Inserted new book: We Love You, Charlie Freeman
2025-11-13 16:38:50 | INFO     | src.database.mongodb:insert_book:77 - Inserted new book: Throwing Rocks at the Google Bus: How Growth Became the Enemy of Prosperity (ID: 6915df6aab77a3ff4810a4e3)
2025-11-13 16:38:50 | INFO     | src.crawler.scraper:_crawl_book:233 - Inserted new book: Throwing Rocks at the Google Bus: How Growth Became the Enemy of Prosperity
2025-11-13 16:38:50 | INFO     | src.database.mongodb:insert_book:77 - Inserted new book: This One Summer (ID: 6915df6aab77a3ff4810a4e4)
2025-11-13 16:38:50 | INFO     | src.crawler.scraper:_crawl_book:233 - Inserted new book: This One Summer
2025-11-13 16:38:50 | INFO     | src.database.mongodb:insert_book:77 - Inserted new book: Thirst (ID: 6915df6aab77a3ff4810a4e5)
2025-11-13 16:38:50 | INFO     | src.crawler.scraper:_crawl_book:233 - Inserted new book: Thirst
2025-11-13 16:38:50 | INFO     | src.database.mongodb:insert_book:77 - Inserted new book: The Torch Is Passed: A Harding Family Story (ID: 6915df6aab77a3ff4810a4e6)
2025-11-13 16:38:50 | INFO     | src.crawler.scraper:_crawl_book:233 - Inserted new book: The Torch Is Passed: A Harding Family Story
2025-11-13 16:38:50 | INFO     | src.database.mongodb:insert_book:77 - Inserted new book: The Past Never Ends (ID: 6915df6aab77a3ff4810a4e9)
2025-11-13 16:38:50 | INFO     | src.crawler.scraper:_crawl_book:233 - Inserted new book: The Past Never Ends
2025-11-13 16:38:50 | INFO     | src.database.mongodb:insert_book:77 - Inserted new book: The Secret of Dreadwillow Carse (ID: 6915df6aab77a3ff4810a4ea)
2025-11-13 16:38:50 | INFO     | src.crawler.scraper:_crawl_book:233 - Inserted new book: The Secret of Dreadwillow Carse
2025-11-13 16:38:50 | INFO     | src.database.mongodb:insert_book:77 - Inserted new book: The Pioneer Woman Cooks: Dinnertime: Comfort Classics, Freezer Food, 16-Minute Meals, and Other Delicious Ways to Solve Supper! (ID: 6915df6aab77a3ff4810a4e8)
2025-11-13 16:38:50 | INFO     | src.crawler.scraper:_crawl_book:233 - Inserted new book: The Pioneer Woman Cooks: Dinnertime: Comfort Classics, Freezer Food, 16-Minute Meals, and Other Delicious Ways to Solve Supper!
2025-11-13 16:38:50 | INFO     | src.database.mongodb:insert_book:77 - Inserted new book: The Natural History of Us (The Fine Art of Pretending #2) (ID: 6915df6aab77a3ff4810a4e7)
2025-11-13 16:38:50 | INFO     | src.crawler.scraper:_crawl_book:233 - Inserted new book: The Natural History of Us (The Fine Art of Pretending #2)
2025-11-13 16:38:50 | INFO     | src.crawler.scraper:_crawl_catalog:125 - Crawling catalog page 4: https://books.toscrape.com/catalogue/page-4.html
2025-11-13 16:38:51 | INFO     | src.crawler.parser:extract_book_links:169 - Extracted 20 book links from page
2025-11-13 16:38:51 | INFO     | src.crawler.scraper:_crawl_catalog:143 - Found 20 new books on page 4
2025-11-13 16:38:51 | INFO     | src.database.mongodb:insert_book:77 - Inserted new book: The Nameless City (The Nameless City #1) (ID: 6915df6bab77a3ff4810a4eb)
2025-11-13 16:38:51 | INFO     | src.crawler.scraper:_crawl_book:233 - Inserted new book: The Nameless City (The Nameless City #1)
2025-11-13 16:38:51 | INFO     | src.database.mongodb:insert_book:77 - Inserted new book: The Murder That Never Was (Forensic Instincts #5) (ID: 6915df6bab77a3ff4810a4ec)
2025-11-13 16:38:51 | INFO     | src.crawler.scraper:_crawl_book:233 - Inserted new book: The Murder That Never Was (Forensic Instincts #5)
2025-11-13 16:38:51 | INFO     | src.database.mongodb:insert_book:77 - Inserted new book: The Electric Pencil: Drawings from Inside State Hospital No. 3 (ID: 6915df6bab77a3ff4810a4ed)
2025-11-13 16:38:51 | INFO     | src.crawler.scraper:_crawl_book:233 - Inserted new book: The Electric Pencil: Drawings from Inside State Hospital No. 3
2025-11-13 16:38:51 | INFO     | src.database.mongodb:insert_book:77 - Inserted new book: The Bulletproof Diet: Lose up to a Pound a Day, Reclaim Energy and Focus, Upgrade Your Life (ID: 6915df6bab77a3ff4810a4ef)
2025-11-13 16:38:51 | INFO     | src.crawler.scraper:_crawl_book:233 - Inserted new book: The Bulletproof Diet: Lose up to a Pound a Day, Reclaim Energy and Focus, Upgrade Your Life
2025-11-13 16:38:51 | INFO     | src.database.mongodb:insert_book:77 - Inserted new book: The Life-Changing Magic of Tidying Up: The Japanese Art of Decluttering and Organizing (ID: 6915df6bab77a3ff4810a4ee)
2025-11-13 16:38:51 | INFO     | src.crawler.scraper:_crawl_book:233 - Inserted new book: The Life-Changing Magic of Tidying Up: The Japanese Art of Decluttering and Organizing
2025-11-13 16:38:51 | INFO     | src.database.mongodb:insert_book:77 - Inserted new book: The Inefficiency Assassin: Time Management Tactics for Working Smarter, Not Longer (ID: 6915df6bab77a3ff4810a4f0)
2025-11-13 16:38:51 | INFO     | src.crawler.scraper:_crawl_book:233 - Inserted new book: The Inefficiency Assassin: Time Management Tactics for Working Smarter, Not Longer
2025-11-13 16:38:51 | INFO     | src.database.mongodb:insert_book:77 - Inserted new book: The Death of Humanity: and the Case for Life (ID: 6915df6bab77a3ff4810a4f3)
2025-11-13 16:38:51 | INFO     | src.crawler.scraper:_crawl_book:233 - Inserted new book: The Death of Humanity: and the Case for Life
2025-11-13 16:38:51 | INFO     | src.database.mongodb:insert_book:77 - Inserted new book: The Art Forger (ID: 6915df6bab77a3ff4810a4f1)
2025-11-13 16:38:51 | INFO     | src.crawler.scraper:_crawl_book:233 - Inserted new book: The Art Forger
2025-11-13 16:38:51 | INFO     | src.database.mongodb:insert_book:77 - Inserted new book: The Mindfulness and Acceptance Workbook for Anxiety: A Guide to Breaking Free from Anxiety, Phobias, and Worry Using Acceptance and Commitment Therapy (ID: 6915df6bab77a3ff4810a4f2)
2025-11-13 16:38:51 | INFO     | src.crawler.scraper:_crawl_book:233 - Inserted new book: The Mindfulness and Acceptance Workbook for Anxiety: A Guide to Breaking Free from Anxiety, Phobias, and Worry Using Acceptance and Commitment Therapy
2025-11-13 16:38:51 | INFO     | src.database.mongodb:insert_book:77 - Inserted new book: The Gutsy Girl: Escapades for Your Life of Epic Adventure (ID: 6915df6bab77a3ff4810a4f4)
2025-11-13 16:38:51 | INFO     | src.crawler.scraper:_crawl_book:233 - Inserted new book: The Gutsy Girl: Escapades for Your Life of Epic Adventure
2025-11-13 16:38:51 | INFO     | src.database.mongodb:insert_book:77 - Inserted new book: The Age of Genius: The Seventeenth Century and the Birth of the Modern Mind (ID: 6915df6bab77a3ff4810a4f5)
2025-11-13 16:38:51 | INFO     | src.crawler.scraper:_crawl_book:233 - Inserted new book: The Age of Genius: The Seventeenth Century and the Birth of the Modern Mind
2025-11-13 16:38:51 | INFO     | src.database.mongodb:insert_book:77 - Inserted new book: The Activist's Tao Te Ching: Ancient Advice for a Modern Revolution (ID: 6915df6bab77a3ff4810a4f6)
2025-11-13 16:38:51 | INFO     | src.crawler.scraper:_crawl_book:233 - Inserted new book: The Activist's Tao Te Ching: Ancient Advice for a Modern Revolution
2025-11-13 16:38:51 | INFO     | src.database.mongodb:insert_book:77 - Inserted new book: The Most Perfect Thing: Inside (and Outside) a Bird's Egg (ID: 6915df6bab77a3ff4810a4f7)
2025-11-13 16:38:51 | INFO     | src.crawler.scraper:_crawl_book:233 - Inserted new book: The Most Perfect Thing: Inside (and Outside) a Bird's Egg
2025-11-13 16:38:52 | INFO     | src.database.mongodb:insert_book:77 - Inserted new book: Spark Joy: An Illustrated Master Class on the Art of Organizing and Tidying Up (ID: 6915df6cab77a3ff4810a4f8)
2025-11-13 16:38:52 | INFO     | src.crawler.scraper:_crawl_book:233 - Inserted new book: Spark Joy: An Illustrated Master Class on the Art of Organizing and Tidying Up
2025-11-13 16:38:52 | INFO     | src.database.mongodb:insert_book:77 - Inserted new book: Soul Reader (ID: 6915df6cab77a3ff4810a4f9)
2025-11-13 16:38:52 | INFO     | src.crawler.scraper:_crawl_book:233 - Inserted new book: Soul Reader
2025-11-13 16:38:52 | INFO     | src.database.mongodb:insert_book:77 - Inserted new book: Security (ID: 6915df6cab77a3ff4810a4fa)
2025-11-13 16:38:52 | INFO     | src.crawler.scraper:_crawl_book:233 - Inserted new book: Security
2025-11-13 16:38:52 | INFO     | src.database.mongodb:insert_book:77 - Inserted new book: Rat Queens, Vol. 3: Demons (Rat Queens (Collected Editions) #11-15) (ID: 6915df6cab77a3ff4810a4fb)
2025-11-13 16:38:52 | INFO     | src.crawler.scraper:_crawl_book:233 - Inserted new book: Rat Queens, Vol. 3: Demons (Rat Queens (Collected Editions) #11-15)
2025-11-13 16:38:52 | INFO     | src.database.mongodb:insert_book:77 - Inserted new book: Reskilling America: Learning to Labor in the Twenty-First Century (ID: 6915df6cab77a3ff4810a4fc)
2025-11-13 16:38:52 | INFO     | src.crawler.scraper:_crawl_book:233 - Inserted new book: Reskilling America: Learning to Labor in the Twenty-First Century
2025-11-13 16:38:52 | INFO     | src.database.mongodb:insert_book:77 - Inserted new book: Saga, Volume 6 (Saga (Collected Editions) #6) (ID: 6915df6cab77a3ff4810a4fd)
2025-11-13 16:38:52 | INFO     | src.crawler.scraper:_crawl_book:233 - Inserted new book: Saga, Volume 6 (Saga (Collected Editions) #6)
2025-11-13 16:38:52 | INFO     | src.database.mongodb:insert_book:77 - Inserted new book: Saga, Volume 5 (Saga (Collected Editions) #5) (ID: 6915df6cab77a3ff4810a4fe)
2025-11-13 16:38:52 | INFO     | src.crawler.scraper:_crawl_book:233 - Inserted new book: Saga, Volume 5 (Saga (Collected Editions) #5)
2025-11-13 16:38:52 | INFO     | src.crawler.scraper:_crawl_catalog:125 - Crawling catalog page 5: https://books.toscrape.com/catalogue/page-5.html
2025-11-13 16:38:52 | INFO     | src.crawler.parser:extract_book_links:169 - Extracted 20 book links from page
2025-11-13 16:38:52 | INFO     | src.crawler.scraper:_crawl_catalog:143 - Found 20 new books on page 5
2025-11-13 16:38:52 | INFO     | src.database.mongodb:insert_book:77 - Inserted new book: Princess Jellyfish 2-in-1 Omnibus, Vol. 01 (Princess Jellyfish 2-in-1 Omnibus #1) (ID: 6915df6cab77a3ff4810a4ff)
2025-11-13 16:38:52 | INFO     | src.crawler.scraper:_crawl_book:233 - Inserted new book: Princess Jellyfish 2-in-1 Omnibus, Vol. 01 (Princess Jellyfish 2-in-1 Omnibus #1)
2025-11-13 16:38:52 | INFO     | src.database.mongodb:insert_book:77 - Inserted new book: Online Marketing for Busy Authors: A Step-By-Step Guide (ID: 6915df6cab77a3ff4810a502)
2025-11-13 16:38:52 | INFO     | src.crawler.scraper:_crawl_book:233 - Inserted new book: Online Marketing for Busy Authors: A Step-By-Step Guide
2025-11-13 16:38:52 | INFO     | src.database.mongodb:insert_book:77 - Inserted new book: Patience (ID: 6915df6cab77a3ff4810a501)
2025-11-13 16:38:52 | INFO     | src.crawler.scraper:_crawl_book:233 - Inserted new book: Patience
2025-11-13 16:38:52 | INFO     | src.database.mongodb:insert_book:77 - Inserted new book: Princess Between Worlds (Wide-Awake Princess #5) (ID: 6915df6cab77a3ff4810a500)
2025-11-13 16:38:52 | INFO     | src.crawler.scraper:_crawl_book:233 - Inserted new book: Princess Between Worlds (Wide-Awake Princess #5)
2025-11-13 16:38:53 | INFO     | src.database.mongodb:insert_book:77 - Inserted new book: My Paris Kitchen: Recipes and Stories (ID: 6915df6dab77a3ff4810a503)
2025-11-13 16:38:53 | INFO     | src.crawler.scraper:_crawl_book:233 - Inserted new book: My Paris Kitchen: Recipes and Stories
2025-11-13 16:38:53 | INFO     | src.database.mongodb:insert_book:77 - Inserted new book: Outcast, Vol. 1: A Darkness Surrounds Him (Outcast #1) (ID: 6915df6dab77a3ff4810a504)
2025-11-13 16:38:53 | INFO     | src.crawler.scraper:_crawl_book:233 - Inserted new book: Outcast, Vol. 1: A Darkness Surrounds Him (Outcast #1)
2025-11-13 16:38:53 | INFO     | src.database.mongodb:insert_book:77 - Inserted new book: Obsidian (Lux #1) (ID: 6915df6dab77a3ff4810a505)
2025-11-13 16:38:53 | INFO     | src.crawler.scraper:_crawl_book:233 - Inserted new book: Obsidian (Lux #1)
2025-11-13 16:38:53 | INFO     | src.database.mongodb:insert_book:77 - Inserted new book: Mama Tried: Traditional Italian Cooking for the Screwed, Crude, Vegan, and Tattooed (ID: 6915df6dab77a3ff4810a506)
2025-11-13 16:38:53 | INFO     | src.crawler.scraper:_crawl_book:233 - Inserted new book: Mama Tried: Traditional Italian Cooking for the Screwed, Crude, Vegan, and Tattooed
2025-11-13 16:38:53 | INFO     | src.database.mongodb:insert_book:77 - Inserted new book: Masks and Shadows (ID: 6915df6dab77a3ff4810a507)
2025-11-13 16:38:53 | INFO     | src.crawler.scraper:_crawl_book:233 - Inserted new book: Masks and Shadows
2025-11-13 16:38:53 | INFO     | src.database.mongodb:insert_book:77 - Inserted new book: Political Suicide: Missteps, Peccadilloes, Bad Calls, Backroom Hijinx, Sordid Pasts, Rotten Breaks, and Just Plain Dumb Mistakes in the Annals of American Politics (ID: 6915df6dab77a3ff4810a508)
2025-11-13 16:38:53 | INFO     | src.crawler.scraper:_crawl_book:233 - Inserted new book: Political Suicide: Missteps, Peccadilloes, Bad Calls, Backroom Hijinx, Sordid Pasts, Rotten Breaks, and Just Plain Dumb Mistakes in the Annals of American Politics
2025-11-13 16:38:53 | INFO     | src.database.mongodb:insert_book:77 - Inserted new book: orange: The Complete Collection 1 (orange: The Complete Collection #1) (ID: 6915df6dab77a3ff4810a50a)
2025-11-13 16:38:53 | INFO     | src.crawler.scraper:_crawl_book:233 - Inserted new book: orange: The Complete Collection 1 (orange: The Complete Collection #1)
2025-11-13 16:38:53 | INFO     | src.database.mongodb:insert_book:77 - Inserted new book: Lumberjanes, Vol. 2: Friendship to the Max (Lumberjanes #5-8) (ID: 6915df6dab77a3ff4810a509)
2025-11-13 16:38:53 | INFO     | src.crawler.scraper:_crawl_book:233 - Inserted new book: Lumberjanes, Vol. 2: Friendship to the Max (Lumberjanes #5-8)
2025-11-13 16:38:53 | INFO     | src.database.mongodb:insert_book:77 - Inserted new book: On a Midnight Clear (ID: 6915df6dab77a3ff4810a50b)
2025-11-13 16:38:53 | INFO     | src.crawler.scraper:_crawl_book:233 - Inserted new book: On a Midnight Clear
2025-11-13 16:38:53 | INFO     | src.database.mongodb:insert_book:77 - Inserted new book: Pop Gun War, Volume 1: Gift (ID: 6915df6dab77a3ff4810a50c)
2025-11-13 16:38:53 | INFO     | src.crawler.scraper:_crawl_book:233 - Inserted new book: Pop Gun War, Volume 1: Gift
2025-11-13 16:38:53 | INFO     | src.database.mongodb:insert_book:77 - Inserted new book: Lumberjanes, Vol. 1: Beware the Kitten Holy (Lumberjanes #1-4) (ID: 6915df6dab77a3ff4810a50d)
2025-11-13 16:38:53 | INFO     | src.crawler.scraper:_crawl_book:233 - Inserted new book: Lumberjanes, Vol. 1: Beware the Kitten Holy (Lumberjanes #1-4)
2025-11-13 16:38:53 | INFO     | src.database.mongodb:insert_book:77 - Inserted new book: Lumberjanes Vol. 3: A Terrible Plan (Lumberjanes #9-12) (ID: 6915df6dab77a3ff4810a50e)
2025-11-13 16:38:53 | INFO     | src.crawler.scraper:_crawl_book:233 - Inserted new book: Lumberjanes Vol. 3: A Terrible Plan (Lumberjanes #9-12)
2025-11-13 16:38:53 | INFO     | src.database.mongodb:insert_book:77 - Inserted new book: Layered: Baking, Building, and Styling Spectacular Cakes (ID: 6915df6dab77a3ff4810a50f)
2025-11-13 16:38:53 | INFO     | src.crawler.scraper:_crawl_book:233 - Inserted new book: Layered: Baking, Building, and Styling Spectacular Cakes
2025-11-13 16:38:53 | INFO     | src.database.mongodb:insert_book:77 - Inserted new book: Judo: Seven Steps to Black Belt (an Introductory Guide for Beginners) (ID: 6915df6dab77a3ff4810a510)
2025-11-13 16:38:53 | INFO     | src.crawler.scraper:_crawl_book:233 - Inserted new book: Judo: Seven Steps to Black Belt (an Introductory Guide for Beginners)
2025-11-13 16:38:53 | INFO     | src.database.mongodb:insert_book:77 - Inserted new book: Join (ID: 6915df6dab77a3ff4810a511)
2025-11-13 16:38:53 | INFO     | src.crawler.scraper:_crawl_book:233 - Inserted new book: Join
2025-11-13 16:38:53 | INFO     | src.database.mongodb:insert_book:77 - Inserted new book: In the Country We Love: My Family Divided (ID: 6915df6dab77a3ff4810a512)
2025-11-13 16:38:53 | INFO     | src.crawler.scraper:_crawl_book:233 - Inserted new book: In the Country We Love: My Family Divided
2025-11-13 16:38:53 | INFO     | src.crawler.scraper:_crawl_catalog:125 - Crawling catalog page 6: https://books.toscrape.com/catalogue/page-6.html
2025-11-13 16:38:54 | INFO     | src.crawler.parser:extract_book_links:169 - Extracted 20 book links from page
2025-11-13 16:38:54 | INFO     | src.crawler.scraper:_crawl_catalog:143 - Found 20 new books on page 6
2025-11-13 16:38:54 | INFO     | src.database.mongodb:insert_book:77 - Inserted new book: Immunity: How Elie Metchnikoff Changed the Course of Modern Medicine (ID: 6915df6eab77a3ff4810a513)
2025-11-13 16:38:54 | INFO     | src.crawler.scraper:_crawl_book:233 - Inserted new book: Immunity: How Elie Metchnikoff Changed the Course of Modern Medicine
2025-11-13 16:38:54 | INFO     | src.database.mongodb:insert_book:77 - Inserted new book: Her Backup Boyfriend (The Sorensen Family #1) (ID: 6915df6eab77a3ff4810a514)
2025-11-13 16:38:54 | INFO     | src.crawler.scraper:_crawl_book:233 - Inserted new book: Her Backup Boyfriend (The Sorensen Family #1)
2025-11-13 16:38:54 | INFO     | src.database.mongodb:insert_book:77 - Inserted new book: First and First (Five Boroughs #3) (ID: 6915df6eab77a3ff4810a515)
2025-11-13 16:38:54 | INFO     | src.crawler.scraper:_crawl_book:233 - Inserted new book: First and First (Five Boroughs #3)
2025-11-13 16:38:54 | INFO     | src.database.mongodb:insert_book:77 - Inserted new book: Giant Days, Vol. 2 (Giant Days #5-8) (ID: 6915df6eab77a3ff4810a517)
2025-11-13 16:38:54 | INFO     | src.crawler.scraper:_crawl_book:233 - Inserted new book: Giant Days, Vol. 2 (Giant Days #5-8)
2025-11-13 16:38:54 | INFO     | src.database.mongodb:insert_book:77 - Inserted new book: I Hate Fairyland, Vol. 1: Madly Ever After (I Hate Fairyland (Compilations) #1-5) (ID: 6915df6eab77a3ff4810a516)
2025-11-13 16:38:54 | INFO     | src.crawler.scraper:_crawl_book:233 - Inserted new book: I Hate Fairyland, Vol. 1: Madly Ever After (I Hate Fairyland (Compilations) #1-5)
2025-11-13 16:38:54 | INFO     | src.database.mongodb:insert_book:77 - Inserted new book: Everydata: The Misinformation Hidden in the Little Data You Consume Every Day (ID: 6915df6eab77a3ff4810a518)
2025-11-13 16:38:54 | INFO     | src.crawler.scraper:_crawl_book:233 - Inserted new book: Everydata: The Misinformation Hidden in the Little Data You Consume Every Day
2025-11-13 16:38:54 | INFO     | src.database.mongodb:insert_book:77 - Inserted new book: Danganronpa Volume 1 (ID: 6915df6eab77a3ff4810a519)
2025-11-13 16:38:54 | INFO     | src.crawler.scraper:_crawl_book:233 - Inserted new book: Danganronpa Volume 1
2025-11-13 16:38:54 | INFO     | src.database.mongodb:insert_book:77 - Inserted new book: Don't Be a Jerk: And Other Practical Advice from Dogen, Japan's Greatest Zen Master (ID: 6915df6eab77a3ff4810a51a)
2025-11-13 16:38:54 | INFO     | src.crawler.scraper:_crawl_book:233 - Inserted new book: Don't Be a Jerk: And Other Practical Advice from Dogen, Japan's Greatest Zen Master
2025-11-13 16:38:54 | INFO     | src.database.mongodb:insert_book:77 - Inserted new book: Crown of Midnight (Throne of Glass #2) (ID: 6915df6eab77a3ff4810a51f)
2025-11-13 16:38:54 | INFO     | src.crawler.scraper:_crawl_book:233 - Inserted new book: Crown of Midnight (Throne of Glass #2)
2025-11-13 16:38:54 | INFO     | src.database.mongodb:insert_book:77 - Inserted new book: Forever and Forever: The Courtship of Henry Longfellow and Fanny Appleton (ID: 6915df6eab77a3ff4810a51d)
2025-11-13 16:38:54 | INFO     | src.crawler.scraper:_crawl_book:233 - Inserted new book: Forever and Forever: The Courtship of Henry Longfellow and Fanny Appleton
2025-11-13 16:38:54 | INFO     | src.database.mongodb:insert_book:77 - Inserted new book: I am a Hero Omnibus Volume 1 (ID: 6915df6eab77a3ff4810a51e)
2025-11-13 16:38:54 | INFO     | src.crawler.scraper:_crawl_book:233 - Inserted new book: I am a Hero Omnibus Volume 1
2025-11-13 16:38:54 | INFO     | src.database.mongodb:insert_book:77 - Inserted new book: How to Be Miserable: 40 Strategies You Already Use (ID: 6915df6eab77a3ff4810a51b)
2025-11-13 16:38:54 | INFO     | src.crawler.scraper:_crawl_book:233 - Inserted new book: How to Be Miserable: 40 Strategies You Already Use
2025-11-13 16:38:54 | INFO     | src.database.mongodb:insert_book:77 - Inserted new book: Fifty Shades Darker (Fifty Shades #2) (ID: 6915df6eab77a3ff4810a51c)
2025-11-13 16:38:54 | INFO     | src.crawler.scraper:_crawl_book:233 - Inserted new book: Fifty Shades Darker (Fifty Shades #2)
2025-11-13 16:38:54 | INFO     | src.database.mongodb:insert_book:77 - Inserted new book: Codename Baboushka, Volume 1: The Conclave of Death (ID: 6915df6eab77a3ff4810a520)
2025-11-13 16:38:54 | INFO     | src.crawler.scraper:_crawl_book:233 - Inserted new book: Codename Baboushka, Volume 1: The Conclave of Death
2025-11-13 16:38:54 | INFO     | src.database.mongodb:insert_book:77 - Inserted new book: Camp Midnight (ID: 6915df6eab77a3ff4810a521)
2025-11-13 16:38:54 | INFO     | src.crawler.scraper:_crawl_book:233 - Inserted new book: Camp Midnight
2025-11-13 16:38:55 | INFO     | src.database.mongodb:insert_book:77 - Inserted new book: Call the Nurse: True Stories of a Country Nurse on a Scottish Isle (ID: 6915df6eab77a3ff4810a522)
2025-11-13 16:38:55 | INFO     | src.crawler.scraper:_crawl_book:233 - Inserted new book: Call the Nurse: True Stories of a Country Nurse on a Scottish Isle
2025-11-13 16:38:55 | INFO     | src.database.mongodb:insert_book:77 - Inserted new book: Burning (ID: 6915df6fab77a3ff4810a523)
2025-11-13 16:38:55 | INFO     | src.crawler.scraper:_crawl_book:233 - Inserted new book: Burning
2025-11-13 16:38:55 | INFO     | src.database.mongodb:insert_book:77 - Inserted new book: Bossypants (ID: 6915df6fab77a3ff4810a524)
2025-11-13 16:38:55 | INFO     | src.crawler.scraper:_crawl_book:233 - Inserted new book: Bossypants
2025-11-13 16:38:55 | INFO     | src.database.mongodb:insert_book:77 - Inserted new book: Bitch Planet, Vol. 1: Extraordinary Machine (Bitch Planet (Collected Editions)) (ID: 6915df6fab77a3ff4810a526)
2025-11-13 16:38:55 | INFO     | src.crawler.scraper:_crawl_book:233 - Inserted new book: Bitch Planet, Vol. 1: Extraordinary Machine (Bitch Planet (Collected Editions))
2025-11-13 16:38:55 | INFO     | src.database.mongodb:insert_book:77 - Inserted new book: Avatar: The Last Airbender: Smoke and Shadow, Part 3 (Smoke and Shadow #3) (ID: 6915df6fab77a3ff4810a525)
2025-11-13 16:38:55 | INFO     | src.crawler.scraper:_crawl_book:233 - Inserted new book: Avatar: The Last Airbender: Smoke and Shadow, Part 3 (Smoke and Shadow #3)
2025-11-13 16:38:55 | INFO     | src.crawler.scraper:_crawl_catalog:125 - Crawling catalog page 7: https://books.toscrape.com/catalogue/page-7.html
2025-11-13 16:38:55 | INFO     | src.crawler.parser:extract_book_links:169 - Extracted 20 book links from page
2025-11-13 16:38:55 | INFO     | src.crawler.scraper:_crawl_catalog:143 - Found 20 new books on page 7
2025-11-13 16:38:55 | INFO     | src.database.mongodb:insert_book:77 - Inserted new book: Algorithms to Live By: The Computer Science of Human Decisions (ID: 6915df6fab77a3ff4810a527)
2025-11-13 16:38:55 | INFO     | src.crawler.scraper:_crawl_book:233 - Inserted new book: Algorithms to Live By: The Computer Science of Human Decisions
2025-11-13 16:38:56 | INFO     | src.database.mongodb:insert_book:77 - Inserted new book: A Flight of Arrows (The Pathfinders #2) (ID: 6915df6fab77a3ff4810a528)
2025-11-13 16:38:56 | INFO     | src.crawler.scraper:_crawl_book:233 - Inserted new book: A Flight of Arrows (The Pathfinders #2)
2025-11-13 16:38:56 | INFO     | src.database.mongodb:insert_book:77 - Inserted new book: A World of Flavor: Your Gluten Free Passport (ID: 6915df6fab77a3ff4810a529)
2025-11-13 16:38:56 | INFO     | src.crawler.scraper:_crawl_book:233 - Inserted new book: A World of Flavor: Your Gluten Free Passport
2025-11-13 16:38:56 | INFO     | src.database.mongodb:insert_book:77 - Inserted new book: (Un)Qualified: How God Uses Broken People to Do Big Things (ID: 6915df6fab77a3ff4810a52a)
2025-11-13 16:38:56 | INFO     | src.crawler.scraper:_crawl_book:233 - Inserted new book: (Un)Qualified: How God Uses Broken People to Do Big Things
2025-11-13 16:38:56 | INFO     | src.database.mongodb:insert_book:77 - Inserted new book: Tuesday Nights in 1980 (ID: 6915df70ab77a3ff4810a52b)
2025-11-13 16:38:56 | INFO     | src.crawler.scraper:_crawl_book:233 - Inserted new book: Tuesday Nights in 1980
2025-11-13 16:38:56 | INFO     | src.database.mongodb:insert_book:77 - Inserted new book: You Are What You Love: The Spiritual Power of Habit (ID: 6915df70ab77a3ff4810a52f)
2025-11-13 16:38:56 | INFO     | src.crawler.scraper:_crawl_book:233 - Inserted new book: You Are What You Love: The Spiritual Power of Habit
2025-11-13 16:38:56 | INFO     | src.database.mongodb:insert_book:77 - Inserted new book: William Shakespeare's Star Wars: Verily, A New Hope (William Shakespeare's Star Wars #4) (ID: 6915df70ab77a3ff4810a52d)
2025-11-13 16:38:56 | INFO     | src.crawler.scraper:_crawl_book:233 - Inserted new book: William Shakespeare's Star Wars: Verily, A New Hope (William Shakespeare's Star Wars #4)
2025-11-13 16:38:56 | INFO     | src.database.mongodb:insert_book:77 - Inserted new book: A Court of Thorns and Roses (A Court of Thorns and Roses #1) (ID: 6915df70ab77a3ff4810a530)
2025-11-13 16:38:56 | INFO     | src.crawler.scraper:_crawl_book:233 - Inserted new book: A Court of Thorns and Roses (A Court of Thorns and Roses #1)
2025-11-13 16:38:56 | INFO     | src.database.mongodb:insert_book:77 - Inserted new book: A Murder in Time (ID: 6915df70ab77a3ff4810a52e)
2025-11-13 16:38:56 | INFO     | src.crawler.scraper:_crawl_book:233 - Inserted new book: A Murder in Time
2025-11-13 16:38:56 | INFO     | src.database.mongodb:insert_book:77 - Inserted new book: A Piece of Sky, a Grain of Rice: A Memoir in Four Meditations (ID: 6915df70ab77a3ff4810a531)
2025-11-13 16:38:56 | INFO     | src.crawler.scraper:_crawl_book:233 - Inserted new book: A Piece of Sky, a Grain of Rice: A Memoir in Four Meditations
2025-11-13 16:38:56 | INFO     | src.database.mongodb:insert_book:77 - Inserted new book: A Fierce and Subtle Poison (ID: 6915df70ab77a3ff4810a52c)
2025-11-13 16:38:56 | INFO     | src.crawler.scraper:_crawl_book:233 - Inserted new book: A Fierce and Subtle Poison
2025-11-13 16:38:56 | INFO     | src.database.mongodb:insert_book:77 - Inserted new book: Tracing Numbers on a Train (ID: 6915df70ab77a3ff4810a532)
2025-11-13 16:38:56 | INFO     | src.crawler.scraper:_crawl_book:233 - Inserted new book: Tracing Numbers on a Train
2025-11-13 16:38:56 | INFO     | src.database.mongodb:insert_book:77 - Inserted new book: Throne of Glass (Throne of Glass #1) (ID: 6915df70ab77a3ff4810a533)
2025-11-13 16:38:56 | INFO     | src.crawler.scraper:_crawl_book:233 - Inserted new book: Throne of Glass (Throne of Glass #1)
2025-11-13 16:38:56 | INFO     | src.database.mongodb:insert_book:77 - Inserted new book: Thirteen Reasons Why (ID: 6915df70ab77a3ff4810a536)
2025-11-13 16:38:56 | INFO     | src.crawler.scraper:_crawl_book:233 - Inserted new book: Thirteen Reasons Why
2025-11-13 16:38:56 | INFO     | src.database.mongodb:insert_book:77 - Inserted new book: The Stranger (ID: 6915df70ab77a3ff4810a537)
2025-11-13 16:38:56 | INFO     | src.crawler.scraper:_crawl_book:233 - Inserted new book: The Stranger
2025-11-13 16:38:56 | INFO     | src.database.mongodb:insert_book:77 - Inserted new book: The Vacationers (ID: 6915df70ab77a3ff4810a538)
2025-11-13 16:38:56 | INFO     | src.crawler.scraper:_crawl_book:233 - Inserted new book: The Vacationers
2025-11-13 16:38:56 | INFO     | src.database.mongodb:insert_book:77 - Inserted new book: The Third Wave: An Entrepreneur’s Vision of the Future (ID: 6915df70ab77a3ff4810a535)
2025-11-13 16:38:56 | INFO     | src.crawler.scraper:_crawl_book:233 - Inserted new book: The Third Wave: An Entrepreneur’s Vision of the Future
2025-11-13 16:38:56 | INFO     | src.database.mongodb:insert_book:77 - Inserted new book: The White Cat and the Monk: A Retelling of the Poem “Pangur Bán” (ID: 6915df70ab77a3ff4810a534)
2025-11-13 16:38:56 | INFO     | src.crawler.scraper:_crawl_book:233 - Inserted new book: The White Cat and the Monk: A Retelling of the Poem “Pangur Bán”
2025-11-13 16:38:56 | INFO     | src.database.mongodb:insert_book:77 - Inserted new book: Thomas Jefferson and the Tripoli Pirates: The Forgotten War That Changed American History (ID: 6915df70ab77a3ff4810a539)
2025-11-13 16:38:56 | INFO     | src.crawler.scraper:_crawl_book:233 - Inserted new book: Thomas Jefferson and the Tripoli Pirates: The Forgotten War That Changed American History
2025-11-13 16:38:56 | INFO     | src.database.mongodb:insert_book:77 - Inserted new book: The Wedding Dress (ID: 6915df70ab77a3ff4810a53a)
2025-11-13 16:38:56 | INFO     | src.crawler.scraper:_crawl_book:233 - Inserted new book: The Wedding Dress
2025-11-13 16:38:56 | INFO     | src.crawler.scraper:_crawl_catalog:125 - Crawling catalog page 8: https://books.toscrape.com/catalogue/page-8.html
2025-11-13 16:38:57 | INFO     | src.crawler.parser:extract_book_links:169 - Extracted 20 book links from page
2025-11-13 16:38:57 | INFO     | src.crawler.scraper:_crawl_catalog:143 - Found 20 new books on page 8
2025-11-13 16:38:57 | INFO     | src.database.mongodb:insert_book:77 - Inserted new book: The Shadow Hero (The Shadow Hero) (ID: 6915df71ab77a3ff4810a53b)
2025-11-13 16:38:57 | INFO     | src.crawler.scraper:_crawl_book:233 - Inserted new book: The Shadow Hero (The Shadow Hero)
2025-11-13 16:38:57 | INFO     | src.database.mongodb:insert_book:77 - Inserted new book: The Secret (The Secret #1) (ID: 6915df71ab77a3ff4810a53c)
2025-11-13 16:38:57 | INFO     | src.crawler.scraper:_crawl_book:233 - Inserted new book: The Secret (The Secret #1)
2025-11-13 16:38:57 | INFO     | src.database.mongodb:insert_book:77 - Inserted new book: The Project (ID: 6915df71ab77a3ff4810a53d)
2025-11-13 16:38:57 | INFO     | src.crawler.scraper:_crawl_book:233 - Inserted new book: The Project
2025-11-13 16:38:57 | INFO     | src.database.mongodb:insert_book:77 - Inserted new book: The Power of Now: A Guide to Spiritual Enlightenment (ID: 6915df71ab77a3ff4810a53e)
2025-11-13 16:38:57 | INFO     | src.crawler.scraper:_crawl_book:233 - Inserted new book: The Power of Now: A Guide to Spiritual Enlightenment
2025-11-13 16:38:57 | INFO     | src.database.mongodb:insert_book:77 - Inserted new book: The Nerdy Nummies Cookbook: Sweet Treats for the Geek in All of Us (ID: 6915df71ab77a3ff4810a53f)
2025-11-13 16:38:57 | INFO     | src.crawler.scraper:_crawl_book:233 - Inserted new book: The Nerdy Nummies Cookbook: Sweet Treats for the Geek in All of Us
2025-11-13 16:38:57 | INFO     | src.database.mongodb:insert_book:77 - Inserted new book: The Murder of Roger Ackroyd (Hercule Poirot #4) (ID: 6915df71ab77a3ff4810a545)
2025-11-13 16:38:57 | INFO     | src.crawler.scraper:_crawl_book:233 - Inserted new book: The Murder of Roger Ackroyd (Hercule Poirot #4)
2025-11-13 16:38:57 | INFO     | src.database.mongodb:insert_book:77 - Inserted new book: The Mistake (Off-Campus #2) (ID: 6915df71ab77a3ff4810a540)
2025-11-13 16:38:57 | INFO     | src.crawler.scraper:_crawl_book:233 - Inserted new book: The Mistake (Off-Campus #2)
2025-11-13 16:38:57 | INFO     | src.database.mongodb:insert_book:77 - Inserted new book: The Psychopath Test: A Journey Through the Madness Industry (ID: 6915df71ab77a3ff4810a543)
2025-11-13 16:38:57 | INFO     | src.crawler.scraper:_crawl_book:233 - Inserted new book: The Psychopath Test: A Journey Through the Madness Industry
2025-11-13 16:38:57 | INFO     | src.database.mongodb:insert_book:77 - Inserted new book: The Love and Lemons Cookbook: An Apple-to-Zucchini Celebration of Impromptu Cooking (ID: 6915df71ab77a3ff4810a542)
2025-11-13 16:38:57 | INFO     | src.crawler.scraper:_crawl_book:233 - Inserted new book: The Love and Lemons Cookbook: An Apple-to-Zucchini Celebration of Impromptu Cooking
2025-11-13 16:38:57 | INFO     | src.database.mongodb:insert_book:77 - Inserted new book: The Omnivore's Dilemma: A Natural History of Four Meals (ID: 6915df71ab77a3ff4810a544)
2025-11-13 16:38:57 | INFO     | src.crawler.scraper:_crawl_book:233 - Inserted new book: The Omnivore's Dilemma: A Natural History of Four Meals
2025-11-13 16:38:57 | INFO     | src.database.mongodb:insert_book:77 - Inserted new book: The Regional Office Is Under Attack! (ID: 6915df71ab77a3ff4810a546)
2025-11-13 16:38:57 | INFO     | src.crawler.scraper:_crawl_book:233 - Inserted new book: The Regional Office Is Under Attack!
2025-11-13 16:38:57 | INFO     | src.database.mongodb:insert_book:77 - Inserted new book: The Matchmaker's Playbook (Wingmen Inc. #1) (ID: 6915df71ab77a3ff4810a541)
2025-11-13 16:38:57 | INFO     | src.crawler.scraper:_crawl_book:233 - Inserted new book: The Matchmaker's Playbook (Wingmen Inc. #1)
2025-11-13 16:38:57 | INFO     | src.database.mongodb:insert_book:77 - Inserted new book: The Long Shadow of Small Ghosts: Murder and Memory in an American City (ID: 6915df71ab77a3ff4810a547)
2025-11-13 16:38:57 | INFO     | src.crawler.scraper:_crawl_book:233 - Inserted new book: The Long Shadow of Small Ghosts: Murder and Memory in an American City
2025-11-13 16:38:58 | INFO     | src.database.mongodb:insert_book:77 - Inserted new book: The House by the Lake (ID: 6915df72ab77a3ff4810a548)
2025-11-13 16:38:58 | INFO     | src.crawler.scraper:_crawl_book:233 - Inserted new book: The House by the Lake
2025-11-13 16:38:58 | INFO     | src.database.mongodb:insert_book:77 - Inserted new book: The Emerald Mystery (ID: 6915df72ab77a3ff4810a54a)
2025-11-13 16:38:58 | INFO     | src.crawler.scraper:_crawl_book:233 - Inserted new book: The Emerald Mystery
2025-11-13 16:38:58 | INFO     | src.database.mongodb:insert_book:77 - Inserted new book: The Glittering Court (The Glittering Court #1) (ID: 6915df72ab77a3ff4810a549)
2025-11-13 16:38:58 | INFO     | src.crawler.scraper:_crawl_book:233 - Inserted new book: The Glittering Court (The Glittering Court #1)
2025-11-13 16:38:58 | INFO     | src.database.mongodb:insert_book:77 - Inserted new book: The Kite Runner (ID: 6915df72ab77a3ff4810a54b)
2025-11-13 16:38:58 | INFO     | src.crawler.scraper:_crawl_book:233 - Inserted new book: The Kite Runner
2025-11-13 16:38:58 | INFO     | src.database.mongodb:insert_book:77 - Inserted new book: The Cookies & Cups Cookbook: 125+ sweet & savory recipes reminding you to Always Eat Dessert First (ID: 6915df72ab77a3ff4810a54c)
2025-11-13 16:38:58 | INFO     | src.crawler.scraper:_crawl_book:233 - Inserted new book: The Cookies & Cups Cookbook: 125+ sweet & savory recipes reminding you to Always Eat Dessert First
2025-11-13 16:38:58 | INFO     | src.database.mongodb:insert_book:77 - Inserted new book: The Genius of Birds (ID: 6915df72ab77a3ff4810a54d)
2025-11-13 16:38:58 | INFO     | src.crawler.scraper:_crawl_book:233 - Inserted new book: The Genius of Birds
2025-11-13 16:38:58 | INFO     | src.database.mongodb:insert_book:77 - Inserted new book: The Girl on the Train (ID: 6915df72ab77a3ff4810a54e)
2025-11-13 16:38:58 | INFO     | src.crawler.scraper:_crawl_book:233 - Inserted new book: The Girl on the Train
2025-11-13 16:38:58 | INFO     | src.crawler.scraper:_crawl_catalog:125 - Crawling catalog page 9: https://books.toscrape.com/catalogue/page-9.html
2025-11-13 16:38:59 | INFO     | src.crawler.parser:extract_book_links:169 - Extracted 20 book links from page
2025-11-13 16:38:59 | INFO     | src.crawler.scraper:_crawl_catalog:143 - Found 20 new books on page 9
2025-11-13 16:38:59 | INFO     | src.database.mongodb:insert_book:77 - Inserted new book: The Bridge to Consciousness: I'm Writing the Bridge Between Science and Our Old and New Beliefs. (ID: 6915df73ab77a3ff4810a54f)
2025-11-13 16:38:59 | INFO     | src.crawler.scraper:_crawl_book:233 - Inserted new book: The Bridge to Consciousness: I'm Writing the Bridge Between Science and Our Old and New Beliefs.
2025-11-13 16:38:59 | INFO     | src.database.mongodb:insert_book:77 - Inserted new book: Suddenly in Love (Lake Haven #1) (ID: 6915df73ab77a3ff4810a552)
2025-11-13 16:38:59 | INFO     | src.crawler.scraper:_crawl_book:233 - Inserted new book: Suddenly in Love (Lake Haven #1)
2025-11-13 16:39:00 | INFO     | src.database.mongodb:insert_book:77 - Inserted new book: The 10% Entrepreneur: Live Your Startup Dream Without Quitting Your Day Job (ID: 6915df73ab77a3ff4810a554)
2025-11-13 16:39:00 | INFO     | src.crawler.scraper:_crawl_book:233 - Inserted new book: The 10% Entrepreneur: Live Your Startup Dream Without Quitting Your Day Job
2025-11-13 16:39:00 | INFO     | src.database.mongodb:insert_book:77 - Inserted new book: The Argonauts (ID: 6915df73ab77a3ff4810a555)
2025-11-13 16:39:00 | INFO     | src.crawler.scraper:_crawl_book:233 - Inserted new book: The Argonauts
2025-11-13 16:39:00 | INFO     | src.database.mongodb:insert_book:77 - Inserted new book: Shoe Dog: A Memoir by the Creator of NIKE (ID: 6915df73ab77a3ff4810a553)
2025-11-13 16:39:00 | INFO     | src.crawler.scraper:_crawl_book:233 - Inserted new book: Shoe Dog: A Memoir by the Creator of NIKE
2025-11-13 16:39:00 | INFO     | src.database.mongodb:insert_book:77 - Inserted new book: Soft Apocalypse (ID: 6915df73ab77a3ff4810a551)
2025-11-13 16:39:00 | INFO     | src.crawler.scraper:_crawl_book:233 - Inserted new book: Soft Apocalypse
2025-11-13 16:39:00 | INFO     | src.database.mongodb:insert_book:77 - Inserted new book: So You've Been Publicly Shamed (ID: 6915df73ab77a3ff4810a556)
2025-11-13 16:39:00 | INFO     | src.crawler.scraper:_crawl_book:233 - Inserted new book: So You've Been Publicly Shamed
2025-11-13 16:39:00 | INFO     | src.database.mongodb:insert_book:77 - Inserted new book: The Artist's Way: A Spiritual Path to Higher Creativity (ID: 6915df73ab77a3ff4810a550)
2025-11-13 16:39:00 | INFO     | src.crawler.scraper:_crawl_book:233 - Inserted new book: The Artist's Way: A Spiritual Path to Higher Creativity
2025-11-13 16:39:00 | INFO     | src.database.mongodb:insert_book:77 - Inserted new book: Shobu Samurai, Project Aryoku (#3) (ID: 6915df73ab77a3ff4810a559)
2025-11-13 16:39:00 | INFO     | src.crawler.scraper:_crawl_book:233 - Inserted new book: Shobu Samurai, Project Aryoku (#3)
2025-11-13 16:39:00 | INFO     | src.database.mongodb:insert_book:77 - Inserted new book: Something More Than This (ID: 6915df73ab77a3ff4810a557)
2025-11-13 16:39:00 | INFO     | src.crawler.scraper:_crawl_book:233 - Inserted new book: Something More Than This
2025-11-13 16:39:00 | INFO     | src.database.mongodb:insert_book:77 - Inserted new book: The Art of War (ID: 6915df73ab77a3ff4810a558)
2025-11-13 16:39:00 | INFO     | src.crawler.scraper:_crawl_book:233 - Inserted new book: The Art of War
2025-11-13 16:39:00 | INFO     | src.database.mongodb:insert_book:77 - Inserted new book: Scarlett Epstein Hates It Here (ID: 6915df74ab77a3ff4810a55a)
2025-11-13 16:39:00 | INFO     | src.crawler.scraper:_crawl_book:233 - Inserted new book: Scarlett Epstein Hates It Here
2025-11-13 16:39:00 | INFO     | src.database.mongodb:insert_book:77 - Inserted new book: Secrets and Lace (Fatal Hearts #1) (ID: 6915df74ab77a3ff4810a55b)
2025-11-13 16:39:00 | INFO     | src.crawler.scraper:_crawl_book:233 - Inserted new book: Secrets and Lace (Fatal Hearts #1)
2025-11-13 16:39:00 | INFO     | src.database.mongodb:insert_book:77 - Inserted new book: Romero and Juliet: A Tragic Tale of Love and Zombies (ID: 6915df74ab77a3ff4810a55c)
2025-11-13 16:39:00 | INFO     | src.crawler.scraper:_crawl_book:233 - Inserted new book: Romero and Juliet: A Tragic Tale of Love and Zombies
2025-11-13 16:39:00 | INFO     | src.database.mongodb:insert_book:77 - Inserted new book: Mrs. Houdini (ID: 6915df74ab77a3ff4810a55f)
2025-11-13 16:39:00 | INFO     | src.crawler.scraper:_crawl_book:233 - Inserted new book: Mrs. Houdini
2025-11-13 16:39:00 | INFO     | src.database.mongodb:insert_book:77 - Inserted new book: Poses for Artists Volume 1 - Dynamic and Sitting Poses: An Essential Reference for Figure Drawing and the Human Form (ID: 6915df74ab77a3ff4810a55e)
2025-11-13 16:39:00 | INFO     | src.crawler.scraper:_crawl_book:233 - Inserted new book: Poses for Artists Volume 1 - Dynamic and Sitting Poses: An Essential Reference for Figure Drawing and the Human Form
2025-11-13 16:39:00 | INFO     | src.database.mongodb:insert_book:77 - Inserted new book: Redeeming Love (ID: 6915df74ab77a3ff4810a560)
2025-11-13 16:39:00 | INFO     | src.crawler.scraper:_crawl_book:233 - Inserted new book: Redeeming Love
2025-11-13 16:39:00 | INFO     | src.database.mongodb:insert_book:77 - Inserted new book: Poems That Make Grown Women Cry (ID: 6915df74ab77a3ff4810a55d)
2025-11-13 16:39:00 | INFO     | src.crawler.scraper:_crawl_book:233 - Inserted new book: Poems That Make Grown Women Cry
2025-11-13 16:39:00 | INFO     | src.database.mongodb:insert_book:77 - Inserted new book: Nightingale, Sing (ID: 6915df74ab77a3ff4810a562)
2025-11-13 16:39:00 | INFO     | src.crawler.scraper:_crawl_book:233 - Inserted new book: Nightingale, Sing
2025-11-13 16:39:00 | INFO     | src.database.mongodb:insert_book:77 - Inserted new book: Night Sky with Exit Wounds (ID: 6915df74ab77a3ff4810a561)
2025-11-13 16:39:00 | INFO     | src.crawler.scraper:_crawl_book:233 - Inserted new book: Night Sky with Exit Wounds
2025-11-13 16:39:00 | INFO     | src.crawler.scraper:_crawl_catalog:125 - Crawling catalog page 10: https://books.toscrape.com/catalogue/page-10.html
2025-11-13 16:39:01 | INFO     | src.crawler.parser:extract_book_links:169 - Extracted 20 book links from page
2025-11-13 16:39:01 | INFO     | src.crawler.scraper:_crawl_catalog:143 - Found 20 new books on page 10
2025-11-13 16:39:01 | INFO     | src.database.mongodb:insert_book:77 - Inserted new book: Modern Romance (ID: 6915df75ab77a3ff4810a563)
2025-11-13 16:39:01 | INFO     | src.crawler.scraper:_crawl_book:233 - Inserted new book: Modern Romance
2025-11-13 16:39:01 | INFO     | src.database.mongodb:insert_book:77 - Inserted new book: Miss Peregrine’s Home for Peculiar Children (Miss Peregrine’s Peculiar Children #1) (ID: 6915df75ab77a3ff4810a564)
2025-11-13 16:39:01 | INFO     | src.crawler.scraper:_crawl_book:233 - Inserted new book: Miss Peregrine’s Home for Peculiar Children (Miss Peregrine’s Peculiar Children #1)
2025-11-13 16:39:01 | INFO     | src.database.mongodb:insert_book:77 - Inserted new book: Hollow City (Miss Peregrine’s Peculiar Children #2) (ID: 6915df75ab77a3ff4810a567)
2025-11-13 16:39:01 | INFO     | src.crawler.scraper:_crawl_book:233 - Inserted new book: Hollow City (Miss Peregrine’s Peculiar Children #2)
2025-11-13 16:39:01 | INFO     | src.database.mongodb:insert_book:77 - Inserted new book: Large Print Heart of the Pride (ID: 6915df75ab77a3ff4810a568)
2025-11-13 16:39:01 | INFO     | src.crawler.scraper:_crawl_book:233 - Inserted new book: Large Print Heart of the Pride
2025-11-13 16:39:01 | INFO     | src.database.mongodb:insert_book:77 - Inserted new book: Frostbite (Vampire Academy #2) (ID: 6915df75ab77a3ff4810a565)
2025-11-13 16:39:01 | INFO     | src.crawler.scraper:_crawl_book:233 - Inserted new book: Frostbite (Vampire Academy #2)
2025-11-13 16:39:01 | INFO     | src.database.mongodb:insert_book:77 - Inserted new book: Library of Souls (Miss Peregrine’s Peculiar Children #3) (ID: 6915df75ab77a3ff4810a566)
2025-11-13 16:39:01 | INFO     | src.crawler.scraper:_crawl_book:233 - Inserted new book: Library of Souls (Miss Peregrine’s Peculiar Children #3)
2025-11-13 16:39:01 | INFO     | src.database.mongodb:insert_book:77 - Inserted new book: Full Moon over Noah’s Ark: An Odyssey to Mount Ararat and Beyond (ID: 6915df75ab77a3ff4810a569)
2025-11-13 16:39:01 | INFO     | src.crawler.scraper:_crawl_book:233 - Inserted new book: Full Moon over Noah’s Ark: An Odyssey to Mount Ararat and Beyond
2025-11-13 16:39:01 | INFO     | src.database.mongodb:insert_book:77 - Inserted new book: Louisa: The Extraordinary Life of Mrs. Adams (ID: 6915df75ab77a3ff4810a56b)
2025-11-13 16:39:01 | INFO     | src.crawler.scraper:_crawl_book:233 - Inserted new book: Louisa: The Extraordinary Life of Mrs. Adams
2025-11-13 16:39:01 | INFO     | src.database.mongodb:insert_book:77 - Inserted new book: Little Red (ID: 6915df75ab77a3ff4810a56c)
2025-11-13 16:39:01 | INFO     | src.crawler.scraper:_crawl_book:233 - Inserted new book: Little Red
2025-11-13 16:39:01 | INFO     | src.database.mongodb:insert_book:77 - Inserted new book: Grumbles (ID: 6915df75ab77a3ff4810a56d)
2025-11-13 16:39:01 | INFO     | src.crawler.scraper:_crawl_book:233 - Inserted new book: Grumbles
2025-11-13 16:39:01 | INFO     | src.database.mongodb:insert_book:77 - Inserted new book: I Had a Nice Time And Other Lies...: How to find love & sh*t like that (ID: 6915df75ab77a3ff4810a56a)
2025-11-13 16:39:01 | INFO     | src.crawler.scraper:_crawl_book:233 - Inserted new book: I Had a Nice Time And Other Lies...: How to find love & sh*t like that
2025-11-13 16:39:01 | INFO     | src.database.mongodb:insert_book:77 - Inserted new book: Follow You Home (ID: 6915df75ab77a3ff4810a56e)
2025-11-13 16:39:01 | INFO     | src.crawler.scraper:_crawl_book:233 - Inserted new book: Follow You Home
2025-11-13 16:39:01 | INFO     | src.database.mongodb:insert_book:77 - Inserted new book: First Steps for New Christians (Print Edition) (ID: 6915df75ab77a3ff4810a56f)
2025-11-13 16:39:01 | INFO     | src.crawler.scraper:_crawl_book:233 - Inserted new book: First Steps for New Christians (Print Edition)
2025-11-13 16:39:02 | INFO     | src.database.mongodb:insert_book:77 - Inserted new book: Finders Keepers (Bill Hodges Trilogy #2) (ID: 6915df76ab77a3ff4810a570)
2025-11-13 16:39:02 | INFO     | src.crawler.scraper:_crawl_book:233 - Inserted new book: Finders Keepers (Bill Hodges Trilogy #2)
2025-11-13 16:39:02 | INFO     | src.database.mongodb:insert_book:77 - Inserted new book: Deliciously Ella Every Day: Quick and Easy Recipes for Gluten-Free Snacks, Packed Lunches, and Simple Meals (ID: 6915df76ab77a3ff4810a572)
2025-11-13 16:39:02 | INFO     | src.crawler.scraper:_crawl_book:233 - Inserted new book: Deliciously Ella Every Day: Quick and Easy Recipes for Gluten-Free Snacks, Packed Lunches, and Simple Meals
2025-11-13 16:39:02 | INFO     | src.database.mongodb:insert_book:77 - Inserted new book: Drive: The Surprising Truth About What Motivates Us (ID: 6915df76ab77a3ff4810a571)
2025-11-13 16:39:02 | INFO     | src.crawler.scraper:_crawl_book:233 - Inserted new book: Drive: The Surprising Truth About What Motivates Us
2025-11-13 16:39:02 | INFO     | src.database.mongodb:insert_book:77 - Inserted new book: Done Rubbed Out (Reightman & Bailey #1) (ID: 6915df76ab77a3ff4810a576)
2025-11-13 16:39:02 | INFO     | src.crawler.scraper:_crawl_book:233 - Inserted new book: Done Rubbed Out (Reightman & Bailey #1)
2025-11-13 16:39:02 | INFO     | src.database.mongodb:insert_book:77 - Inserted new book: Fables, Vol. 1: Legends in Exile (Fables #1) (ID: 6915df76ab77a3ff4810a573)
2025-11-13 16:39:02 | INFO     | src.crawler.scraper:_crawl_book:233 - Inserted new book: Fables, Vol. 1: Legends in Exile (Fables #1)
2025-11-13 16:39:02 | INFO     | src.database.mongodb:insert_book:77 - Inserted new book: Eureka Trivia 6.0 (ID: 6915df76ab77a3ff4810a574)
2025-11-13 16:39:02 | INFO     | src.crawler.scraper:_crawl_book:233 - Inserted new book: Eureka Trivia 6.0
2025-11-13 16:39:02 | INFO     | src.database.mongodb:insert_book:77 - Inserted new book: Doing It Over (Most Likely To #1) (ID: 6915df76ab77a3ff4810a575)
2025-11-13 16:39:02 | INFO     | src.crawler.scraper:_crawl_book:233 - Inserted new book: Doing It Over (Most Likely To #1)
2025-11-13 16:39:02 | INFO     | src.crawler.scraper:_crawl_catalog:125 - Crawling catalog page 11: https://books.toscrape.com/catalogue/page-11.html
2025-11-13 16:39:02 | INFO     | src.crawler.parser:extract_book_links:169 - Extracted 20 book links from page
2025-11-13 16:39:02 | INFO     | src.crawler.scraper:_crawl_catalog:143 - Found 20 new books on page 11
2025-11-13 16:39:03 | INFO     | src.database.mongodb:insert_book:77 - Inserted new book: Dark Notes (ID: 6915df77ab77a3ff4810a577)
2025-11-13 16:39:03 | INFO     | src.crawler.scraper:_crawl_book:233 - Inserted new book: Dark Notes
2025-11-13 16:39:03 | INFO     | src.database.mongodb:insert_book:77 - Inserted new book: Big Magic: Creative Living Beyond Fear (ID: 6915df77ab77a3ff4810a578)
2025-11-13 16:39:03 | INFO     | src.crawler.scraper:_crawl_book:233 - Inserted new book: Big Magic: Creative Living Beyond Fear
2025-11-13 16:39:03 | INFO     | src.database.mongodb:insert_book:77 - Inserted new book: Daring Greatly: How the Courage to Be Vulnerable Transforms the Way We Live, Love, Parent, and Lead (ID: 6915df77ab77a3ff4810a579)
2025-11-13 16:39:03 | INFO     | src.crawler.scraper:_crawl_book:233 - Inserted new book: Daring Greatly: How the Courage to Be Vulnerable Transforms the Way We Live, Love, Parent, and Lead
2025-11-13 16:39:03 | INFO     | src.database.mongodb:insert_book:77 - Inserted new book: Batman: The Long Halloween (Batman) (ID: 6915df77ab77a3ff4810a57a)
2025-11-13 16:39:03 | INFO     | src.crawler.scraper:_crawl_book:233 - Inserted new book: Batman: The Long Halloween (Batman)
2025-11-13 16:39:03 | INFO     | src.database.mongodb:insert_book:77 - Inserted new book: Chasing Heaven: What Dying Taught Me About Living (ID: 6915df77ab77a3ff4810a57d)
2025-11-13 16:39:03 | INFO     | src.crawler.scraper:_crawl_book:233 - Inserted new book: Chasing Heaven: What Dying Taught Me About Living
2025-11-13 16:39:03 | INFO     | src.database.mongodb:insert_book:77 - Inserted new book: Becoming Wise: An Inquiry into the Mystery and Art of Living (ID: 6915df77ab77a3ff4810a57c)
2025-11-13 16:39:03 | INFO     | src.crawler.scraper:_crawl_book:233 - Inserted new book: Becoming Wise: An Inquiry into the Mystery and Art of Living
2025-11-13 16:39:03 | INFO     | src.database.mongodb:insert_book:77 - Inserted new book: Batman: The Dark Knight Returns (Batman) (ID: 6915df77ab77a3ff4810a57e)
2025-11-13 16:39:03 | INFO     | src.crawler.scraper:_crawl_book:233 - Inserted new book: Batman: The Dark Knight Returns (Batman)
2025-11-13 16:39:03 | INFO     | src.database.mongodb:insert_book:77 - Inserted new book: Beauty Restored (Riley Family Legacy Novellas #3) (ID: 6915df77ab77a3ff4810a57f)
2025-11-13 16:39:03 | INFO     | src.crawler.scraper:_crawl_book:233 - Inserted new book: Beauty Restored (Riley Family Legacy Novellas #3)
2025-11-13 16:39:03 | INFO     | src.database.mongodb:insert_book:77 - Inserted new book: Anonymous (ID: 6915df77ab77a3ff4810a581)
2025-11-13 16:39:03 | INFO     | src.crawler.scraper:_crawl_book:233 - Inserted new book: Anonymous
2025-11-13 16:39:03 | INFO     | src.database.mongodb:insert_book:77 - Inserted new book: Close to You (ID: 6915df77ab77a3ff4810a580)
2025-11-13 16:39:03 | INFO     | src.crawler.scraper:_crawl_book:233 - Inserted new book: Close to You
2025-11-13 16:39:03 | INFO     | src.database.mongodb:insert_book:77 - Inserted new book: Ayumi's Violin (ID: 6915df77ab77a3ff4810a57b)
2025-11-13 16:39:03 | INFO     | src.crawler.scraper:_crawl_book:233 - Inserted new book: Ayumi's Violin
2025-11-13 16:39:03 | INFO     | src.database.mongodb:insert_book:77 - Inserted new book: Amatus (ID: 6915df77ab77a3ff4810a582)
2025-11-13 16:39:03 | INFO     | src.crawler.scraper:_crawl_book:233 - Inserted new book: Amatus
2025-11-13 16:39:04 | INFO     | src.database.mongodb:insert_book:77 - Inserted new book: Amy Meets the Saints and Sages (ID: 6915df78ab77a3ff4810a583)
2025-11-13 16:39:04 | INFO     | src.crawler.scraper:_crawl_book:233 - Inserted new book: Amy Meets the Saints and Sages
2025-11-13 16:39:04 | INFO     | src.database.mongodb:insert_book:77 - Inserted new book: Amid the Chaos (ID: 6915df78ab77a3ff4810a584)
2025-11-13 16:39:04 | INFO     | src.crawler.scraper:_crawl_book:233 - Inserted new book: Amid the Chaos
2025-11-13 16:39:04 | INFO     | src.database.mongodb:insert_book:77 - Inserted new book: Agnostic: A Spirited Manifesto (ID: 6915df78ab77a3ff4810a585)
2025-11-13 16:39:04 | INFO     | src.crawler.scraper:_crawl_book:233 - Inserted new book: Agnostic: A Spirited Manifesto
2025-11-13 16:39:04 | INFO     | src.database.mongodb:insert_book:77 - Inserted new book: Zealot: The Life and Times of Jesus of Nazareth (ID: 6915df78ab77a3ff4810a586)
2025-11-13 16:39:04 | INFO     | src.crawler.scraper:_crawl_book:233 - Inserted new book: Zealot: The Life and Times of Jesus of Nazareth
2025-11-13 16:39:04 | INFO     | src.database.mongodb:insert_book:77 - Inserted new book: Wonder Woman: Earth One, Volume One (Wonder Woman: Earth One #1) (ID: 6915df78ab77a3ff4810a587)
2025-11-13 16:39:04 | INFO     | src.crawler.scraper:_crawl_book:233 - Inserted new book: Wonder Woman: Earth One, Volume One (Wonder Woman: Earth One #1)
2025-11-13 16:39:04 | INFO     | src.database.mongodb:insert_book:77 - Inserted new book: Wild Swans (ID: 6915df78ab77a3ff4810a588)
2025-11-13 16:39:04 | INFO     | src.crawler.scraper:_crawl_book:233 - Inserted new book: Wild Swans
2025-11-13 16:39:04 | INFO     | src.database.mongodb:insert_book:77 - Inserted new book: You (You #1) (ID: 6915df78ab77a3ff4810a589)
2025-11-13 16:39:04 | INFO     | src.crawler.scraper:_crawl_book:233 - Inserted new book: You (You #1)
2025-11-13 16:39:04 | INFO     | src.database.mongodb:insert_book:77 - Inserted new book: Why the Right Went Wrong: Conservatism--From Goldwater to the Tea Party and Beyond (ID: 6915df78ab77a3ff4810a58a)
2025-11-13 16:39:04 | INFO     | src.crawler.scraper:_crawl_book:233 - Inserted new book: Why the Right Went Wrong: Conservatism--From Goldwater to the Tea Party and Beyond
2025-11-13 16:39:04 | INFO     | src.crawler.scraper:_crawl_catalog:125 - Crawling catalog page 12: https://books.toscrape.com/catalogue/page-12.html
2025-11-13 16:39:04 | INFO     | src.crawler.parser:extract_book_links:169 - Extracted 20 book links from page
2025-11-13 16:39:04 | INFO     | src.crawler.scraper:_crawl_catalog:143 - Found 20 new books on page 12
2025-11-13 16:39:05 | INFO     | src.database.mongodb:insert_book:77 - Inserted new book: Whole Lotta Creativity Going On: 60 Fun and Unusual Exercises to Awaken and Strengthen Your Creativity (ID: 6915df79ab77a3ff4810a58b)
2025-11-13 16:39:05 | INFO     | src.crawler.scraper:_crawl_book:233 - Inserted new book: Whole Lotta Creativity Going On: 60 Fun and Unusual Exercises to Awaken and Strengthen Your Creativity
2025-11-13 16:39:05 | INFO     | src.database.mongodb:insert_book:77 - Inserted new book: V for Vendetta (V for Vendetta Complete) (ID: 6915df79ab77a3ff4810a58c)
2025-11-13 16:39:05 | INFO     | src.crawler.scraper:_crawl_book:233 - Inserted new book: V for Vendetta (V for Vendetta Complete)
2025-11-13 16:39:05 | INFO     | src.database.mongodb:insert_book:77 - Inserted new book: Until Friday Night (The Field Party #1) (ID: 6915df79ab77a3ff4810a58f)
2025-11-13 16:39:05 | INFO     | src.crawler.scraper:_crawl_book:233 - Inserted new book: Until Friday Night (The Field Party #1)
2025-11-13 16:39:05 | INFO     | src.database.mongodb:insert_book:77 - Inserted new book: This Is Where It Ends (ID: 6915df79ab77a3ff4810a590)
2025-11-13 16:39:05 | INFO     | src.crawler.scraper:_crawl_book:233 - Inserted new book: This Is Where It Ends
2025-11-13 16:39:05 | INFO     | src.database.mongodb:insert_book:77 - Inserted new book: Walt Disney's Alice in Wonderland (ID: 6915df79ab77a3ff4810a591)
2025-11-13 16:39:05 | INFO     | src.crawler.scraper:_crawl_book:233 - Inserted new book: Walt Disney's Alice in Wonderland
2025-11-13 16:39:05 | INFO     | src.database.mongodb:insert_book:77 - Inserted new book: Through the Woods (ID: 6915df79ab77a3ff4810a592)
2025-11-13 16:39:05 | INFO     | src.crawler.scraper:_crawl_book:233 - Inserted new book: Through the Woods
2025-11-13 16:39:05 | INFO     | src.database.mongodb:insert_book:77 - Inserted new book: Unbroken: A World War II Story of Survival, Resilience, and Redemption (ID: 6915df79ab77a3ff4810a593)
2025-11-13 16:39:05 | INFO     | src.crawler.scraper:_crawl_book:233 - Inserted new book: Unbroken: A World War II Story of Survival, Resilience, and Redemption
2025-11-13 16:39:05 | INFO     | src.database.mongodb:insert_book:77 - Inserted new book: What's It Like in Space?: Stories from Astronauts Who've Been There (ID: 6915df79ab77a3ff4810a58d)
2025-11-13 16:39:05 | INFO     | src.crawler.scraper:_crawl_book:233 - Inserted new book: What's It Like in Space?: Stories from Astronauts Who've Been There
2025-11-13 16:39:05 | INFO     | src.database.mongodb:insert_book:77 - Inserted new book: Twenty Yawns (ID: 6915df79ab77a3ff4810a58e)
2025-11-13 16:39:05 | INFO     | src.crawler.scraper:_crawl_book:233 - Inserted new book: Twenty Yawns
2025-11-13 16:39:05 | INFO     | src.database.mongodb:insert_book:77 - Inserted new book: We Are Robin, Vol. 1: The Vigilante Business (We Are Robin #1) (ID: 6915df79ab77a3ff4810a594)
2025-11-13 16:39:05 | INFO     | src.crawler.scraper:_crawl_book:233 - Inserted new book: We Are Robin, Vol. 1: The Vigilante Business (We Are Robin #1)
2025-11-13 16:39:05 | INFO     | src.database.mongodb:insert_book:77 - Inserted new book: The Year of Magical Thinking (ID: 6915df79ab77a3ff4810a595)
2025-11-13 16:39:05 | INFO     | src.crawler.scraper:_crawl_book:233 - Inserted new book: The Year of Magical Thinking
2025-11-13 16:39:05 | INFO     | src.database.mongodb:insert_book:77 - Inserted new book: The Wright Brothers (ID: 6915df79ab77a3ff4810a596)
2025-11-13 16:39:05 | INFO     | src.crawler.scraper:_crawl_book:233 - Inserted new book: The Wright Brothers
2025-11-13 16:39:05 | INFO     | src.database.mongodb:insert_book:77 - Inserted new book: The Time Keeper (ID: 6915df79ab77a3ff4810a597)
2025-11-13 16:39:05 | INFO     | src.crawler.scraper:_crawl_book:233 - Inserted new book: The Time Keeper
2025-11-13 16:39:05 | INFO     | src.database.mongodb:insert_book:77 - Inserted new book: The Songs of the Gods (ID: 6915df79ab77a3ff4810a598)
2025-11-13 16:39:05 | INFO     | src.crawler.scraper:_crawl_book:233 - Inserted new book: The Songs of the Gods
2025-11-13 16:39:05 | INFO     | src.database.mongodb:insert_book:77 - Inserted new book: The White Queen (The Cousins' War #1) (ID: 6915df79ab77a3ff4810a599)
2025-11-13 16:39:05 | INFO     | src.crawler.scraper:_crawl_book:233 - Inserted new book: The White Queen (The Cousins' War #1)
2025-11-13 16:39:06 | INFO     | src.database.mongodb:insert_book:77 - Inserted new book: The Wedding Pact (The O'Malleys #2) (ID: 6915df79ab77a3ff4810a59a)
2025-11-13 16:39:06 | INFO     | src.crawler.scraper:_crawl_book:233 - Inserted new book: The Wedding Pact (The O'Malleys #2)
2025-11-13 16:39:06 | INFO     | src.database.mongodb:insert_book:77 - Inserted new book: The Rosie Project (Don Tillman #1) (ID: 6915df79ab77a3ff4810a59b)
2025-11-13 16:39:06 | INFO     | src.crawler.scraper:_crawl_book:233 - Inserted new book: The Rosie Project (Don Tillman #1)
2025-11-13 16:39:06 | INFO     | src.database.mongodb:insert_book:77 - Inserted new book: The Song of Achilles (ID: 6915df7aab77a3ff4810a59e)
2025-11-13 16:39:06 | INFO     | src.crawler.scraper:_crawl_book:233 - Inserted new book: The Song of Achilles
2025-11-13 16:39:06 | INFO     | src.database.mongodb:insert_book:77 - Inserted new book: The Star-Touched Queen (ID: 6915df7aab77a3ff4810a59d)
2025-11-13 16:39:06 | INFO     | src.crawler.scraper:_crawl_book:233 - Inserted new book: The Star-Touched Queen
2025-11-13 16:39:06 | INFO     | src.database.mongodb:insert_book:77 - Inserted new book: The Testament of Mary (ID: 6915df7aab77a3ff4810a59c)
2025-11-13 16:39:06 | INFO     | src.crawler.scraper:_crawl_book:233 - Inserted new book: The Testament of Mary
2025-11-13 16:39:06 | INFO     | src.crawler.scraper:_crawl_catalog:125 - Crawling catalog page 13: https://books.toscrape.com/catalogue/page-13.html
2025-11-13 16:39:06 | INFO     | src.crawler.parser:extract_book_links:169 - Extracted 20 book links from page
2025-11-13 16:39:06 | INFO     | src.crawler.scraper:_crawl_catalog:143 - Found 20 new books on page 13
2025-11-13 16:39:07 | INFO     | src.database.mongodb:insert_book:77 - Inserted new book: The Power of Habit: Why We Do What We Do in Life and Business (ID: 6915df7bab77a3ff4810a59f)
2025-11-13 16:39:07 | INFO     | src.crawler.scraper:_crawl_book:233 - Inserted new book: The Power of Habit: Why We Do What We Do in Life and Business
2025-11-13 16:39:07 | INFO     | src.database.mongodb:insert_book:77 - Inserted new book: The Loney (ID: 6915df7bab77a3ff4810a5a0)
2025-11-13 16:39:07 | INFO     | src.crawler.scraper:_crawl_book:233 - Inserted new book: The Loney
2025-11-13 16:39:07 | INFO     | src.database.mongodb:insert_book:77 - Inserted new book: The Marriage of Opposites (ID: 6915df7bab77a3ff4810a5a1)
2025-11-13 16:39:07 | INFO     | src.crawler.scraper:_crawl_book:233 - Inserted new book: The Marriage of Opposites
2025-11-13 16:39:07 | INFO     | src.database.mongodb:insert_book:77 - Inserted new book: The Literature Book (Big Ideas Simply Explained) (ID: 6915df7bab77a3ff4810a5a3)
2025-11-13 16:39:07 | INFO     | src.crawler.scraper:_crawl_book:233 - Inserted new book: The Literature Book (Big Ideas Simply Explained)
2025-11-13 16:39:07 | INFO     | src.database.mongodb:insert_book:77 - Inserted new book: The Last Mile (Amos Decker #2) (ID: 6915df7bab77a3ff4810a5a8)
2025-11-13 16:39:07 | INFO     | src.crawler.scraper:_crawl_book:233 - Inserted new book: The Last Mile (Amos Decker #2)
2025-11-13 16:39:07 | INFO     | src.database.mongodb:insert_book:77 - Inserted new book: The Help Yourself Cookbook for Kids: 60 Easy Plant-Based Recipes Kids Can Make to Stay Healthy and Save the Earth (ID: 6915df7bab77a3ff4810a5a4)
2025-11-13 16:39:07 | INFO     | src.crawler.scraper:_crawl_book:233 - Inserted new book: The Help Yourself Cookbook for Kids: 60 Easy Plant-Based Recipes Kids Can Make to Stay Healthy and Save the Earth
2025-11-13 16:39:07 | INFO     | src.database.mongodb:insert_book:77 - Inserted new book: The Hidden Oracle (The Trials of Apollo #1) (ID: 6915df7bab77a3ff4810a5a7)
2025-11-13 16:39:07 | INFO     | src.crawler.scraper:_crawl_book:233 - Inserted new book: The Hidden Oracle (The Trials of Apollo #1)
2025-11-13 16:39:07 | INFO     | src.database.mongodb:insert_book:77 - Inserted new book: The Long Haul (Diary of a Wimpy Kid #9) (ID: 6915df7bab77a3ff4810a5a6)
2025-11-13 16:39:07 | INFO     | src.crawler.scraper:_crawl_book:233 - Inserted new book: The Long Haul (Diary of a Wimpy Kid #9)
2025-11-13 16:39:07 | INFO     | src.database.mongodb:insert_book:77 - Inserted new book: The Guilty (Will Robie #4) (ID: 6915df7bab77a3ff4810a5a5)
2025-11-13 16:39:07 | INFO     | src.crawler.scraper:_crawl_book:233 - Inserted new book: The Guilty (Will Robie #4)
2025-11-13 16:39:07 | INFO     | src.database.mongodb:insert_book:77 - Inserted new book: The Immortal Life of Henrietta Lacks (ID: 6915df7bab77a3ff4810a5a2)
2025-11-13 16:39:07 | INFO     | src.crawler.scraper:_crawl_book:233 - Inserted new book: The Immortal Life of Henrietta Lacks
2025-11-13 16:39:07 | INFO     | src.database.mongodb:insert_book:77 - Inserted new book: The Lucifer Effect: Understanding How Good People Turn Evil (ID: 6915df7bab77a3ff4810a5a9)
2025-11-13 16:39:07 | INFO     | src.crawler.scraper:_crawl_book:233 - Inserted new book: The Lucifer Effect: Understanding How Good People Turn Evil
2025-11-13 16:39:07 | INFO     | src.database.mongodb:insert_book:77 - Inserted new book: The Dovekeepers (ID: 6915df7bab77a3ff4810a5aa)
2025-11-13 16:39:07 | INFO     | src.crawler.scraper:_crawl_book:233 - Inserted new book: The Dovekeepers
2025-11-13 16:39:08 | INFO     | src.database.mongodb:insert_book:77 - Inserted new book: The First Hostage (J.B. Collins #2) (ID: 6915df7cab77a3ff4810a5ab)
2025-11-13 16:39:08 | INFO     | src.crawler.scraper:_crawl_book:233 - Inserted new book: The First Hostage (J.B. Collins #2)
2025-11-13 16:39:08 | INFO     | src.database.mongodb:insert_book:77 - Inserted new book: The Darkest Lie (ID: 6915df7cab77a3ff4810a5ac)
2025-11-13 16:39:08 | INFO     | src.crawler.scraper:_crawl_book:233 - Inserted new book: The Darkest Lie
2025-11-13 16:39:08 | INFO     | src.database.mongodb:insert_book:77 - Inserted new book: The 14th Colony (Cotton Malone #11) (ID: 6915df7cab77a3ff4810a5ad)
2025-11-13 16:39:08 | INFO     | src.crawler.scraper:_crawl_book:233 - Inserted new book: The 14th Colony (Cotton Malone #11)
2025-11-13 16:39:08 | INFO     | src.database.mongodb:insert_book:77 - Inserted new book: The Bad-Ass Librarians of Timbuktu: And Their Race to Save the World’s Most Precious Manuscripts (ID: 6915df7cab77a3ff4810a5ae)
2025-11-13 16:39:08 | INFO     | src.crawler.scraper:_crawl_book:233 - Inserted new book: The Bad-Ass Librarians of Timbuktu: And Their Race to Save the World’s Most Precious Manuscripts
2025-11-13 16:39:08 | INFO     | src.database.mongodb:insert_book:77 - Inserted new book: Take Me with You (ID: 6915df7cab77a3ff4810a5af)
2025-11-13 16:39:08 | INFO     | src.crawler.scraper:_crawl_book:233 - Inserted new book: Take Me with You
2025-11-13 16:39:08 | INFO     | src.database.mongodb:insert_book:77 - Inserted new book: Tastes Like Fear (DI Marnie Rome #3) (ID: 6915df7cab77a3ff4810a5b1)
2025-11-13 16:39:08 | INFO     | src.crawler.scraper:_crawl_book:233 - Inserted new book: Tastes Like Fear (DI Marnie Rome #3)
2025-11-13 16:39:08 | INFO     | src.database.mongodb:insert_book:77 - Inserted new book: The Bane Chronicles (The Bane Chronicles #1-11) (ID: 6915df7cab77a3ff4810a5b0)
2025-11-13 16:39:08 | INFO     | src.crawler.scraper:_crawl_book:233 - Inserted new book: The Bane Chronicles (The Bane Chronicles #1-11)
2025-11-13 16:39:08 | INFO     | src.database.mongodb:insert_book:77 - Inserted new book: That Darkness (Gardiner and Renner #1) (ID: 6915df7cab77a3ff4810a5b2)
2025-11-13 16:39:08 | INFO     | src.crawler.scraper:_crawl_book:233 - Inserted new book: That Darkness (Gardiner and Renner #1)
2025-11-13 16:39:08 | INFO     | src.crawler.scraper:_crawl_catalog:125 - Crawling catalog page 14: https://books.toscrape.com/catalogue/page-14.html
2025-11-13 16:39:08 | INFO     | src.crawler.parser:extract_book_links:169 - Extracted 20 book links from page
2025-11-13 16:39:08 | INFO     | src.crawler.scraper:_crawl_catalog:143 - Found 20 new books on page 14
2025-11-13 16:39:09 | INFO     | src.database.mongodb:insert_book:77 - Inserted new book: Swell: A Year of Waves (ID: 6915df7dab77a3ff4810a5b3)
2025-11-13 16:39:09 | INFO     | src.crawler.scraper:_crawl_book:233 - Inserted new book: Swell: A Year of Waves
2025-11-13 16:39:09 | INFO     | src.database.mongodb:insert_book:77 - Inserted new book: Superman Vol. 1: Before Truth (Superman by Gene Luen Yang #1) (ID: 6915df7dab77a3ff4810a5b4)
2025-11-13 16:39:09 | INFO     | src.crawler.scraper:_crawl_book:233 - Inserted new book: Superman Vol. 1: Before Truth (Superman by Gene Luen Yang #1)
2025-11-13 16:39:09 | INFO     | src.database.mongodb:insert_book:77 - Inserted new book: Someone Like You (The Harrisons #2) (ID: 6915df7dab77a3ff4810a5b7)
2025-11-13 16:39:09 | INFO     | src.crawler.scraper:_crawl_book:233 - Inserted new book: Someone Like You (The Harrisons #2)
2025-11-13 16:39:09 | INFO     | src.database.mongodb:insert_book:77 - Inserted new book: Shtum (ID: 6915df7dab77a3ff4810a5b6)
2025-11-13 16:39:09 | INFO     | src.crawler.scraper:_crawl_book:233 - Inserted new book: Shtum
2025-11-13 16:39:09 | INFO     | src.database.mongodb:insert_book:77 - Inserted new book: salt. (ID: 6915df7dab77a3ff4810a5b8)
2025-11-13 16:39:09 | INFO     | src.crawler.scraper:_crawl_book:233 - Inserted new book: salt.
2025-11-13 16:39:09 | INFO     | src.database.mongodb:insert_book:77 - Inserted new book: Sorting the Beef from the Bull: The Science of Food Fraud Forensics (ID: 6915df7dab77a3ff4810a5b5)
2025-11-13 16:39:09 | INFO     | src.crawler.scraper:_crawl_book:233 - Inserted new book: Sorting the Beef from the Bull: The Science of Food Fraud Forensics
2025-11-13 16:39:09 | INFO     | src.database.mongodb:insert_book:77 - Inserted new book: Robin War (ID: 6915df7dab77a3ff4810a5b9)
2025-11-13 16:39:09 | INFO     | src.crawler.scraper:_crawl_book:233 - Inserted new book: Robin War
2025-11-13 16:39:09 | INFO     | src.database.mongodb:insert_book:77 - Inserted new book: Steve Jobs (ID: 6915df7dab77a3ff4810a5ba)
2025-11-13 16:39:09 | INFO     | src.crawler.scraper:_crawl_book:233 - Inserted new book: Steve Jobs
2025-11-13 16:39:09 | INFO     | src.database.mongodb:insert_book:77 - Inserted new book: See America: A Celebration of Our National Parks & Treasured Sites (ID: 6915df7dab77a3ff4810a5bb)
2025-11-13 16:39:09 | INFO     | src.crawler.scraper:_crawl_book:233 - Inserted new book: See America: A Celebration of Our National Parks & Treasured Sites
2025-11-13 16:39:09 | INFO     | src.database.mongodb:insert_book:77 - Inserted new book: So Cute It Hurts!!, Vol. 6 (So Cute It Hurts!! #6) (ID: 6915df7dab77a3ff4810a5bc)
2025-11-13 16:39:09 | INFO     | src.crawler.scraper:_crawl_book:233 - Inserted new book: So Cute It Hurts!!, Vol. 6 (So Cute It Hurts!! #6)
2025-11-13 16:39:09 | INFO     | src.database.mongodb:insert_book:77 - Inserted new book: Still Life with Bread Crumbs (ID: 6915df7dab77a3ff4810a5bd)
2025-11-13 16:39:09 | INFO     | src.crawler.scraper:_crawl_book:233 - Inserted new book: Still Life with Bread Crumbs
2025-11-13 16:39:09 | INFO     | src.database.mongodb:insert_book:77 - Inserted new book: Red Hood/Arsenal, Vol. 1: Open for Business (Red Hood/Arsenal #1) (ID: 6915df7dab77a3ff4810a5be)
2025-11-13 16:39:09 | INFO     | src.crawler.scraper:_crawl_book:233 - Inserted new book: Red Hood/Arsenal, Vol. 1: Open for Business (Red Hood/Arsenal #1)
2025-11-13 16:39:09 | INFO     | src.database.mongodb:insert_book:77 - Inserted new book: Rain Fish (ID: 6915df7dab77a3ff4810a5bf)
2025-11-13 16:39:09 | INFO     | src.crawler.scraper:_crawl_book:233 - Inserted new book: Rain Fish
2025-11-13 16:39:09 | INFO     | src.database.mongodb:insert_book:77 - Inserted new book: Pet Sematary (ID: 6915df7dab77a3ff4810a5c0)
2025-11-13 16:39:09 | INFO     | src.crawler.scraper:_crawl_book:233 - Inserted new book: Pet Sematary
2025-11-13 16:39:09 | INFO     | src.database.mongodb:insert_book:77 - Inserted new book: Naruto (3-in-1 Edition), Vol. 14: Includes Vols. 40, 41 & 42 (Naruto: Omnibus #14) (ID: 6915df7dab77a3ff4810a5c1)
2025-11-13 16:39:09 | INFO     | src.crawler.scraper:_crawl_book:233 - Inserted new book: Naruto (3-in-1 Edition), Vol. 14: Includes Vols. 40, 41 & 42 (Naruto: Omnibus #14)
2025-11-13 16:39:09 | INFO     | src.database.mongodb:insert_book:77 - Inserted new book: No Dream Is Too High: Life Lessons From a Man Who Walked on the Moon (ID: 6915df7dab77a3ff4810a5c2)
2025-11-13 16:39:09 | INFO     | src.crawler.scraper:_crawl_book:233 - Inserted new book: No Dream Is Too High: Life Lessons From a Man Who Walked on the Moon
2025-11-13 16:39:09 | INFO     | src.database.mongodb:insert_book:77 - Inserted new book: Once Was a Time (ID: 6915df7dab77a3ff4810a5c3)
2025-11-13 16:39:09 | INFO     | src.crawler.scraper:_crawl_book:233 - Inserted new book: Once Was a Time
2025-11-13 16:39:10 | INFO     | src.database.mongodb:insert_book:77 - Inserted new book: Quarter Life Poetry: Poems for the Young, Broke and Hangry (ID: 6915df7eab77a3ff4810a5c4)
2025-11-13 16:39:10 | INFO     | src.crawler.scraper:_crawl_book:233 - Inserted new book: Quarter Life Poetry: Poems for the Young, Broke and Hangry
2025-11-13 16:39:10 | INFO     | src.database.mongodb:insert_book:77 - Inserted new book: Old School (Diary of a Wimpy Kid #10) (ID: 6915df7eab77a3ff4810a5c5)
2025-11-13 16:39:10 | INFO     | src.crawler.scraper:_crawl_book:233 - Inserted new book: Old School (Diary of a Wimpy Kid #10)
2025-11-13 16:39:10 | INFO     | src.database.mongodb:insert_book:77 - Inserted new book: Overload: How to Unplug, Unwind, and Unleash Yourself from the Pressure of Stress (ID: 6915df7eab77a3ff4810a5c6)
2025-11-13 16:39:10 | INFO     | src.crawler.scraper:_crawl_book:233 - Inserted new book: Overload: How to Unplug, Unwind, and Unleash Yourself from the Pressure of Stress
2025-11-13 16:39:10 | INFO     | src.crawler.scraper:_crawl_catalog:125 - Crawling catalog page 15: https://books.toscrape.com/catalogue/page-15.html
2025-11-13 16:39:10 | INFO     | src.crawler.parser:extract_book_links:169 - Extracted 20 book links from page
2025-11-13 16:39:10 | INFO     | src.crawler.scraper:_crawl_catalog:143 - Found 20 new books on page 15
2025-11-13 16:39:10 | INFO     | src.database.mongodb:insert_book:77 - Inserted new book: My Name Is Lucy Barton (ID: 6915df7eab77a3ff4810a5c7)
2025-11-13 16:39:10 | INFO     | src.crawler.scraper:_crawl_book:233 - Inserted new book: My Name Is Lucy Barton
2025-11-13 16:39:11 | INFO     | src.database.mongodb:insert_book:77 - Inserted new book: More Than Music (Chasing the Dream #1) (ID: 6915df7fab77a3ff4810a5c8)
2025-11-13 16:39:11 | INFO     | src.crawler.scraper:_crawl_book:233 - Inserted new book: More Than Music (Chasing the Dream #1)
2025-11-13 16:39:11 | INFO     | src.database.mongodb:insert_book:77 - Inserted new book: Made to Stick: Why Some Ideas Survive and Others Die (ID: 6915df7fab77a3ff4810a5c9)
2025-11-13 16:39:11 | INFO     | src.crawler.scraper:_crawl_book:233 - Inserted new book: Made to Stick: Why Some Ideas Survive and Others Die
2025-11-13 16:39:11 | INFO     | src.database.mongodb:insert_book:77 - Inserted new book: My Mrs. Brown (ID: 6915df7fab77a3ff4810a5cb)
2025-11-13 16:39:11 | INFO     | src.crawler.scraper:_crawl_book:233 - Inserted new book: My Mrs. Brown
2025-11-13 16:39:11 | INFO     | src.database.mongodb:insert_book:77 - Inserted new book: Luckiest Girl Alive (ID: 6915df7fab77a3ff4810a5ca)
2025-11-13 16:39:11 | INFO     | src.crawler.scraper:_crawl_book:233 - Inserted new book: Luckiest Girl Alive
2025-11-13 16:39:11 | INFO     | src.database.mongodb:insert_book:77 - Inserted new book: Looking for Lovely: Collecting the Moments that Matter (ID: 6915df7fab77a3ff4810a5cd)
2025-11-13 16:39:11 | INFO     | src.crawler.scraper:_crawl_book:233 - Inserted new book: Looking for Lovely: Collecting the Moments that Matter
2025-11-13 16:39:11 | INFO     | src.database.mongodb:insert_book:77 - Inserted new book: Love Is a Mix Tape (Music #1) (ID: 6915df7fab77a3ff4810a5cc)
2025-11-13 16:39:11 | INFO     | src.crawler.scraper:_crawl_book:233 - Inserted new book: Love Is a Mix Tape (Music #1)
2025-11-13 16:39:11 | INFO     | src.database.mongodb:insert_book:77 - Inserted new book: Lowriders to the Center of the Earth (Lowriders in Space #2) (ID: 6915df7fab77a3ff4810a5cf)
2025-11-13 16:39:11 | INFO     | src.crawler.scraper:_crawl_book:233 - Inserted new book: Lowriders to the Center of the Earth (Lowriders in Space #2)
2025-11-13 16:39:11 | INFO     | src.database.mongodb:insert_book:77 - Inserted new book: Luis Paints the World (ID: 6915df7fab77a3ff4810a5d0)
2025-11-13 16:39:11 | INFO     | src.crawler.scraper:_crawl_book:233 - Inserted new book: Luis Paints the World
2025-11-13 16:39:11 | INFO     | src.database.mongodb:insert_book:77 - Inserted new book: My Kind of Crazy (ID: 6915df7fab77a3ff4810a5d1)
2025-11-13 16:39:11 | INFO     | src.crawler.scraper:_crawl_book:233 - Inserted new book: My Kind of Crazy
2025-11-13 16:39:11 | INFO     | src.database.mongodb:insert_book:77 - Inserted new book: Mr. Mercedes (Bill Hodges Trilogy #1) (ID: 6915df7fab77a3ff4810a5ce)
2025-11-13 16:39:11 | INFO     | src.crawler.scraper:_crawl_book:233 - Inserted new book: Mr. Mercedes (Bill Hodges Trilogy #1)
2025-11-13 16:39:11 | INFO     | src.database.mongodb:insert_book:77 - Inserted new book: Living Leadership by Insight: A Good Leader Achieves, a Great Leader Builds Monuments (ID: 6915df7fab77a3ff4810a5d2)
2025-11-13 16:39:11 | INFO     | src.crawler.scraper:_crawl_book:233 - Inserted new book: Living Leadership by Insight: A Good Leader Achieves, a Great Leader Builds Monuments
2025-11-13 16:39:11 | INFO     | src.database.mongodb:insert_book:77 - Inserted new book: Let It Out: A Journey Through Journaling (ID: 6915df7fab77a3ff4810a5d3)
2025-11-13 16:39:11 | INFO     | src.crawler.scraper:_crawl_book:233 - Inserted new book: Let It Out: A Journey Through Journaling
2025-11-13 16:39:11 | INFO     | src.database.mongodb:insert_book:77 - Inserted new book: I Am Pilgrim (Pilgrim #1) (ID: 6915df7fab77a3ff4810a5d4)
2025-11-13 16:39:11 | INFO     | src.crawler.scraper:_crawl_book:233 - Inserted new book: I Am Pilgrim (Pilgrim #1)
2025-11-13 16:39:11 | INFO     | src.database.mongodb:insert_book:77 - Inserted new book: Hush, Hush (Hush, Hush #1) (ID: 6915df7fab77a3ff4810a5d5)
2025-11-13 16:39:11 | INFO     | src.crawler.scraper:_crawl_book:233 - Inserted new book: Hush, Hush (Hush, Hush #1)
2025-11-13 16:39:11 | INFO     | src.database.mongodb:insert_book:77 - Inserted new book: I Know What I'm Doing -- and Other Lies I Tell Myself: Dispatches from a Life Under Construction (ID: 6915df7fab77a3ff4810a5d6)
2025-11-13 16:39:11 | INFO     | src.crawler.scraper:_crawl_book:233 - Inserted new book: I Know What I'm Doing -- and Other Lies I Tell Myself: Dispatches from a Life Under Construction
2025-11-13 16:39:11 | INFO     | src.database.mongodb:insert_book:77 - Inserted new book: It's All Easy: Healthy, Delicious Weeknight Meals in under 30 Minutes (ID: 6915df7fab77a3ff4810a5d7)
2025-11-13 16:39:11 | INFO     | src.crawler.scraper:_crawl_book:233 - Inserted new book: It's All Easy: Healthy, Delicious Weeknight Meals in under 30 Minutes
2025-11-13 16:39:11 | INFO     | src.database.mongodb:insert_book:77 - Inserted new book: Hyperbole and a Half: Unfortunate Situations, Flawed Coping Mechanisms, Mayhem, and Other Things That Happened (ID: 6915df7fab77a3ff4810a5d8)
2025-11-13 16:39:11 | INFO     | src.crawler.scraper:_crawl_book:233 - Inserted new book: Hyperbole and a Half: Unfortunate Situations, Flawed Coping Mechanisms, Mayhem, and Other Things That Happened
2025-11-13 16:39:11 | INFO     | src.database.mongodb:insert_book:77 - Inserted new book: Island of Dragons (Unwanteds #7) (ID: 6915df7fab77a3ff4810a5d9)
2025-11-13 16:39:11 | INFO     | src.crawler.scraper:_crawl_book:233 - Inserted new book: Island of Dragons (Unwanteds #7)
2025-11-13 16:39:11 | INFO     | src.database.mongodb:insert_book:77 - Inserted new book: Lady Midnight (The Dark Artifices #1) (ID: 6915df7fab77a3ff4810a5da)
2025-11-13 16:39:11 | INFO     | src.crawler.scraper:_crawl_book:233 - Inserted new book: Lady Midnight (The Dark Artifices #1)
2025-11-13 16:39:12 | INFO     | src.crawler.scraper:_crawl_catalog:125 - Crawling catalog page 16: https://books.toscrape.com/catalogue/page-16.html
2025-11-13 16:39:12 | INFO     | src.crawler.parser:extract_book_links:169 - Extracted 20 book links from page
2025-11-13 16:39:12 | INFO     | src.crawler.scraper:_crawl_catalog:143 - Found 20 new books on page 16
2025-11-13 16:39:12 | INFO     | src.database.mongodb:insert_book:77 - Inserted new book: Hold Your Breath (Search and Rescue #1) (ID: 6915df80ab77a3ff4810a5db)
2025-11-13 16:39:12 | INFO     | src.crawler.scraper:_crawl_book:233 - Inserted new book: Hold Your Breath (Search and Rescue #1)
2025-11-13 16:39:13 | INFO     | src.database.mongodb:insert_book:77 - Inserted new book: Hamilton: The Revolution (ID: 6915df81ab77a3ff4810a5dc)
2025-11-13 16:39:13 | INFO     | src.crawler.scraper:_crawl_book:233 - Inserted new book: Hamilton: The Revolution
2025-11-13 16:39:13 | INFO     | src.database.mongodb:insert_book:77 - Inserted new book: Feathers: Displays of Brilliant Plumage (ID: 6915df81ab77a3ff4810a5df)
2025-11-13 16:39:13 | INFO     | src.crawler.scraper:_crawl_book:233 - Inserted new book: Feathers: Displays of Brilliant Plumage
2025-11-13 16:39:13 | INFO     | src.database.mongodb:insert_book:77 - Inserted new book: El Deafo (ID: 6915df81ab77a3ff4810a5e0)
2025-11-13 16:39:13 | INFO     | src.crawler.scraper:_crawl_book:233 - Inserted new book: El Deafo
2025-11-13 16:39:13 | INFO     | src.database.mongodb:insert_book:77 - Inserted new book: Glory over Everything: Beyond The Kitchen House (ID: 6915df81ab77a3ff4810a5dd)
2025-11-13 16:39:13 | INFO     | src.crawler.scraper:_crawl_book:233 - Inserted new book: Glory over Everything: Beyond The Kitchen House
2025-11-13 16:39:13 | INFO     | src.database.mongodb:insert_book:77 - Inserted new book: Every Last Word (ID: 6915df81ab77a3ff4810a5de)
2025-11-13 16:39:13 | INFO     | src.crawler.scraper:_crawl_book:233 - Inserted new book: Every Last Word
2025-11-13 16:39:13 | INFO     | src.database.mongodb:insert_book:77 - Inserted new book: God: The Most Unpleasant Character in All Fiction (ID: 6915df81ab77a3ff4810a5e1)
2025-11-13 16:39:13 | INFO     | src.crawler.scraper:_crawl_book:233 - Inserted new book: God: The Most Unpleasant Character in All Fiction
2025-11-13 16:39:13 | INFO     | src.database.mongodb:insert_book:77 - Inserted new book: Far & Away: Places on the Brink of Change: Seven Continents, Twenty-Five Years (ID: 6915df81ab77a3ff4810a5e2)
2025-11-13 16:39:13 | INFO     | src.crawler.scraper:_crawl_book:233 - Inserted new book: Far & Away: Places on the Brink of Change: Seven Continents, Twenty-Five Years
2025-11-13 16:39:13 | INFO     | src.database.mongodb:insert_book:77 - Inserted new book: Greek Mythic History (ID: 6915df81ab77a3ff4810a5e3)
2025-11-13 16:39:13 | INFO     | src.crawler.scraper:_crawl_book:233 - Inserted new book: Greek Mythic History
2025-11-13 16:39:13 | INFO     | src.database.mongodb:insert_book:77 - Inserted new book: Eight Hundred Grapes (ID: 6915df81ab77a3ff4810a5e5)
2025-11-13 16:39:13 | INFO     | src.crawler.scraper:_crawl_book:233 - Inserted new book: Eight Hundred Grapes
2025-11-13 16:39:13 | INFO     | src.database.mongodb:insert_book:77 - Inserted new book: Eligible (The Austen Project #4) (ID: 6915df81ab77a3ff4810a5e4)
2025-11-13 16:39:13 | INFO     | src.crawler.scraper:_crawl_book:233 - Inserted new book: Eligible (The Austen Project #4)
2025-11-13 16:39:13 | INFO     | src.database.mongodb:insert_book:77 - Inserted new book: Eaternity: More than 150 Deliciously Easy Vegan Recipes for a Long, Healthy, Satisfied, Joyful Life (ID: 6915df81ab77a3ff4810a5e6)
2025-11-13 16:39:13 | INFO     | src.crawler.scraper:_crawl_book:233 - Inserted new book: Eaternity: More than 150 Deliciously Easy Vegan Recipes for a Long, Healthy, Satisfied, Joyful Life
2025-11-13 16:39:13 | INFO     | src.database.mongodb:insert_book:77 - Inserted new book: Eat Fat, Get Thin (ID: 6915df81ab77a3ff4810a5e7)
2025-11-13 16:39:13 | INFO     | src.crawler.scraper:_crawl_book:233 - Inserted new book: Eat Fat, Get Thin
2025-11-13 16:39:13 | INFO     | src.database.mongodb:insert_book:77 - Inserted new book: Don't Get Caught (ID: 6915df81ab77a3ff4810a5e8)
2025-11-13 16:39:13 | INFO     | src.crawler.scraper:_crawl_book:233 - Inserted new book: Don't Get Caught
2025-11-13 16:39:13 | INFO     | src.database.mongodb:insert_book:77 - Inserted new book: Demigods & Magicians: Percy and Annabeth Meet the Kanes (Percy Jackson & Kane Chronicles Crossover #1-3) (ID: 6915df81ab77a3ff4810a5e9)
2025-11-13 16:39:13 | INFO     | src.crawler.scraper:_crawl_book:233 - Inserted new book: Demigods & Magicians: Percy and Annabeth Meet the Kanes (Percy Jackson & Kane Chronicles Crossover #1-3)
2025-11-13 16:39:13 | INFO     | src.database.mongodb:insert_book:77 - Inserted new book: Doctor Sleep (The Shining #2) (ID: 6915df81ab77a3ff4810a5ea)
2025-11-13 16:39:13 | INFO     | src.crawler.scraper:_crawl_book:233 - Inserted new book: Doctor Sleep (The Shining #2)
2025-11-13 16:39:13 | INFO     | src.database.mongodb:insert_book:77 - Inserted new book: Crazy Love: Overwhelmed by a Relentless God (ID: 6915df81ab77a3ff4810a5eb)
2025-11-13 16:39:13 | INFO     | src.crawler.scraper:_crawl_book:233 - Inserted new book: Crazy Love: Overwhelmed by a Relentless God
2025-11-13 16:39:13 | INFO     | src.database.mongodb:insert_book:77 - Inserted new book: Dear Mr. Knightley (ID: 6915df81ab77a3ff4810a5ec)
2025-11-13 16:39:13 | INFO     | src.crawler.scraper:_crawl_book:233 - Inserted new book: Dear Mr. Knightley
2025-11-13 16:39:13 | INFO     | src.database.mongodb:insert_book:77 - Inserted new book: Daily Fantasy Sports (ID: 6915df81ab77a3ff4810a5ed)
2025-11-13 16:39:13 | INFO     | src.crawler.scraper:_crawl_book:233 - Inserted new book: Daily Fantasy Sports
2025-11-13 16:39:13 | INFO     | src.database.mongodb:insert_book:77 - Inserted new book: Cometh the Hour (The Clifton Chronicles #6) (ID: 6915df81ab77a3ff4810a5ee)
2025-11-13 16:39:13 | INFO     | src.crawler.scraper:_crawl_book:233 - Inserted new book: Cometh the Hour (The Clifton Chronicles #6)
2025-11-13 16:39:13 | INFO     | src.crawler.scraper:_crawl_catalog:125 - Crawling catalog page 17: https://books.toscrape.com/catalogue/page-17.html
2025-11-13 16:39:14 | INFO     | src.crawler.parser:extract_book_links:169 - Extracted 20 book links from page
2025-11-13 16:39:14 | INFO     | src.crawler.scraper:_crawl_catalog:143 - Found 20 new books on page 17
2025-11-13 16:39:14 | INFO     | src.database.mongodb:insert_book:77 - Inserted new book: Code Name Verity (Code Name Verity #1) (ID: 6915df82ab77a3ff4810a5ef)
2025-11-13 16:39:14 | INFO     | src.crawler.scraper:_crawl_book:233 - Inserted new book: Code Name Verity (Code Name Verity #1)
2025-11-13 16:39:14 | INFO     | src.database.mongodb:insert_book:77 - Inserted new book: Clockwork Angel (The Infernal Devices #1) (ID: 6915df82ab77a3ff4810a5f0)
2025-11-13 16:39:14 | INFO     | src.crawler.scraper:_crawl_book:233 - Inserted new book: Clockwork Angel (The Infernal Devices #1)
2025-11-13 16:39:14 | INFO     | src.database.mongodb:insert_book:77 - Inserted new book: City of Bones (The Mortal Instruments #1) (ID: 6915df82ab77a3ff4810a5f1)
2025-11-13 16:39:14 | INFO     | src.crawler.scraper:_crawl_book:233 - Inserted new book: City of Bones (The Mortal Instruments #1)
2025-11-13 16:39:14 | INFO     | src.database.mongodb:insert_book:77 - Inserted new book: Catching Jordan (Hundred Oaks) (ID: 6915df82ab77a3ff4810a5f2)
2025-11-13 16:39:14 | INFO     | src.crawler.scraper:_crawl_book:233 - Inserted new book: Catching Jordan (Hundred Oaks)
2025-11-13 16:39:14 | INFO     | src.database.mongodb:insert_book:77 - Inserted new book: Buying In: The Secret Dialogue Between What We Buy and Who We Are (ID: 6915df82ab77a3ff4810a5f3)
2025-11-13 16:39:14 | INFO     | src.crawler.scraper:_crawl_book:233 - Inserted new book: Buying In: The Secret Dialogue Between What We Buy and Who We Are
2025-11-13 16:39:14 | INFO     | src.database.mongodb:insert_book:77 - Inserted new book: City of Ashes (The Mortal Instruments #2) (ID: 6915df82ab77a3ff4810a5f4)
2025-11-13 16:39:14 | INFO     | src.crawler.scraper:_crawl_book:233 - Inserted new book: City of Ashes (The Mortal Instruments #2)
2025-11-13 16:39:14 | INFO     | src.database.mongodb:insert_book:77 - Inserted new book: Carrie (ID: 6915df82ab77a3ff4810a5f5)
2025-11-13 16:39:14 | INFO     | src.crawler.scraper:_crawl_book:233 - Inserted new book: Carrie
2025-11-13 16:39:14 | INFO     | src.database.mongodb:insert_book:77 - Inserted new book: City of Fallen Angels (The Mortal Instruments #4) (ID: 6915df82ab77a3ff4810a5f6)
2025-11-13 16:39:14 | INFO     | src.crawler.scraper:_crawl_book:233 - Inserted new book: City of Fallen Angels (The Mortal Instruments #4)
2025-11-13 16:39:14 | INFO     | src.database.mongodb:insert_book:77 - Inserted new book: Carry On, Warrior: Thoughts on Life Unarmed (ID: 6915df82ab77a3ff4810a5f7)
2025-11-13 16:39:14 | INFO     | src.crawler.scraper:_crawl_book:233 - Inserted new book: Carry On, Warrior: Thoughts on Life Unarmed
2025-11-13 16:39:14 | INFO     | src.database.mongodb:insert_book:77 - Inserted new book: City of Glass (The Mortal Instruments #3) (ID: 6915df82ab77a3ff4810a5f8)
2025-11-13 16:39:14 | INFO     | src.crawler.scraper:_crawl_book:233 - Inserted new book: City of Glass (The Mortal Instruments #3)
2025-11-13 16:39:15 | INFO     | src.database.mongodb:insert_book:77 - Inserted new book: Cell (ID: 6915df82ab77a3ff4810a5f9)
2025-11-13 16:39:15 | INFO     | src.crawler.scraper:_crawl_book:233 - Inserted new book: Cell
2025-11-13 16:39:15 | INFO     | src.database.mongodb:insert_book:77 - Inserted new book: Brain on Fire: My Month of Madness (ID: 6915df83ab77a3ff4810a5fa)
2025-11-13 16:39:15 | INFO     | src.crawler.scraper:_crawl_book:233 - Inserted new book: Brain on Fire: My Month of Madness
2025-11-13 16:39:15 | INFO     | src.database.mongodb:insert_book:77 - Inserted new book: Batman: Europa (ID: 6915df83ab77a3ff4810a5fb)
2025-11-13 16:39:15 | INFO     | src.crawler.scraper:_crawl_book:233 - Inserted new book: Batman: Europa
2025-11-13 16:39:15 | INFO     | src.database.mongodb:insert_book:77 - Inserted new book: Barefoot Contessa Back to Basics (ID: 6915df83ab77a3ff4810a5fc)
2025-11-13 16:39:15 | INFO     | src.crawler.scraper:_crawl_book:233 - Inserted new book: Barefoot Contessa Back to Basics
2025-11-13 16:39:15 | INFO     | src.database.mongodb:insert_book:77 - Inserted new book: Barefoot Contessa at Home: Everyday Recipes You'll Make Over and Over Again (ID: 6915df83ab77a3ff4810a5fd)
2025-11-13 16:39:15 | INFO     | src.crawler.scraper:_crawl_book:233 - Inserted new book: Barefoot Contessa at Home: Everyday Recipes You'll Make Over and Over Again
2025-11-13 16:39:15 | INFO     | src.database.mongodb:insert_book:77 - Inserted new book: Balloon Animals (ID: 6915df83ab77a3ff4810a5fe)
2025-11-13 16:39:15 | INFO     | src.crawler.scraper:_crawl_book:233 - Inserted new book: Balloon Animals
2025-11-13 16:39:15 | INFO     | src.database.mongodb:insert_book:77 - Inserted new book: Art Ops Vol. 1 (ID: 6915df83ab77a3ff4810a5ff)
2025-11-13 16:39:15 | INFO     | src.crawler.scraper:_crawl_book:233 - Inserted new book: Art Ops Vol. 1
2025-11-13 16:39:15 | INFO     | src.database.mongodb:insert_book:77 - Inserted new book: Aristotle and Dante Discover the Secrets of the Universe (Aristotle and Dante Discover the Secrets of the Universe #1) (ID: 6915df83ab77a3ff4810a600)
2025-11-13 16:39:15 | INFO     | src.crawler.scraper:_crawl_book:233 - Inserted new book: Aristotle and Dante Discover the Secrets of the Universe (Aristotle and Dante Discover the Secrets of the Universe #1)
2025-11-13 16:39:15 | INFO     | src.database.mongodb:insert_book:77 - Inserted new book: Angels Walking (Angels Walking #1) (ID: 6915df83ab77a3ff4810a601)
2025-11-13 16:39:15 | INFO     | src.crawler.scraper:_crawl_book:233 - Inserted new book: Angels Walking (Angels Walking #1)
2025-11-13 16:39:15 | INFO     | src.database.mongodb:insert_book:77 - Inserted new book: Angels & Demons (Robert Langdon #1) (ID: 6915df83ab77a3ff4810a602)
2025-11-13 16:39:15 | INFO     | src.crawler.scraper:_crawl_book:233 - Inserted new book: Angels & Demons (Robert Langdon #1)
2025-11-13 16:39:15 | INFO     | src.crawler.scraper:_crawl_catalog:125 - Crawling catalog page 18: https://books.toscrape.com/catalogue/page-18.html
2025-11-13 16:39:15 | INFO     | src.crawler.parser:extract_book_links:169 - Extracted 20 book links from page
2025-11-13 16:39:15 | INFO     | src.crawler.scraper:_crawl_catalog:143 - Found 20 new books on page 18
2025-11-13 16:39:16 | INFO     | src.database.mongodb:insert_book:77 - Inserted new book: All the Light We Cannot See (ID: 6915df84ab77a3ff4810a603)
2025-11-13 16:39:16 | INFO     | src.crawler.scraper:_crawl_book:233 - Inserted new book: All the Light We Cannot See
2025-11-13 16:39:16 | INFO     | src.database.mongodb:insert_book:77 - Inserted new book: Adulthood Is a Myth: A "Sarah's Scribbles" Collection (ID: 6915df84ab77a3ff4810a604)
2025-11-13 16:39:16 | INFO     | src.crawler.scraper:_crawl_book:233 - Inserted new book: Adulthood Is a Myth: A "Sarah's Scribbles" Collection
2025-11-13 16:39:16 | INFO     | src.database.mongodb:insert_book:77 - Inserted new book: A Series of Catastrophes and Miracles: A True Story of Love, Science, and Cancer (ID: 6915df84ab77a3ff4810a607)
2025-11-13 16:39:16 | INFO     | src.crawler.scraper:_crawl_book:233 - Inserted new book: A Series of Catastrophes and Miracles: A True Story of Love, Science, and Cancer
2025-11-13 16:39:16 | INFO     | src.database.mongodb:insert_book:77 - Inserted new book: A Brush of Wings (Angels Walking #3) (ID: 6915df84ab77a3ff4810a608)
2025-11-13 16:39:16 | INFO     | src.crawler.scraper:_crawl_book:233 - Inserted new book: A Brush of Wings (Angels Walking #3)
2025-11-13 16:39:16 | INFO     | src.database.mongodb:insert_book:77 - Inserted new book: 1491: New Revelations of the Americas Before Columbus (ID: 6915df84ab77a3ff4810a60b)
2025-11-13 16:39:16 | INFO     | src.crawler.scraper:_crawl_book:233 - Inserted new book: 1491: New Revelations of the Americas Before Columbus
2025-11-13 16:39:16 | INFO     | src.database.mongodb:insert_book:77 - Inserted new book: A People's History of the United States (ID: 6915df84ab77a3ff4810a60d)
2025-11-13 16:39:16 | INFO     | src.crawler.scraper:_crawl_book:233 - Inserted new book: A People's History of the United States
2025-11-13 16:39:16 | INFO     | src.database.mongodb:insert_book:77 - Inserted new book: A Time of Torment (Charlie Parker #14) (ID: 6915df84ab77a3ff4810a609)
2025-11-13 16:39:16 | INFO     | src.crawler.scraper:_crawl_book:233 - Inserted new book: A Time of Torment (Charlie Parker #14)
2025-11-13 16:39:16 | INFO     | src.database.mongodb:insert_book:77 - Inserted new book: Abstract City (ID: 6915df84ab77a3ff4810a60c)
2025-11-13 16:39:16 | INFO     | src.crawler.scraper:_crawl_book:233 - Inserted new book: Abstract City
2025-11-13 16:39:16 | INFO     | src.database.mongodb:insert_book:77 - Inserted new book: A Distant Mirror: The Calamitous 14th Century (ID: 6915df84ab77a3ff4810a60a)
2025-11-13 16:39:16 | INFO     | src.crawler.scraper:_crawl_book:233 - Inserted new book: A Distant Mirror: The Calamitous 14th Century
2025-11-13 16:39:16 | INFO     | src.database.mongodb:insert_book:77 - Inserted new book: The Three Searches, Meaning, and the Story (ID: 6915df84ab77a3ff4810a60e)
2025-11-13 16:39:16 | INFO     | src.crawler.scraper:_crawl_book:233 - Inserted new book: The Three Searches, Meaning, and the Story
2025-11-13 16:39:16 | INFO     | src.database.mongodb:insert_book:77 - Inserted new book: Searching for Meaning in Gailana (ID: 6915df84ab77a3ff4810a60f)
2025-11-13 16:39:16 | INFO     | src.crawler.scraper:_crawl_book:233 - Inserted new book: Searching for Meaning in Gailana
2025-11-13 16:39:16 | INFO     | src.database.mongodb:insert_book:77 - Inserted new book: A Study in Scarlet (Sherlock Holmes #1) (ID: 6915df84ab77a3ff4810a605)
2025-11-13 16:39:16 | INFO     | src.crawler.scraper:_crawl_book:233 - Inserted new book: A Study in Scarlet (Sherlock Holmes #1)
2025-11-13 16:39:16 | INFO     | src.database.mongodb:insert_book:77 - Inserted new book: A Man Called Ove (ID: 6915df84ab77a3ff4810a606)
2025-11-13 16:39:16 | INFO     | src.crawler.scraper:_crawl_book:233 - Inserted new book: A Man Called Ove
2025-11-13 16:39:16 | INFO     | src.database.mongodb:insert_book:77 - Inserted new book: Rook (ID: 6915df84ab77a3ff4810a610)
2025-11-13 16:39:16 | INFO     | src.crawler.scraper:_crawl_book:233 - Inserted new book: Rook
2025-11-13 16:39:16 | INFO     | src.database.mongodb:insert_book:77 - Inserted new book: My Kitchen Year: 136 Recipes That Saved My Life (ID: 6915df84ab77a3ff4810a611)
2025-11-13 16:39:16 | INFO     | src.crawler.scraper:_crawl_book:233 - Inserted new book: My Kitchen Year: 136 Recipes That Saved My Life
2025-11-13 16:39:16 | INFO     | src.database.mongodb:insert_book:77 - Inserted new book: Tipping Point for Planet Earth: How Close Are We to the Edge? (ID: 6915df84ab77a3ff4810a612)
2025-11-13 16:39:16 | INFO     | src.crawler.scraper:_crawl_book:233 - Inserted new book: Tipping Point for Planet Earth: How Close Are We to the Edge?
2025-11-13 16:39:16 | INFO     | src.database.mongodb:insert_book:77 - Inserted new book: Will You Won't You Want Me? (ID: 6915df84ab77a3ff4810a613)
2025-11-13 16:39:16 | INFO     | src.crawler.scraper:_crawl_book:233 - Inserted new book: Will You Won't You Want Me?
2025-11-13 16:39:16 | INFO     | src.database.mongodb:insert_book:77 - Inserted new book: 13 Hours: The Inside Account of What Really Happened In Benghazi (ID: 6915df84ab77a3ff4810a614)
2025-11-13 16:39:16 | INFO     | src.crawler.scraper:_crawl_book:233 - Inserted new book: 13 Hours: The Inside Account of What Really Happened In Benghazi
2025-11-13 16:39:16 | INFO     | src.database.mongodb:insert_book:77 - Inserted new book: The Star-Touched Queen (ID: 6915df84ab77a3ff4810a615)
2025-11-13 16:39:16 | INFO     | src.crawler.scraper:_crawl_book:233 - Inserted new book: The Star-Touched Queen
2025-11-13 16:39:16 | INFO     | src.database.mongodb:insert_book:77 - Inserted new book: The Silent Sister (Riley MacPherson #1) (ID: 6915df84ab77a3ff4810a616)
2025-11-13 16:39:16 | INFO     | src.crawler.scraper:_crawl_book:233 - Inserted new book: The Silent Sister (Riley MacPherson #1)
2025-11-13 16:39:16 | INFO     | src.crawler.scraper:_crawl_catalog:125 - Crawling catalog page 19: https://books.toscrape.com/catalogue/page-19.html
2025-11-13 16:39:17 | INFO     | src.crawler.parser:extract_book_links:169 - Extracted 20 book links from page
2025-11-13 16:39:17 | INFO     | src.crawler.scraper:_crawl_catalog:143 - Found 20 new books on page 19
2025-11-13 16:39:17 | INFO     | src.database.mongodb:insert_book:77 - Inserted new book: The Midnight Watch: A Novel of the Titanic and the Californian (ID: 6915df85ab77a3ff4810a617)
2025-11-13 16:39:17 | INFO     | src.crawler.scraper:_crawl_book:233 - Inserted new book: The Midnight Watch: A Novel of the Titanic and the Californian
2025-11-13 16:39:18 | INFO     | src.database.mongodb:insert_book:77 - Inserted new book: The Children (ID: 6915df85ab77a3ff4810a619)
2025-11-13 16:39:18 | INFO     | src.crawler.scraper:_crawl_book:233 - Inserted new book: The Children
2025-11-13 16:39:18 | INFO     | src.database.mongodb:insert_book:77 - Inserted new book: The Epidemic (The Program 0.6) (ID: 6915df85ab77a3ff4810a618)
2025-11-13 16:39:18 | INFO     | src.crawler.scraper:_crawl_book:233 - Inserted new book: The Epidemic (The Program 0.6)
2025-11-13 16:39:18 | INFO     | src.database.mongodb:insert_book:77 - Inserted new book: The Lonely City: Adventures in the Art of Being Alone (ID: 6915df86ab77a3ff4810a61c)
2025-11-13 16:39:18 | INFO     | src.crawler.scraper:_crawl_book:233 - Inserted new book: The Lonely City: Adventures in the Art of Being Alone
2025-11-13 16:39:18 | INFO     | src.database.mongodb:insert_book:77 - Inserted new book: The Golden Condom: And Other Essays on Love Lost and Found (ID: 6915df86ab77a3ff4810a61e)
2025-11-13 16:39:18 | INFO     | src.crawler.scraper:_crawl_book:233 - Inserted new book: The Golden Condom: And Other Essays on Love Lost and Found
2025-11-13 16:39:18 | INFO     | src.database.mongodb:insert_book:77 - Inserted new book: Raspberry Pi Electronics Projects for the Evil Genius (ID: 6915df86ab77a3ff4810a61d)
2025-11-13 16:39:18 | INFO     | src.crawler.scraper:_crawl_book:233 - Inserted new book: Raspberry Pi Electronics Projects for the Evil Genius
2025-11-13 16:39:18 | INFO     | src.database.mongodb:insert_book:77 - Inserted new book: The Dinner Party (ID: 6915df85ab77a3ff4810a61a)
2025-11-13 16:39:18 | INFO     | src.crawler.scraper:_crawl_book:233 - Inserted new book: The Dinner Party
2025-11-13 16:39:18 | INFO     | src.database.mongodb:insert_book:77 - Inserted new book: Snatched: How A Drug Queen Went Undercover for the DEA and Was Kidnapped By Colombian Guerillas (ID: 6915df85ab77a3ff4810a61b)
2025-11-13 16:39:18 | INFO     | src.crawler.scraper:_crawl_book:233 - Inserted new book: Snatched: How A Drug Queen Went Undercover for the DEA and Was Kidnapped By Colombian Guerillas
2025-11-13 16:39:18 | INFO     | src.database.mongodb:insert_book:77 - Inserted new book: Stars Above (The Lunar Chronicles #4.5) (ID: 6915df86ab77a3ff4810a61f)
2025-11-13 16:39:18 | INFO     | src.crawler.scraper:_crawl_book:233 - Inserted new book: Stars Above (The Lunar Chronicles #4.5)
2025-11-13 16:39:18 | INFO     | src.database.mongodb:insert_book:77 - Inserted new book: The Diary of a Young Girl (ID: 6915df86ab77a3ff4810a621)
2025-11-13 16:39:18 | INFO     | src.crawler.scraper:_crawl_book:233 - Inserted new book: The Diary of a Young Girl
2025-11-13 16:39:18 | INFO     | src.database.mongodb:insert_book:77 - Inserted new book: The Gray Rhino: How to Recognize and Act on the Obvious Dangers We Ignore (ID: 6915df86ab77a3ff4810a620)
2025-11-13 16:39:18 | INFO     | src.crawler.scraper:_crawl_book:233 - Inserted new book: The Gray Rhino: How to Recognize and Act on the Obvious Dangers We Ignore
2025-11-13 16:39:18 | INFO     | src.database.mongodb:insert_book:77 - Inserted new book: Psycho: Sanitarium (Psycho #1.5) (ID: 6915df86ab77a3ff4810a622)
2025-11-13 16:39:18 | INFO     | src.crawler.scraper:_crawl_book:233 - Inserted new book: Psycho: Sanitarium (Psycho #1.5)
2025-11-13 16:39:18 | INFO     | src.database.mongodb:insert_book:77 - Inserted new book: Murder at the 42nd Street Library (Raymond Ambler #1) (ID: 6915df86ab77a3ff4810a623)
2025-11-13 16:39:18 | INFO     | src.crawler.scraper:_crawl_book:233 - Inserted new book: Murder at the 42nd Street Library (Raymond Ambler #1)
2025-11-13 16:39:18 | INFO     | src.database.mongodb:insert_book:77 - Inserted new book: Quench Your Own Thirst: Business Lessons Learned Over a Beer or Two (ID: 6915df86ab77a3ff4810a624)
2025-11-13 16:39:18 | INFO     | src.crawler.scraper:_crawl_book:233 - Inserted new book: Quench Your Own Thirst: Business Lessons Learned Over a Beer or Two
2025-11-13 16:39:18 | INFO     | src.database.mongodb:insert_book:77 - Inserted new book: Poisonous (Max Revere Novels #3) (ID: 6915df86ab77a3ff4810a625)
2025-11-13 16:39:18 | INFO     | src.crawler.scraper:_crawl_book:233 - Inserted new book: Poisonous (Max Revere Novels #3)
2025-11-13 16:39:18 | INFO     | src.database.mongodb:insert_book:77 - Inserted new book: Love, Lies and Spies (ID: 6915df86ab77a3ff4810a628)
2025-11-13 16:39:18 | INFO     | src.crawler.scraper:_crawl_book:233 - Inserted new book: Love, Lies and Spies
2025-11-13 16:39:18 | INFO     | src.database.mongodb:insert_book:77 - Inserted new book: No Love Allowed (Dodge Cove #1) (ID: 6915df86ab77a3ff4810a626)
2025-11-13 16:39:18 | INFO     | src.crawler.scraper:_crawl_book:233 - Inserted new book: No Love Allowed (Dodge Cove #1)
2025-11-13 16:39:18 | INFO     | src.database.mongodb:insert_book:77 - Inserted new book: One with You (Crossfire #5) (ID: 6915df86ab77a3ff4810a629)
2025-11-13 16:39:18 | INFO     | src.crawler.scraper:_crawl_book:233 - Inserted new book: One with You (Crossfire #5)
2025-11-13 16:39:18 | INFO     | src.database.mongodb:insert_book:77 - Inserted new book: How to Speak Golf: An Illustrated Guide to Links Lingo (ID: 6915df86ab77a3ff4810a627)
2025-11-13 16:39:18 | INFO     | src.crawler.scraper:_crawl_book:233 - Inserted new book: How to Speak Golf: An Illustrated Guide to Links Lingo
2025-11-13 16:39:18 | INFO     | src.database.mongodb:insert_book:77 - Inserted new book: Most Wanted (ID: 6915df86ab77a3ff4810a62a)
2025-11-13 16:39:18 | INFO     | src.crawler.scraper:_crawl_book:233 - Inserted new book: Most Wanted
2025-11-13 16:39:18 | INFO     | src.crawler.scraper:_crawl_catalog:125 - Crawling catalog page 20: https://books.toscrape.com/catalogue/page-20.html
2025-11-13 16:39:19 | INFO     | src.crawler.parser:extract_book_links:169 - Extracted 20 book links from page
2025-11-13 16:39:19 | INFO     | src.crawler.scraper:_crawl_catalog:143 - Found 20 new books on page 20
2025-11-13 16:39:19 | INFO     | src.database.mongodb:insert_book:77 - Inserted new book: Hide Away (Eve Duncan #20) (ID: 6915df87ab77a3ff4810a62b)
2025-11-13 16:39:19 | INFO     | src.crawler.scraper:_crawl_book:233 - Inserted new book: Hide Away (Eve Duncan #20)
2025-11-13 16:39:20 | INFO     | src.database.mongodb:insert_book:77 - Inserted new book: Furiously Happy: A Funny Book About Horrible Things (ID: 6915df87ab77a3ff4810a62c)
2025-11-13 16:39:20 | INFO     | src.crawler.scraper:_crawl_book:233 - Inserted new book: Furiously Happy: A Funny Book About Horrible Things
2025-11-13 16:39:20 | INFO     | src.database.mongodb:insert_book:77 - Inserted new book: Eleanor & Park (ID: 6915df87ab77a3ff4810a62d)
2025-11-13 16:39:20 | INFO     | src.crawler.scraper:_crawl_book:233 - Inserted new book: Eleanor & Park
2025-11-13 16:39:20 | INFO     | src.database.mongodb:insert_book:77 - Inserted new book: Dirty (Dive Bar #1) (ID: 6915df87ab77a3ff4810a62f)
2025-11-13 16:39:20 | INFO     | src.crawler.scraper:_crawl_book:233 - Inserted new book: Dirty (Dive Bar #1)
2025-11-13 16:39:20 | INFO     | src.database.mongodb:insert_book:77 - Inserted new book: Boar Island (Anna Pigeon #19) (ID: 6915df87ab77a3ff4810a62e)
2025-11-13 16:39:20 | INFO     | src.crawler.scraper:_crawl_book:233 - Inserted new book: Boar Island (Anna Pigeon #19)
2025-11-13 16:39:20 | INFO     | src.database.mongodb:insert_book:77 - Inserted new book: A la Mode: 120 Recipes in 60 Pairings: Pies, Tarts, Cakes, Crisps, and More Topped with Ice Cream, Gelato, Frozen Custard, and More (ID: 6915df88ab77a3ff4810a630)
2025-11-13 16:39:20 | INFO     | src.crawler.scraper:_crawl_book:233 - Inserted new book: A la Mode: 120 Recipes in 60 Pairings: Pies, Tarts, Cakes, Crisps, and More Topped with Ice Cream, Gelato, Frozen Custard, and More
2025-11-13 16:39:20 | INFO     | src.database.mongodb:insert_book:77 - Inserted new book: Everyday Italian: 125 Simple and Delicious Recipes (ID: 6915df88ab77a3ff4810a634)
2025-11-13 16:39:20 | INFO     | src.crawler.scraper:_crawl_book:233 - Inserted new book: Everyday Italian: 125 Simple and Delicious Recipes
2025-11-13 16:39:20 | INFO     | src.database.mongodb:insert_book:77 - Inserted new book: Can You Keep a Secret? (Fear Street Relaunch #4) (ID: 6915df88ab77a3ff4810a635)
2025-11-13 16:39:20 | INFO     | src.crawler.scraper:_crawl_book:233 - Inserted new book: Can You Keep a Secret? (Fear Street Relaunch #4)
2025-11-13 16:39:20 | INFO     | src.database.mongodb:insert_book:77 - Inserted new book: A Paris Apartment (ID: 6915df88ab77a3ff4810a633)
2025-11-13 16:39:20 | INFO     | src.crawler.scraper:_crawl_book:233 - Inserted new book: A Paris Apartment
2025-11-13 16:39:20 | INFO     | src.database.mongodb:insert_book:77 - Inserted new book: Equal Is Unfair: America's Misguided Fight Against Income Inequality (ID: 6915df88ab77a3ff4810a632)
2025-11-13 16:39:20 | INFO     | src.crawler.scraper:_crawl_book:233 - Inserted new book: Equal Is Unfair: America's Misguided Fight Against Income Inequality
2025-11-13 16:39:20 | INFO     | src.database.mongodb:insert_book:77 - Inserted new book: Troublemaker: Surviving Hollywood and Scientology (ID: 6915df88ab77a3ff4810a631)
2025-11-13 16:39:20 | INFO     | src.crawler.scraper:_crawl_book:233 - Inserted new book: Troublemaker: Surviving Hollywood and Scientology
2025-11-13 16:39:20 | INFO     | src.database.mongodb:insert_book:77 - Inserted new book: The Widow (ID: 6915df88ab77a3ff4810a636)
2025-11-13 16:39:20 | INFO     | src.crawler.scraper:_crawl_book:233 - Inserted new book: The Widow
2025-11-13 16:39:20 | INFO     | src.database.mongodb:insert_book:77 - Inserted new book: The Sleep Revolution: Transforming Your Life, One Night at a Time (ID: 6915df88ab77a3ff4810a637)
2025-11-13 16:39:20 | INFO     | src.crawler.scraper:_crawl_book:233 - Inserted new book: The Sleep Revolution: Transforming Your Life, One Night at a Time
2025-11-13 16:39:20 | INFO     | src.database.mongodb:insert_book:77 - Inserted new book: The Improbability of Love (ID: 6915df88ab77a3ff4810a638)
2025-11-13 16:39:20 | INFO     | src.crawler.scraper:_crawl_book:233 - Inserted new book: The Improbability of Love
2025-11-13 16:39:20 | INFO     | src.database.mongodb:insert_book:77 - Inserted new book: Take Me Home Tonight (Rock Star Romance #3) (ID: 6915df88ab77a3ff4810a639)
2025-11-13 16:39:20 | INFO     | src.crawler.scraper:_crawl_book:233 - Inserted new book: Take Me Home Tonight (Rock Star Romance #3)
2025-11-13 16:39:20 | INFO     | src.database.mongodb:insert_book:77 - Inserted new book: Sleeping Giants (Themis Files #1) (ID: 6915df88ab77a3ff4810a63a)
2025-11-13 16:39:20 | INFO     | src.crawler.scraper:_crawl_book:233 - Inserted new book: Sleeping Giants (Themis Files #1)
2025-11-13 16:39:20 | INFO     | src.database.mongodb:insert_book:77 - Inserted new book: The Art of Startup Fundraising (ID: 6915df88ab77a3ff4810a63c)
2025-11-13 16:39:20 | INFO     | src.crawler.scraper:_crawl_book:233 - Inserted new book: The Art of Startup Fundraising
2025-11-13 16:39:20 | INFO     | src.database.mongodb:insert_book:77 - Inserted new book: Playing with Fire (ID: 6915df88ab77a3ff4810a63b)
2025-11-13 16:39:20 | INFO     | src.crawler.scraper:_crawl_book:233 - Inserted new book: Playing with Fire
2025-11-13 16:39:20 | INFO     | src.database.mongodb:insert_book:77 - Inserted new book: Off the Hook (Fishing for Trouble #1) (ID: 6915df88ab77a3ff4810a63d)
2025-11-13 16:39:20 | INFO     | src.crawler.scraper:_crawl_book:233 - Inserted new book: Off the Hook (Fishing for Trouble #1)
2025-11-13 16:39:20 | INFO     | src.database.mongodb:insert_book:77 - Inserted new book: Setting the World on Fire: The Brief, Astonishing Life of St. Catherine of Siena (ID: 6915df88ab77a3ff4810a63e)
2025-11-13 16:39:20 | INFO     | src.crawler.scraper:_crawl_book:233 - Inserted new book: Setting the World on Fire: The Brief, Astonishing Life of St. Catherine of Siena
2025-11-13 16:39:20 | INFO     | src.crawler.scraper:_crawl_catalog:125 - Crawling catalog page 21: https://books.toscrape.com/catalogue/page-21.html
2025-11-13 16:39:21 | INFO     | src.crawler.parser:extract_book_links:169 - Extracted 20 book links from page
2025-11-13 16:39:21 | INFO     | src.crawler.scraper:_crawl_catalog:143 - Found 20 new books on page 21
2025-11-13 16:39:21 | INFO     | src.database.mongodb:insert_book:77 - Inserted new book: Mothering Sunday (ID: 6915df89ab77a3ff4810a63f)
2025-11-13 16:39:21 | INFO     | src.crawler.scraper:_crawl_book:233 - Inserted new book: Mothering Sunday
2025-11-13 16:39:21 | INFO     | src.database.mongodb:insert_book:77 - Inserted new book: It Didn't Start with You: How Inherited Family Trauma Shapes Who We Are and How to End the Cycle (ID: 6915df89ab77a3ff4810a642)
2025-11-13 16:39:21 | INFO     | src.crawler.scraper:_crawl_book:233 - Inserted new book: It Didn't Start with You: How Inherited Family Trauma Shapes Who We Are and How to End the Cycle
2025-11-13 16:39:21 | INFO     | src.database.mongodb:insert_book:77 - Inserted new book: Lies and Other Acts of Love (ID: 6915df89ab77a3ff4810a641)
2025-11-13 16:39:21 | INFO     | src.crawler.scraper:_crawl_book:233 - Inserted new book: Lies and Other Acts of Love
2025-11-13 16:39:21 | INFO     | src.database.mongodb:insert_book:77 - Inserted new book: Mother, Can You Not? (ID: 6915df89ab77a3ff4810a640)
2025-11-13 16:39:21 | INFO     | src.crawler.scraper:_crawl_book:233 - Inserted new book: Mother, Can You Not?
2025-11-13 16:39:21 | INFO     | src.database.mongodb:insert_book:77 - Inserted new book: Exit, Pursued by a Bear (ID: 6915df89ab77a3ff4810a643)
2025-11-13 16:39:21 | INFO     | src.crawler.scraper:_crawl_book:233 - Inserted new book: Exit, Pursued by a Bear
2025-11-13 16:39:21 | INFO     | src.database.mongodb:insert_book:77 - Inserted new book: Lab Girl (ID: 6915df89ab77a3ff4810a644)
2025-11-13 16:39:21 | INFO     | src.crawler.scraper:_crawl_book:233 - Inserted new book: Lab Girl
2025-11-13 16:39:21 | INFO     | src.database.mongodb:insert_book:77 - Inserted new book: Keep Me Posted (ID: 6915df89ab77a3ff4810a645)
2025-11-13 16:39:21 | INFO     | src.crawler.scraper:_crawl_book:233 - Inserted new book: Keep Me Posted
2025-11-13 16:39:21 | INFO     | src.database.mongodb:insert_book:77 - Inserted new book: Lilac Girls (ID: 6915df89ab77a3ff4810a647)
2025-11-13 16:39:21 | INFO     | src.crawler.scraper:_crawl_book:233 - Inserted new book: Lilac Girls
2025-11-13 16:39:21 | INFO     | src.database.mongodb:insert_book:77 - Inserted new book: M Train (ID: 6915df89ab77a3ff4810a648)
2025-11-13 16:39:21 | INFO     | src.crawler.scraper:_crawl_book:233 - Inserted new book: M Train
2025-11-13 16:39:21 | INFO     | src.database.mongodb:insert_book:77 - Inserted new book: Grey (Fifty Shades #4) (ID: 6915df89ab77a3ff4810a646)
2025-11-13 16:39:21 | INFO     | src.crawler.scraper:_crawl_book:233 - Inserted new book: Grey (Fifty Shades #4)
2025-11-13 16:39:21 | INFO     | src.database.mongodb:insert_book:77 - Inserted new book: Daredevils (ID: 6915df89ab77a3ff4810a649)
2025-11-13 16:39:21 | INFO     | src.crawler.scraper:_crawl_book:233 - Inserted new book: Daredevils
2025-11-13 16:39:21 | INFO     | src.database.mongodb:insert_book:77 - Inserted new book: Cravings: Recipes for What You Want to Eat (ID: 6915df89ab77a3ff4810a64a)
2025-11-13 16:39:21 | INFO     | src.crawler.scraper:_crawl_book:233 - Inserted new book: Cravings: Recipes for What You Want to Eat
2025-11-13 16:39:22 | INFO     | src.database.mongodb:insert_book:77 - Inserted new book: Arena (ID: 6915df8aab77a3ff4810a64b)
2025-11-13 16:39:22 | INFO     | src.crawler.scraper:_crawl_book:233 - Inserted new book: Arena
2025-11-13 16:39:22 | INFO     | src.database.mongodb:insert_book:77 - Inserted new book: 10% Happier: How I Tamed the Voice in My Head, Reduced Stress Without Losing My Edge, and Found Self-Help That Actually Works (ID: 6915df8aab77a3ff4810a64c)
2025-11-13 16:39:22 | INFO     | src.crawler.scraper:_crawl_book:233 - Inserted new book: 10% Happier: How I Tamed the Voice in My Head, Reduced Stress Without Losing My Edge, and Found Self-Help That Actually Works
2025-11-13 16:39:22 | INFO     | src.database.mongodb:insert_book:77 - Inserted new book: Born for This: How to Find the Work You Were Meant to Do (ID: 6915df8aab77a3ff4810a64d)
2025-11-13 16:39:22 | INFO     | src.crawler.scraper:_crawl_book:233 - Inserted new book: Born for This: How to Find the Work You Were Meant to Do
2025-11-13 16:39:22 | INFO     | src.database.mongodb:insert_book:77 - Inserted new book: A Gentleman's Position (Society of Gentlemen #3) (ID: 6915df8aab77a3ff4810a64e)
2025-11-13 16:39:22 | INFO     | src.crawler.scraper:_crawl_book:233 - Inserted new book: A Gentleman's Position (Society of Gentlemen #3)
2025-11-13 16:39:22 | INFO     | src.database.mongodb:insert_book:77 - Inserted new book: 11/22/63 (ID: 6915df8aab77a3ff4810a64f)
2025-11-13 16:39:22 | INFO     | src.crawler.scraper:_crawl_book:233 - Inserted new book: 11/22/63
2025-11-13 16:39:22 | INFO     | src.database.mongodb:insert_book:77 - Inserted new book: 10-Day Green Smoothie Cleanse: Lose Up to 15 Pounds in 10 Days! (ID: 6915df8aab77a3ff4810a650)
2025-11-13 16:39:22 | INFO     | src.crawler.scraper:_crawl_book:233 - Inserted new book: 10-Day Green Smoothie Cleanse: Lose Up to 15 Pounds in 10 Days!
2025-11-13 16:39:22 | INFO     | src.database.mongodb:insert_book:77 - Inserted new book: A Mother's Reckoning: Living in the Aftermath of Tragedy (ID: 6915df8aab77a3ff4810a651)
2025-11-13 16:39:22 | INFO     | src.crawler.scraper:_crawl_book:233 - Inserted new book: A Mother's Reckoning: Living in the Aftermath of Tragedy
2025-11-13 16:39:22 | INFO     | src.database.mongodb:insert_book:77 - Inserted new book: Adultery (ID: 6915df8aab77a3ff4810a652)
2025-11-13 16:39:22 | INFO     | src.crawler.scraper:_crawl_book:233 - Inserted new book: Adultery
2025-11-13 16:39:22 | INFO     | src.crawler.scraper:_crawl_catalog:125 - Crawling catalog page 22: https://books.toscrape.com/catalogue/page-22.html
2025-11-13 16:39:22 | INFO     | src.crawler.parser:extract_book_links:169 - Extracted 20 book links from page
2025-11-13 16:39:22 | INFO     | src.crawler.scraper:_crawl_catalog:143 - Found 20 new books on page 22
2025-11-13 16:39:23 | INFO     | src.database.mongodb:insert_book:77 - Inserted new book: Without Shame (ID: 6915df8bab77a3ff4810a653)
2025-11-13 16:39:23 | INFO     | src.crawler.scraper:_crawl_book:233 - Inserted new book: Without Shame
2025-11-13 16:39:23 | INFO     | src.database.mongodb:insert_book:77 - Inserted new book: Watchmen (ID: 6915df8bab77a3ff4810a654)
2025-11-13 16:39:23 | INFO     | src.crawler.scraper:_crawl_book:233 - Inserted new book: Watchmen
2025-11-13 16:39:23 | INFO     | src.database.mongodb:insert_book:77 - Inserted new book: The Shack (ID: 6915df8bab77a3ff4810a655)
2025-11-13 16:39:23 | INFO     | src.crawler.scraper:_crawl_book:233 - Inserted new book: The Shack
2025-11-13 16:39:23 | INFO     | src.database.mongodb:insert_book:77 - Inserted new book: The New Brand You: Your New Image Makes the Sale for You (ID: 6915df8bab77a3ff4810a656)
2025-11-13 16:39:23 | INFO     | src.crawler.scraper:_crawl_book:233 - Inserted new book: The New Brand You: Your New Image Makes the Sale for You
2025-11-13 16:39:23 | INFO     | src.database.mongodb:insert_book:77 - Inserted new book: The Book of Mormon (ID: 6915df8bab77a3ff4810a657)
2025-11-13 16:39:23 | INFO     | src.crawler.scraper:_crawl_book:233 - Inserted new book: The Book of Mormon
2025-11-13 16:39:23 | INFO     | src.database.mongodb:insert_book:77 - Inserted new book: The Flowers Lied (ID: 6915df8bab77a3ff4810a658)
2025-11-13 16:39:23 | INFO     | src.crawler.scraper:_crawl_book:233 - Inserted new book: The Flowers Lied
2025-11-13 16:39:23 | INFO     | src.database.mongodb:insert_book:77 - Inserted new book: Unlimited Intuition Now (ID: 6915df8bab77a3ff4810a659)
2025-11-13 16:39:23 | INFO     | src.crawler.scraper:_crawl_book:233 - Inserted new book: Unlimited Intuition Now
2025-11-13 16:39:23 | INFO     | src.database.mongodb:insert_book:77 - Inserted new book: The Moosewood Cookbook: Recipes from Moosewood Restaurant, Ithaca, New York (ID: 6915df8bab77a3ff4810a65a)
2025-11-13 16:39:23 | INFO     | src.crawler.scraper:_crawl_book:233 - Inserted new book: The Moosewood Cookbook: Recipes from Moosewood Restaurant, Ithaca, New York
2025-11-13 16:39:23 | INFO     | src.database.mongodb:insert_book:77 - Inserted new book: The Fabric of the Cosmos: Space, Time, and the Texture of Reality (ID: 6915df8bab77a3ff4810a65b)
2025-11-13 16:39:23 | INFO     | src.crawler.scraper:_crawl_book:233 - Inserted new book: The Fabric of the Cosmos: Space, Time, and the Texture of Reality
2025-11-13 16:39:23 | INFO     | src.database.mongodb:insert_book:77 - Inserted new book: The Art and Science of Low Carbohydrate Living (ID: 6915df8bab77a3ff4810a65d)
2025-11-13 16:39:23 | INFO     | src.crawler.scraper:_crawl_book:233 - Inserted new book: The Art and Science of Low Carbohydrate Living
2025-11-13 16:39:23 | INFO     | src.database.mongodb:insert_book:77 - Inserted new book: Underlying Notes (ID: 6915df8bab77a3ff4810a65c)
2025-11-13 16:39:23 | INFO     | src.crawler.scraper:_crawl_book:233 - Inserted new book: Underlying Notes
2025-11-13 16:39:23 | INFO     | src.database.mongodb:insert_book:77 - Inserted new book: The Alien Club (ID: 6915df8bab77a3ff4810a65e)
2025-11-13 16:39:23 | INFO     | src.crawler.scraper:_crawl_book:233 - Inserted new book: The Alien Club
2025-11-13 16:39:23 | INFO     | src.database.mongodb:insert_book:77 - Inserted new book: Suzie Snowflake: One beautiful flake (a self-esteem story) (ID: 6915df8bab77a3ff4810a65f)
2025-11-13 16:39:23 | INFO     | src.crawler.scraper:_crawl_book:233 - Inserted new book: Suzie Snowflake: One beautiful flake (a self-esteem story)
2025-11-13 16:39:23 | INFO     | src.database.mongodb:insert_book:77 - Inserted new book: Nap-a-Roo (ID: 6915df8bab77a3ff4810a660)
2025-11-13 16:39:23 | INFO     | src.crawler.scraper:_crawl_book:233 - Inserted new book: Nap-a-Roo
2025-11-13 16:39:23 | INFO     | src.database.mongodb:insert_book:77 - Inserted new book: Don't Forget Steven (ID: 6915df8bab77a3ff4810a661)
2025-11-13 16:39:23 | INFO     | src.crawler.scraper:_crawl_book:233 - Inserted new book: Don't Forget Steven
2025-11-13 16:39:23 | INFO     | src.database.mongodb:insert_book:77 - Inserted new book: Dress Your Family in Corduroy and Denim (ID: 6915df8bab77a3ff4810a662)
2025-11-13 16:39:23 | INFO     | src.crawler.scraper:_crawl_book:233 - Inserted new book: Dress Your Family in Corduroy and Denim
2025-11-13 16:39:23 | INFO     | src.database.mongodb:insert_book:77 - Inserted new book: NaNo What Now? Finding your editing process, revising your NaNoWriMo book and building a writing career through publishing and beyond (ID: 6915df8bab77a3ff4810a663)
2025-11-13 16:39:23 | INFO     | src.crawler.scraper:_crawl_book:233 - Inserted new book: NaNo What Now? Finding your editing process, revising your NaNoWriMo book and building a writing career through publishing and beyond
2025-11-13 16:39:23 | INFO     | src.database.mongodb:insert_book:77 - Inserted new book: Modern Day Fables (ID: 6915df8bab77a3ff4810a664)
2025-11-13 16:39:23 | INFO     | src.crawler.scraper:_crawl_book:233 - Inserted new book: Modern Day Fables
2025-11-13 16:39:24 | INFO     | src.database.mongodb:insert_book:77 - Inserted new book: If I Gave You God's Phone Number....: Searching for Spirituality in America (ID: 6915df8cab77a3ff4810a665)
2025-11-13 16:39:24 | INFO     | src.crawler.scraper:_crawl_book:233 - Inserted new book: If I Gave You God's Phone Number....: Searching for Spirituality in America
2025-11-13 16:39:24 | INFO     | src.database.mongodb:insert_book:77 - Inserted new book: Fruits Basket, Vol. 9 (Fruits Basket #9) (ID: 6915df8cab77a3ff4810a666)
2025-11-13 16:39:24 | INFO     | src.crawler.scraper:_crawl_book:233 - Inserted new book: Fruits Basket, Vol. 9 (Fruits Basket #9)
2025-11-13 16:39:24 | INFO     | src.crawler.scraper:_crawl_catalog:125 - Crawling catalog page 23: https://books.toscrape.com/catalogue/page-23.html
2025-11-13 16:39:24 | INFO     | src.crawler.parser:extract_book_links:169 - Extracted 20 book links from page
2025-11-13 16:39:24 | INFO     | src.crawler.scraper:_crawl_catalog:143 - Found 20 new books on page 23
2025-11-13 16:39:25 | INFO     | src.database.mongodb:insert_book:77 - Inserted new book: Chernobyl 01:23:40: The Incredible True Story of the World's Worst Nuclear Disaster (ID: 6915df8dab77a3ff4810a667)
2025-11-13 16:39:25 | INFO     | src.crawler.scraper:_crawl_book:233 - Inserted new book: Chernobyl 01:23:40: The Incredible True Story of the World's Worst Nuclear Disaster
2025-11-13 16:39:25 | INFO     | src.database.mongodb:insert_book:77 - Inserted new book: Art and Fear: Observations on the Perils (and Rewards) of Artmaking (ID: 6915df8dab77a3ff4810a668)
2025-11-13 16:39:25 | INFO     | src.crawler.scraper:_crawl_book:233 - Inserted new book: Art and Fear: Observations on the Perils (and Rewards) of Artmaking
2025-11-13 16:39:25 | INFO     | src.database.mongodb:insert_book:77 - Inserted new book: When Breath Becomes Air (ID: 6915df8dab77a3ff4810a66a)
2025-11-13 16:39:25 | INFO     | src.crawler.scraper:_crawl_book:233 - Inserted new book: When Breath Becomes Air
2025-11-13 16:39:25 | INFO     | src.database.mongodb:insert_book:77 - Inserted new book: 23 Degrees South: A Tropical Tale of Changing Whether... (ID: 6915df8dab77a3ff4810a669)
2025-11-13 16:39:25 | INFO     | src.crawler.scraper:_crawl_book:233 - Inserted new book: 23 Degrees South: A Tropical Tale of Changing Whether...
2025-11-13 16:39:25 | INFO     | src.database.mongodb:insert_book:77 - Inserted new book: Zero to One: Notes on Startups, or How to Build the Future (ID: 6915df8dab77a3ff4810a66c)
2025-11-13 16:39:25 | INFO     | src.crawler.scraper:_crawl_book:233 - Inserted new book: Zero to One: Notes on Startups, or How to Build the Future
2025-11-13 16:39:25 | INFO     | src.database.mongodb:insert_book:77 - Inserted new book: The Unlikely Pilgrimage of Harold Fry (Harold Fry #1) (ID: 6915df8dab77a3ff4810a66b)
2025-11-13 16:39:25 | INFO     | src.crawler.scraper:_crawl_book:233 - Inserted new book: The Unlikely Pilgrimage of Harold Fry (Harold Fry #1)
2025-11-13 16:39:25 | INFO     | src.database.mongodb:insert_book:77 - Inserted new book: Why Not Me? (ID: 6915df8dab77a3ff4810a66d)
2025-11-13 16:39:25 | INFO     | src.crawler.scraper:_crawl_book:233 - Inserted new book: Why Not Me?
2025-11-13 16:39:25 | INFO     | src.database.mongodb:insert_book:77 - Inserted new book: A Shard of Ice (The Black Symphony Saga #1) (ID: 6915df8dab77a3ff4810a66e)
2025-11-13 16:39:25 | INFO     | src.crawler.scraper:_crawl_book:233 - Inserted new book: A Shard of Ice (The Black Symphony Saga #1)
2025-11-13 16:39:25 | INFO     | src.database.mongodb:insert_book:77 - Inserted new book: The New Drawing on the Right Side of the Brain (ID: 6915df8dab77a3ff4810a670)
2025-11-13 16:39:25 | INFO     | src.crawler.scraper:_crawl_book:233 - Inserted new book: The New Drawing on the Right Side of the Brain
2025-11-13 16:39:25 | INFO     | src.database.mongodb:insert_book:77 - Inserted new book: A Hero's Curse (The Unseen Chronicles #1) (ID: 6915df8dab77a3ff4810a66f)
2025-11-13 16:39:25 | INFO     | src.crawler.scraper:_crawl_book:233 - Inserted new book: A Hero's Curse (The Unseen Chronicles #1)
2025-11-13 16:39:25 | INFO     | src.database.mongodb:insert_book:77 - Inserted new book: Vagabonding: An Uncommon Guide to the Art of Long-Term World Travel (ID: 6915df8dab77a3ff4810a671)
2025-11-13 16:39:25 | INFO     | src.crawler.scraper:_crawl_book:233 - Inserted new book: Vagabonding: An Uncommon Guide to the Art of Long-Term World Travel
2025-11-13 16:39:25 | INFO     | src.database.mongodb:insert_book:77 - Inserted new book: The Midnight Assassin: Panic, Scandal, and the Hunt for America's First Serial Killer (ID: 6915df8dab77a3ff4810a672)
2025-11-13 16:39:25 | INFO     | src.crawler.scraper:_crawl_book:233 - Inserted new book: The Midnight Assassin: Panic, Scandal, and the Hunt for America's First Serial Killer
2025-11-13 16:39:25 | INFO     | src.database.mongodb:insert_book:77 - Inserted new book: The High Mountains of Portugal (ID: 6915df8dab77a3ff4810a673)
2025-11-13 16:39:25 | INFO     | src.crawler.scraper:_crawl_book:233 - Inserted new book: The High Mountains of Portugal
2025-11-13 16:39:25 | INFO     | src.database.mongodb:insert_book:77 - Inserted new book: South of Sunshine (ID: 6915df8dab77a3ff4810a674)
2025-11-13 16:39:25 | INFO     | src.crawler.scraper:_crawl_book:233 - Inserted new book: South of Sunshine
2025-11-13 16:39:26 | INFO     | src.database.mongodb:insert_book:77 - Inserted new book: Smarter Faster Better: The Secrets of Being Productive in Life and Business (ID: 6915df8eab77a3ff4810a676)
2025-11-13 16:39:26 | INFO     | src.crawler.scraper:_crawl_book:233 - Inserted new book: Smarter Faster Better: The Secrets of Being Productive in Life and Business
2025-11-13 16:39:26 | INFO     | src.database.mongodb:insert_book:77 - Inserted new book: The Martian (The Martian #1) (ID: 6915df8eab77a3ff4810a675)
2025-11-13 16:39:26 | INFO     | src.crawler.scraper:_crawl_book:233 - Inserted new book: The Martian (The Martian #1)
2025-11-13 16:39:26 | INFO     | src.database.mongodb:insert_book:77 - Inserted new book: The Grownup (ID: 6915df8eab77a3ff4810a677)
2025-11-13 16:39:26 | INFO     | src.crawler.scraper:_crawl_book:233 - Inserted new book: The Grownup
2025-11-13 16:39:26 | INFO     | src.database.mongodb:insert_book:77 - Inserted new book: Silence in the Dark (Logan Point #4) (ID: 6915df8eab77a3ff4810a678)
2025-11-13 16:39:26 | INFO     | src.crawler.scraper:_crawl_book:233 - Inserted new book: Silence in the Dark (Logan Point #4)
2025-11-13 16:39:26 | INFO     | src.database.mongodb:insert_book:77 - Inserted new book: The E-Myth Revisited: Why Most Small Businesses Don't Work and What to Do About It (ID: 6915df8eab77a3ff4810a679)
2025-11-13 16:39:26 | INFO     | src.crawler.scraper:_crawl_book:233 - Inserted new book: The E-Myth Revisited: Why Most Small Businesses Don't Work and What to Do About It
2025-11-13 16:39:26 | INFO     | src.database.mongodb:insert_book:77 - Inserted new book: Shadows of the Past (Logan Point #1) (ID: 6915df8eab77a3ff4810a67a)
2025-11-13 16:39:26 | INFO     | src.crawler.scraper:_crawl_book:233 - Inserted new book: Shadows of the Past (Logan Point #1)
2025-11-13 16:39:26 | INFO     | src.crawler.scraper:_crawl_catalog:125 - Crawling catalog page 24: https://books.toscrape.com/catalogue/page-24.html
2025-11-13 16:39:26 | INFO     | src.crawler.parser:extract_book_links:169 - Extracted 20 book links from page
2025-11-13 16:39:26 | INFO     | src.crawler.scraper:_crawl_catalog:143 - Found 20 new books on page 24
2025-11-13 16:39:26 | INFO     | src.database.mongodb:insert_book:77 - Inserted new book: Roller Girl (ID: 6915df8eab77a3ff4810a67b)
2025-11-13 16:39:26 | INFO     | src.crawler.scraper:_crawl_book:233 - Inserted new book: Roller Girl
2025-11-13 16:39:27 | INFO     | src.database.mongodb:insert_book:77 - Inserted new book: Out of Print: City Lights Spotlight No. 14 (ID: 6915df8fab77a3ff4810a67c)
2025-11-13 16:39:27 | INFO     | src.crawler.scraper:_crawl_book:233 - Inserted new book: Out of Print: City Lights Spotlight No. 14
2025-11-13 16:39:27 | INFO     | src.database.mongodb:insert_book:77 - Inserted new book: Rising Strong (ID: 6915df8fab77a3ff4810a67d)
2025-11-13 16:39:27 | INFO     | src.crawler.scraper:_crawl_book:233 - Inserted new book: Rising Strong
2025-11-13 16:39:27 | INFO     | src.database.mongodb:insert_book:77 - Inserted new book: Man's Search for Meaning (ID: 6915df8fab77a3ff4810a67e)
2025-11-13 16:39:27 | INFO     | src.crawler.scraper:_crawl_book:233 - Inserted new book: Man's Search for Meaning
2025-11-13 16:39:27 | INFO     | src.database.mongodb:insert_book:77 - Inserted new book: My Life Next Door (My Life Next Door ) (ID: 6915df8fab77a3ff4810a67f)
2025-11-13 16:39:27 | INFO     | src.crawler.scraper:_crawl_book:233 - Inserted new book: My Life Next Door (My Life Next Door )
2025-11-13 16:39:27 | INFO     | src.database.mongodb:insert_book:77 - Inserted new book: Miller's Valley (ID: 6915df8fab77a3ff4810a681)
2025-11-13 16:39:27 | INFO     | src.crawler.scraper:_crawl_book:233 - Inserted new book: Miller's Valley
2025-11-13 16:39:27 | INFO     | src.database.mongodb:insert_book:77 - Inserted new book: Living Forward: A Proven Plan to Stop Drifting and Get the Life You Want (ID: 6915df8fab77a3ff4810a680)
2025-11-13 16:39:27 | INFO     | src.crawler.scraper:_crawl_book:233 - Inserted new book: Living Forward: A Proven Plan to Stop Drifting and Get the Life You Want
2025-11-13 16:39:27 | INFO     | src.database.mongodb:insert_book:77 - Inserted new book: Proofs of God: Classical Arguments from Tertullian to Barth (ID: 6915df8fab77a3ff4810a682)
2025-11-13 16:39:27 | INFO     | src.crawler.scraper:_crawl_book:233 - Inserted new book: Proofs of God: Classical Arguments from Tertullian to Barth
2025-11-13 16:39:27 | INFO     | src.database.mongodb:insert_book:77 - Inserted new book: Love That Boy: What Two Presidents, Eight Road Trips, and My Son Taught Me About a Parent's Expectations (ID: 6915df8fab77a3ff4810a683)
2025-11-13 16:39:27 | INFO     | src.crawler.scraper:_crawl_book:233 - Inserted new book: Love That Boy: What Two Presidents, Eight Road Trips, and My Son Taught Me About a Parent's Expectations
2025-11-13 16:39:27 | INFO     | src.database.mongodb:insert_book:77 - Inserted new book: Please Kill Me: The Uncensored Oral History of Punk (ID: 6915df8fab77a3ff4810a684)
2025-11-13 16:39:27 | INFO     | src.crawler.scraper:_crawl_book:233 - Inserted new book: Please Kill Me: The Uncensored Oral History of Punk
2025-11-13 16:39:27 | INFO     | src.database.mongodb:insert_book:77 - Inserted new book: Les Fleurs du Mal (ID: 6915df8fab77a3ff4810a685)
2025-11-13 16:39:27 | INFO     | src.crawler.scraper:_crawl_book:233 - Inserted new book: Les Fleurs du Mal
2025-11-13 16:39:27 | INFO     | src.database.mongodb:insert_book:77 - Inserted new book: Left Behind (Left Behind #1) (ID: 6915df8fab77a3ff4810a686)
2025-11-13 16:39:27 | INFO     | src.crawler.scraper:_crawl_book:233 - Inserted new book: Left Behind (Left Behind #1)
2025-11-13 16:39:27 | INFO     | src.database.mongodb:insert_book:77 - Inserted new book: Kill 'Em and Leave: Searching for James Brown and the American Soul (ID: 6915df8fab77a3ff4810a687)
2025-11-13 16:39:27 | INFO     | src.crawler.scraper:_crawl_book:233 - Inserted new book: Kill 'Em and Leave: Searching for James Brown and the American Soul
2025-11-13 16:39:27 | INFO     | src.database.mongodb:insert_book:77 - Inserted new book: Hystopia: A Novel (ID: 6915df8fab77a3ff4810a688)
2025-11-13 16:39:27 | INFO     | src.crawler.scraper:_crawl_book:233 - Inserted new book: Hystopia: A Novel
2025-11-13 16:39:27 | INFO     | src.database.mongodb:insert_book:77 - Inserted new book: Kierkegaard: A Christian Missionary to Christians (ID: 6915df8fab77a3ff4810a689)
2025-11-13 16:39:27 | INFO     | src.crawler.scraper:_crawl_book:233 - Inserted new book: Kierkegaard: A Christian Missionary to Christians
2025-11-13 16:39:27 | INFO     | src.database.mongodb:insert_book:77 - Inserted new book: I'll Give You the Sun (ID: 6915df8fab77a3ff4810a68a)
2025-11-13 16:39:27 | INFO     | src.crawler.scraper:_crawl_book:233 - Inserted new book: I'll Give You the Sun
2025-11-13 16:39:27 | INFO     | src.database.mongodb:insert_book:77 - Inserted new book: Howl and Other Poems (ID: 6915df8fab77a3ff4810a68b)
2025-11-13 16:39:27 | INFO     | src.crawler.scraper:_crawl_book:233 - Inserted new book: Howl and Other Poems
2025-11-13 16:39:27 | INFO     | src.database.mongodb:insert_book:77 - Inserted new book: John Vassos: Industrial Design for Modern Life (ID: 6915df8fab77a3ff4810a68c)
2025-11-13 16:39:27 | INFO     | src.crawler.scraper:_crawl_book:233 - Inserted new book: John Vassos: Industrial Design for Modern Life
2025-11-13 16:39:27 | INFO     | src.database.mongodb:insert_book:77 - Inserted new book: I Will Find You (ID: 6915df8fab77a3ff4810a68d)
2025-11-13 16:39:27 | INFO     | src.crawler.scraper:_crawl_book:233 - Inserted new book: I Will Find You
2025-11-13 16:39:27 | INFO     | src.database.mongodb:insert_book:77 - Inserted new book: History of Beauty (ID: 6915df8fab77a3ff4810a68e)
2025-11-13 16:39:27 | INFO     | src.crawler.scraper:_crawl_book:233 - Inserted new book: History of Beauty
2025-11-13 16:39:27 | INFO     | src.crawler.scraper:_crawl_catalog:125 - Crawling catalog page 25: https://books.toscrape.com/catalogue/page-25.html
2025-11-13 16:39:28 | INFO     | src.crawler.parser:extract_book_links:169 - Extracted 20 book links from page
2025-11-13 16:39:28 | INFO     | src.crawler.scraper:_crawl_catalog:143 - Found 20 new books on page 25
2025-11-13 16:39:28 | INFO     | src.database.mongodb:insert_book:77 - Inserted new book: Heaven is for Real: A Little Boy's Astounding Story of His Trip to Heaven and Back (ID: 6915df90ab77a3ff4810a68f)
2025-11-13 16:39:28 | INFO     | src.crawler.scraper:_crawl_book:233 - Inserted new book: Heaven is for Real: A Little Boy's Astounding Story of His Trip to Heaven and Back
2025-11-13 16:39:28 | INFO     | src.database.mongodb:insert_book:77 - Inserted new book: Future Shock (Future Shock #1) (ID: 6915df90ab77a3ff4810a690)
2025-11-13 16:39:28 | INFO     | src.crawler.scraper:_crawl_book:233 - Inserted new book: Future Shock (Future Shock #1)
2025-11-13 16:39:28 | INFO     | src.database.mongodb:insert_book:77 - Inserted new book: Death by Leisure: A Cautionary Tale (ID: 6915df90ab77a3ff4810a691)
2025-11-13 16:39:28 | INFO     | src.crawler.scraper:_crawl_book:233 - Inserted new book: Death by Leisure: A Cautionary Tale
2025-11-13 16:39:28 | INFO     | src.database.mongodb:insert_book:77 - Inserted new book: Between the World and Me (ID: 6915df90ab77a3ff4810a692)
2025-11-13 16:39:28 | INFO     | src.crawler.scraper:_crawl_book:233 - Inserted new book: Between the World and Me
2025-11-13 16:39:28 | INFO     | src.database.mongodb:insert_book:77 - Inserted new book: Brilliant Beacons: A History of the American Lighthouse (ID: 6915df90ab77a3ff4810a693)
2025-11-13 16:39:28 | INFO     | src.crawler.scraper:_crawl_book:233 - Inserted new book: Brilliant Beacons: A History of the American Lighthouse
2025-11-13 16:39:28 | INFO     | src.database.mongodb:insert_book:77 - Inserted new book: A Murder Over a Girl: Justice, Gender, Junior High (ID: 6915df90ab77a3ff4810a694)
2025-11-13 16:39:28 | INFO     | src.crawler.scraper:_crawl_book:233 - Inserted new book: A Murder Over a Girl: Justice, Gender, Junior High
2025-11-13 16:39:28 | INFO     | src.database.mongodb:insert_book:77 - Inserted new book: 32 Yolks (ID: 6915df90ab77a3ff4810a695)
2025-11-13 16:39:28 | INFO     | src.crawler.scraper:_crawl_book:233 - Inserted new book: 32 Yolks
2025-11-13 16:39:28 | INFO     | src.database.mongodb:insert_book:77 - Inserted new book: Being Mortal: Medicine and What Matters in the End (ID: 6915df90ab77a3ff4810a696)
2025-11-13 16:39:28 | INFO     | src.crawler.scraper:_crawl_book:233 - Inserted new book: Being Mortal: Medicine and What Matters in the End
2025-11-13 16:39:28 | INFO     | src.database.mongodb:insert_book:77 - Inserted new book: Brazen: The Courage to Find the You That's Been Hiding (ID: 6915df90ab77a3ff4810a699)
2025-11-13 16:39:28 | INFO     | src.crawler.scraper:_crawl_book:233 - Inserted new book: Brazen: The Courage to Find the You That's Been Hiding
2025-11-13 16:39:28 | INFO     | src.database.mongodb:insert_book:77 - Inserted new book: Diary of a Citizen Scientist: Chasing Tiger Beetles and Other New Ways of Engaging the World (ID: 6915df90ab77a3ff4810a697)
2025-11-13 16:39:28 | INFO     | src.crawler.scraper:_crawl_book:233 - Inserted new book: Diary of a Citizen Scientist: Chasing Tiger Beetles and Other New Ways of Engaging the World
2025-11-13 16:39:28 | INFO     | src.database.mongodb:insert_book:77 - Inserted new book: Ender's Game (The Ender Quintet #1) (ID: 6915df90ab77a3ff4810a698)
2025-11-13 16:39:28 | INFO     | src.crawler.scraper:_crawl_book:233 - Inserted new book: Ender's Game (The Ender Quintet #1)
2025-11-13 16:39:29 | INFO     | src.database.mongodb:insert_book:77 - Inserted new book: "Most Blessed of the Patriarchs": Thomas Jefferson and the Empire of the Imagination (ID: 6915df91ab77a3ff4810a69a)
2025-11-13 16:39:29 | INFO     | src.crawler.scraper:_crawl_book:233 - Inserted new book: "Most Blessed of the Patriarchs": Thomas Jefferson and the Empire of the Imagination
2025-11-13 16:39:29 | INFO     | src.database.mongodb:insert_book:77 - Inserted new book: You Are a Badass: How to Stop Doubting Your Greatness and Start Living an Awesome Life (ID: 6915df91ab77a3ff4810a69b)
2025-11-13 16:39:29 | INFO     | src.crawler.scraper:_crawl_book:233 - Inserted new book: You Are a Badass: How to Stop Doubting Your Greatness and Start Living an Awesome Life
2025-11-13 16:39:29 | INFO     | src.database.mongodb:insert_book:77 - Inserted new book: Wildlife of New York: A Five-Borough Coloring Book (ID: 6915df91ab77a3ff4810a69c)
2025-11-13 16:39:29 | INFO     | src.crawler.scraper:_crawl_book:233 - Inserted new book: Wildlife of New York: A Five-Borough Coloring Book
2025-11-13 16:39:29 | INFO     | src.database.mongodb:insert_book:77 - Inserted new book: Under the Tuscan Sun (ID: 6915df91ab77a3ff4810a69d)
2025-11-13 16:39:29 | INFO     | src.crawler.scraper:_crawl_book:233 - Inserted new book: Under the Tuscan Sun
2025-11-13 16:39:29 | INFO     | src.database.mongodb:insert_book:77 - Inserted new book: Toddlers Are A**holes: It's Not Your Fault (ID: 6915df91ab77a3ff4810a69e)
2025-11-13 16:39:29 | INFO     | src.crawler.scraper:_crawl_book:233 - Inserted new book: Toddlers Are A**holes: It's Not Your Fault
2025-11-13 16:39:29 | INFO     | src.database.mongodb:insert_book:77 - Inserted new book: The Whale (ID: 6915df91ab77a3ff4810a69f)
2025-11-13 16:39:29 | INFO     | src.crawler.scraper:_crawl_book:233 - Inserted new book: The Whale
2025-11-13 16:39:29 | INFO     | src.database.mongodb:insert_book:77 - Inserted new book: The Year of Living Biblically: One Man's Humble Quest to Follow the Bible as Literally as Possible (ID: 6915df91ab77a3ff4810a6a0)
2025-11-13 16:39:29 | INFO     | src.crawler.scraper:_crawl_book:233 - Inserted new book: The Year of Living Biblically: One Man's Humble Quest to Follow the Bible as Literally as Possible
2025-11-13 16:39:29 | INFO     | src.database.mongodb:insert_book:77 - Inserted new book: Unreasonable Hope: Finding Faith in the God Who Brings Purpose to Your Pain (ID: 6915df91ab77a3ff4810a6a1)
2025-11-13 16:39:29 | INFO     | src.crawler.scraper:_crawl_book:233 - Inserted new book: Unreasonable Hope: Finding Faith in the God Who Brings Purpose to Your Pain
2025-11-13 16:39:29 | INFO     | src.database.mongodb:insert_book:77 - Inserted new book: What Happened on Beale Street (Secrets of the South Mysteries #2) (ID: 6915df91ab77a3ff4810a6a2)
2025-11-13 16:39:29 | INFO     | src.crawler.scraper:_crawl_book:233 - Inserted new book: What Happened on Beale Street (Secrets of the South Mysteries #2)
2025-11-13 16:39:29 | INFO     | src.crawler.scraper:_crawl_catalog:125 - Crawling catalog page 26: https://books.toscrape.com/catalogue/page-26.html
2025-11-13 16:39:29 | INFO     | src.crawler.parser:extract_book_links:169 - Extracted 20 book links from page
2025-11-13 16:39:29 | INFO     | src.crawler.scraper:_crawl_catalog:143 - Found 20 new books on page 26
2025-11-13 16:39:30 | INFO     | src.database.mongodb:insert_book:77 - Inserted new book: The Story of Art (ID: 6915df92ab77a3ff4810a6a3)
2025-11-13 16:39:30 | INFO     | src.crawler.scraper:_crawl_book:233 - Inserted new book: The Story of Art
2025-11-13 16:39:30 | INFO     | src.database.mongodb:insert_book:77 - Inserted new book: The Origin of Species (ID: 6915df92ab77a3ff4810a6a4)
2025-11-13 16:39:30 | INFO     | src.crawler.scraper:_crawl_book:233 - Inserted new book: The Origin of Species
2025-11-13 16:39:30 | INFO     | src.database.mongodb:insert_book:77 - Inserted new book: The Constant Princess (The Tudor Court #1) (ID: 6915df92ab77a3ff4810a6a5)
2025-11-13 16:39:30 | INFO     | src.crawler.scraper:_crawl_book:233 - Inserted new book: The Constant Princess (The Tudor Court #1)
2025-11-13 16:39:30 | INFO     | src.database.mongodb:insert_book:77 - Inserted new book: The Glass Castle (ID: 6915df92ab77a3ff4810a6a6)
2025-11-13 16:39:30 | INFO     | src.crawler.scraper:_crawl_book:233 - Inserted new book: The Glass Castle
2025-11-13 16:39:30 | INFO     | src.database.mongodb:insert_book:77 - Inserted new book: The Faith of Christopher Hitchens: The Restless Soul of the World's Most Notorious Atheist (ID: 6915df92ab77a3ff4810a6a7)
2025-11-13 16:39:30 | INFO     | src.crawler.scraper:_crawl_book:233 - Inserted new book: The Faith of Christopher Hitchens: The Restless Soul of the World's Most Notorious Atheist
2025-11-13 16:39:30 | INFO     | src.database.mongodb:insert_book:77 - Inserted new book: The Bachelor Girl's Guide to Murder (Herringford and Watts Mysteries #1) (ID: 6915df92ab77a3ff4810a6a8)
2025-11-13 16:39:30 | INFO     | src.crawler.scraper:_crawl_book:233 - Inserted new book: The Bachelor Girl's Guide to Murder (Herringford and Watts Mysteries #1)
2025-11-13 16:39:30 | INFO     | src.database.mongodb:insert_book:77 - Inserted new book: The Art Book (ID: 6915df92ab77a3ff4810a6a9)
2025-11-13 16:39:30 | INFO     | src.crawler.scraper:_crawl_book:233 - Inserted new book: The Art Book
2025-11-13 16:39:30 | INFO     | src.database.mongodb:insert_book:77 - Inserted new book: The Good Girl (ID: 6915df92ab77a3ff4810a6aa)
2025-11-13 16:39:30 | INFO     | src.crawler.scraper:_crawl_book:233 - Inserted new book: The Good Girl
2025-11-13 16:39:30 | INFO     | src.database.mongodb:insert_book:77 - Inserted new book: The Bourne Identity (Jason Bourne #1) (ID: 6915df92ab77a3ff4810a6ab)
2025-11-13 16:39:30 | INFO     | src.crawler.scraper:_crawl_book:233 - Inserted new book: The Bourne Identity (Jason Bourne #1)
2025-11-13 16:39:30 | INFO     | src.database.mongodb:insert_book:77 - Inserted new book: The Drowning Girls (ID: 6915df92ab77a3ff4810a6ac)
2025-11-13 16:39:30 | INFO     | src.crawler.scraper:_crawl_book:233 - Inserted new book: The Drowning Girls
2025-11-13 16:39:30 | INFO     | src.database.mongodb:insert_book:77 - Inserted new book: The Great Gatsby (ID: 6915df92ab77a3ff4810a6ad)
2025-11-13 16:39:30 | INFO     | src.crawler.scraper:_crawl_book:233 - Inserted new book: The Great Gatsby
2025-11-13 16:39:30 | INFO     | src.database.mongodb:insert_book:77 - Inserted new book: The 7 Habits of Highly Effective People: Powerful Lessons in Personal Change (ID: 6915df92ab77a3ff4810a6ae)
2025-11-13 16:39:30 | INFO     | src.crawler.scraper:_crawl_book:233 - Inserted new book: The 7 Habits of Highly Effective People: Powerful Lessons in Personal Change
2025-11-13 16:39:30 | INFO     | src.database.mongodb:insert_book:77 - Inserted new book: Team of Rivals: The Political Genius of Abraham Lincoln (ID: 6915df92ab77a3ff4810a6af)
2025-11-13 16:39:30 | INFO     | src.crawler.scraper:_crawl_book:233 - Inserted new book: Team of Rivals: The Political Genius of Abraham Lincoln
2025-11-13 16:39:30 | INFO     | src.database.mongodb:insert_book:77 - Inserted new book: Steal Like an Artist: 10 Things Nobody Told You About Being Creative (ID: 6915df92ab77a3ff4810a6b0)
2025-11-13 16:39:30 | INFO     | src.crawler.scraper:_crawl_book:233 - Inserted new book: Steal Like an Artist: 10 Things Nobody Told You About Being Creative
2025-11-13 16:39:30 | INFO     | src.database.mongodb:insert_book:77 - Inserted new book: Sit, Stay, Love (ID: 6915df92ab77a3ff4810a6b1)
2025-11-13 16:39:30 | INFO     | src.crawler.scraper:_crawl_book:233 - Inserted new book: Sit, Stay, Love
2025-11-13 16:39:30 | INFO     | src.database.mongodb:insert_book:77 - Inserted new book: Raymie Nightingale (ID: 6915df92ab77a3ff4810a6b3)
2025-11-13 16:39:30 | INFO     | src.crawler.scraper:_crawl_book:233 - Inserted new book: Raymie Nightingale
2025-11-13 16:39:30 | INFO     | src.database.mongodb:insert_book:77 - Inserted new book: Sister Dear (ID: 6915df92ab77a3ff4810a6b2)
2025-11-13 16:39:30 | INFO     | src.crawler.scraper:_crawl_book:233 - Inserted new book: Sister Dear
2025-11-13 16:39:31 | INFO     | src.database.mongodb:insert_book:77 - Inserted new book: Playing from the Heart (ID: 6915df93ab77a3ff4810a6b4)
2025-11-13 16:39:31 | INFO     | src.crawler.scraper:_crawl_book:233 - Inserted new book: Playing from the Heart
2025-11-13 16:39:31 | INFO     | src.database.mongodb:insert_book:77 - Inserted new book: Rich Dad, Poor Dad (ID: 6915df93ab77a3ff4810a6b5)
2025-11-13 16:39:31 | INFO     | src.crawler.scraper:_crawl_book:233 - Inserted new book: Rich Dad, Poor Dad
2025-11-13 16:39:31 | INFO     | src.database.mongodb:insert_book:77 - Inserted new book: Shrunken Treasures: Literary Classics, Short, Sweet, and Silly (ID: 6915df93ab77a3ff4810a6b6)
2025-11-13 16:39:31 | INFO     | src.crawler.scraper:_crawl_book:233 - Inserted new book: Shrunken Treasures: Literary Classics, Short, Sweet, and Silly
2025-11-13 16:39:31 | INFO     | src.crawler.scraper:_crawl_catalog:125 - Crawling catalog page 27: https://books.toscrape.com/catalogue/page-27.html
2025-11-13 16:39:31 | INFO     | src.crawler.parser:extract_book_links:169 - Extracted 20 book links from page
2025-11-13 16:39:31 | INFO     | src.crawler.scraper:_crawl_catalog:143 - Found 20 new books on page 27
2025-11-13 16:39:31 | INFO     | src.database.mongodb:insert_book:77 - Inserted new book: Nightstruck: A Novel (ID: 6915df93ab77a3ff4810a6b7)
2025-11-13 16:39:31 | INFO     | src.crawler.scraper:_crawl_book:233 - Inserted new book: Nightstruck: A Novel
2025-11-13 16:39:32 | INFO     | src.database.mongodb:insert_book:77 - Inserted new book: Like Never Before (Walker Family #2) (ID: 6915df94ab77a3ff4810a6b8)
2025-11-13 16:39:32 | INFO     | src.crawler.scraper:_crawl_book:233 - Inserted new book: Like Never Before (Walker Family #2)
2025-11-13 16:39:32 | INFO     | src.database.mongodb:insert_book:77 - Inserted new book: Naturally Lean: 125 Nourishing Gluten-Free, Plant-Based Recipes--All Under 300 Calories (ID: 6915df94ab77a3ff4810a6ba)
2025-11-13 16:39:32 | INFO     | src.crawler.scraper:_crawl_book:233 - Inserted new book: Naturally Lean: 125 Nourishing Gluten-Free, Plant-Based Recipes--All Under 300 Calories
2025-11-13 16:39:32 | INFO     | src.database.mongodb:insert_book:77 - Inserted new book: King's Folly (The Kinsman Chronicles #1) (ID: 6915df94ab77a3ff4810a6b9)
2025-11-13 16:39:32 | INFO     | src.crawler.scraper:_crawl_book:233 - Inserted new book: King's Folly (The Kinsman Chronicles #1)
2025-11-13 16:39:32 | INFO     | src.database.mongodb:insert_book:77 - Inserted new book: Life of Pi (ID: 6915df94ab77a3ff4810a6bb)
2025-11-13 16:39:32 | INFO     | src.crawler.scraper:_crawl_book:233 - Inserted new book: Life of Pi
2025-11-13 16:39:32 | INFO     | src.database.mongodb:insert_book:77 - Inserted new book: How to Be a Domestic Goddess: Baking and the Art of Comfort Cooking (ID: 6915df94ab77a3ff4810a6bd)
2025-11-13 16:39:32 | INFO     | src.crawler.scraper:_crawl_book:233 - Inserted new book: How to Be a Domestic Goddess: Baking and the Art of Comfort Cooking
2025-11-13 16:39:32 | INFO     | src.database.mongodb:insert_book:77 - Inserted new book: Meternity (ID: 6915df94ab77a3ff4810a6be)
2025-11-13 16:39:32 | INFO     | src.crawler.scraper:_crawl_book:233 - Inserted new book: Meternity
2025-11-13 16:39:32 | INFO     | src.database.mongodb:insert_book:77 - Inserted new book: How to Cook Everything Vegetarian: Simple Meatless Recipes for Great Food (How to Cook Everything) (ID: 6915df94ab77a3ff4810a6bc)
2025-11-13 16:39:32 | INFO     | src.crawler.scraper:_crawl_book:233 - Inserted new book: How to Cook Everything Vegetarian: Simple Meatless Recipes for Great Food (How to Cook Everything)
2025-11-13 16:39:32 | INFO     | src.database.mongodb:insert_book:77 - Inserted new book: Leave This Song Behind: Teen Poetry at Its Best (ID: 6915df94ab77a3ff4810a6bf)
2025-11-13 16:39:32 | INFO     | src.crawler.scraper:_crawl_book:233 - Inserted new book: Leave This Song Behind: Teen Poetry at Its Best
2025-11-13 16:39:32 | INFO     | src.database.mongodb:insert_book:77 - Inserted new book: Memoirs of a Geisha (ID: 6915df94ab77a3ff4810a6c1)
2025-11-13 16:39:32 | INFO     | src.crawler.scraper:_crawl_book:233 - Inserted new book: Memoirs of a Geisha
2025-11-13 16:39:32 | INFO     | src.database.mongodb:insert_book:77 - Inserted new book: John Adams (ID: 6915df94ab77a3ff4810a6c0)
2025-11-13 16:39:32 | INFO     | src.crawler.scraper:_crawl_book:233 - Inserted new book: John Adams
2025-11-13 16:39:32 | INFO     | src.database.mongodb:insert_book:77 - Inserted new book: Fruits Basket, Vol. 7 (Fruits Basket #7) (ID: 6915df94ab77a3ff4810a6c2)
2025-11-13 16:39:32 | INFO     | src.crawler.scraper:_crawl_book:233 - Inserted new book: Fruits Basket, Vol. 7 (Fruits Basket #7)
2025-11-13 16:39:32 | INFO     | src.database.mongodb:insert_book:77 - Inserted new book: Good in Bed (Cannie Shapiro #1) (ID: 6915df94ab77a3ff4810a6c3)
2025-11-13 16:39:32 | INFO     | src.crawler.scraper:_crawl_book:233 - Inserted new book: Good in Bed (Cannie Shapiro #1)
2025-11-13 16:39:32 | INFO     | src.database.mongodb:insert_book:77 - Inserted new book: For the Love: Fighting for Grace in a World of Impossible Standards (ID: 6915df94ab77a3ff4810a6c4)
2025-11-13 16:39:32 | INFO     | src.crawler.scraper:_crawl_book:233 - Inserted new book: For the Love: Fighting for Grace in a World of Impossible Standards
2025-11-13 16:39:32 | INFO     | src.database.mongodb:insert_book:77 - Inserted new book: Delivering the Truth (Quaker Midwife Mystery #1) (ID: 6915df94ab77a3ff4810a6c5)
2025-11-13 16:39:32 | INFO     | src.crawler.scraper:_crawl_book:233 - Inserted new book: Delivering the Truth (Quaker Midwife Mystery #1)
2025-11-13 16:39:32 | INFO     | src.database.mongodb:insert_book:77 - Inserted new book: Every Heart a Doorway (Every Heart A Doorway #1) (ID: 6915df94ab77a3ff4810a6c6)
2025-11-13 16:39:32 | INFO     | src.crawler.scraper:_crawl_book:233 - Inserted new book: Every Heart a Doorway (Every Heart A Doorway #1)
2025-11-13 16:39:32 | INFO     | src.database.mongodb:insert_book:77 - Inserted new book: Finding God in the Ruins: How God Redeems Pain (ID: 6915df94ab77a3ff4810a6c8)
2025-11-13 16:39:32 | INFO     | src.crawler.scraper:_crawl_book:233 - Inserted new book: Finding God in the Ruins: How God Redeems Pain
2025-11-13 16:39:32 | INFO     | src.database.mongodb:insert_book:77 - Inserted new book: Blue Like Jazz: Nonreligious Thoughts on Christian Spirituality (ID: 6915df94ab77a3ff4810a6c7)
2025-11-13 16:39:32 | INFO     | src.crawler.scraper:_crawl_book:233 - Inserted new book: Blue Like Jazz: Nonreligious Thoughts on Christian Spirituality
2025-11-13 16:39:32 | INFO     | src.database.mongodb:insert_book:77 - Inserted new book: Counted With the Stars (Out from Egypt #1) (ID: 6915df94ab77a3ff4810a6c9)
2025-11-13 16:39:32 | INFO     | src.crawler.scraper:_crawl_book:233 - Inserted new book: Counted With the Stars (Out from Egypt #1)
2025-11-13 16:39:32 | INFO     | src.database.mongodb:insert_book:77 - Inserted new book: Chronicles, Vol. 1 (ID: 6915df94ab77a3ff4810a6ca)
2025-11-13 16:39:32 | INFO     | src.crawler.scraper:_crawl_book:233 - Inserted new book: Chronicles, Vol. 1
2025-11-13 16:39:32 | INFO     | src.crawler.scraper:_crawl_catalog:125 - Crawling catalog page 28: https://books.toscrape.com/catalogue/page-28.html
2025-11-13 16:39:33 | INFO     | src.crawler.parser:extract_book_links:169 - Extracted 20 book links from page
2025-11-13 16:39:33 | INFO     | src.crawler.scraper:_crawl_catalog:143 - Found 20 new books on page 28
2025-11-13 16:39:33 | INFO     | src.database.mongodb:insert_book:77 - Inserted new book: Benjamin Franklin: An American Life (ID: 6915df95ab77a3ff4810a6cb)
2025-11-13 16:39:33 | INFO     | src.crawler.scraper:_crawl_book:233 - Inserted new book: Benjamin Franklin: An American Life
2025-11-13 16:39:33 | INFO     | src.database.mongodb:insert_book:77 - Inserted new book: The Perks of Being a Wallflower (ID: 6915df95ab77a3ff4810a6cc)
2025-11-13 16:39:33 | INFO     | src.crawler.scraper:_crawl_book:233 - Inserted new book: The Perks of Being a Wallflower
2025-11-13 16:39:33 | INFO     | src.database.mongodb:insert_book:77 - Inserted new book: A Gathering of Shadows (Shades of Magic #2) (ID: 6915df95ab77a3ff4810a6cd)
2025-11-13 16:39:33 | INFO     | src.crawler.scraper:_crawl_book:233 - Inserted new book: A Gathering of Shadows (Shades of Magic #2)
2025-11-13 16:39:33 | INFO     | src.database.mongodb:insert_book:77 - Inserted new book: At The Existentialist Café: Freedom, Being, and apricot cocktails with: Jean-Paul Sartre, Simone de Beauvoir, Albert Camus, Martin Heidegger, Edmund Husserl, Karl Jaspers, Maurice Merleau-Ponty and others (ID: 6915df95ab77a3ff4810a6ce)
2025-11-13 16:39:33 | INFO     | src.crawler.scraper:_crawl_book:233 - Inserted new book: At The Existentialist Café: Freedom, Being, and apricot cocktails with: Jean-Paul Sartre, Simone de Beauvoir, Albert Camus, Martin Heidegger, Edmund Husserl, Karl Jaspers, Maurice Merleau-Ponty and others
2025-11-13 16:39:33 | INFO     | src.database.mongodb:insert_book:77 - Inserted new book: The Sound Of Love (ID: 6915df95ab77a3ff4810a6cf)
2025-11-13 16:39:33 | INFO     | src.crawler.scraper:_crawl_book:233 - Inserted new book: The Sound Of Love
2025-11-13 16:39:33 | INFO     | src.database.mongodb:insert_book:77 - Inserted new book: The Man Who Mistook His Wife for a Hat and Other Clinical Tales (ID: 6915df95ab77a3ff4810a6d0)
2025-11-13 16:39:33 | INFO     | src.crawler.scraper:_crawl_book:233 - Inserted new book: The Man Who Mistook His Wife for a Hat and Other Clinical Tales
2025-11-13 16:39:33 | INFO     | src.database.mongodb:insert_book:77 - Inserted new book: The Makings of a Fatherless Child (ID: 6915df95ab77a3ff4810a6d1)
2025-11-13 16:39:33 | INFO     | src.crawler.scraper:_crawl_book:233 - Inserted new book: The Makings of a Fatherless Child
2025-11-13 16:39:33 | INFO     | src.database.mongodb:insert_book:77 - Inserted new book: The Mysterious Affair at Styles (Hercule Poirot #1) (ID: 6915df95ab77a3ff4810a6d3)
2025-11-13 16:39:33 | INFO     | src.crawler.scraper:_crawl_book:233 - Inserted new book: The Mysterious Affair at Styles (Hercule Poirot #1)
2025-11-13 16:39:33 | INFO     | src.database.mongodb:insert_book:77 - Inserted new book: The Rise and Fall of the Third Reich: A History of Nazi Germany (ID: 6915df95ab77a3ff4810a6d2)
2025-11-13 16:39:33 | INFO     | src.crawler.scraper:_crawl_book:233 - Inserted new book: The Rise and Fall of the Third Reich: A History of Nazi Germany
2025-11-13 16:39:33 | INFO     | src.database.mongodb:insert_book:77 - Inserted new book: A Summer In Europe (ID: 6915df95ab77a3ff4810a6d4)
2025-11-13 16:39:33 | INFO     | src.crawler.scraper:_crawl_book:233 - Inserted new book: A Summer In Europe
2025-11-13 16:39:33 | INFO     | src.database.mongodb:insert_book:77 - Inserted new book: A Short History of Nearly Everything (ID: 6915df95ab77a3ff4810a6d5)
2025-11-13 16:39:33 | INFO     | src.crawler.scraper:_crawl_book:233 - Inserted new book: A Short History of Nearly Everything
2025-11-13 16:39:33 | INFO     | src.database.mongodb:insert_book:77 - Inserted new book: The Joy of Cooking (ID: 6915df95ab77a3ff4810a6d6)
2025-11-13 16:39:33 | INFO     | src.crawler.scraper:_crawl_book:233 - Inserted new book: The Joy of Cooking
2025-11-13 16:39:34 | INFO     | src.database.mongodb:insert_book:77 - Inserted new book: The Invention of Wings (ID: 6915df96ab77a3ff4810a6d7)
2025-11-13 16:39:34 | INFO     | src.crawler.scraper:_crawl_book:233 - Inserted new book: The Invention of Wings
2025-11-13 16:39:34 | INFO     | src.database.mongodb:insert_book:77 - Inserted new book: The Hobbit (Middle-Earth Universe) (ID: 6915df96ab77a3ff4810a6d8)
2025-11-13 16:39:34 | INFO     | src.crawler.scraper:_crawl_book:233 - Inserted new book: The Hobbit (Middle-Earth Universe)
2025-11-13 16:39:34 | INFO     | src.database.mongodb:insert_book:77 - Inserted new book: The Great Railway Bazaar (ID: 6915df96ab77a3ff4810a6d9)
2025-11-13 16:39:34 | INFO     | src.crawler.scraper:_crawl_book:233 - Inserted new book: The Great Railway Bazaar
2025-11-13 16:39:34 | INFO     | src.database.mongodb:insert_book:77 - Inserted new book: The God Delusion (ID: 6915df96ab77a3ff4810a6da)
2025-11-13 16:39:34 | INFO     | src.crawler.scraper:_crawl_book:233 - Inserted new book: The God Delusion
2025-11-13 16:39:34 | INFO     | src.database.mongodb:insert_book:77 - Inserted new book: The Girl You Left Behind (The Girl You Left Behind #1) (ID: 6915df96ab77a3ff4810a6db)
2025-11-13 16:39:34 | INFO     | src.crawler.scraper:_crawl_book:233 - Inserted new book: The Girl You Left Behind (The Girl You Left Behind #1)
2025-11-13 16:39:34 | INFO     | src.database.mongodb:insert_book:77 - Inserted new book: The Collected Poems of W.B. Yeats (The Collected Works of W.B. Yeats #1) (ID: 6915df96ab77a3ff4810a6dc)
2025-11-13 16:39:34 | INFO     | src.crawler.scraper:_crawl_book:233 - Inserted new book: The Collected Poems of W.B. Yeats (The Collected Works of W.B. Yeats #1)
2025-11-13 16:39:34 | INFO     | src.database.mongodb:insert_book:77 - Inserted new book: The Golden Compass (His Dark Materials #1) (ID: 6915df96ab77a3ff4810a6dd)
2025-11-13 16:39:34 | INFO     | src.crawler.scraper:_crawl_book:233 - Inserted new book: The Golden Compass (His Dark Materials #1)
2025-11-13 16:39:34 | INFO     | src.database.mongodb:insert_book:77 - Inserted new book: The Fellowship of the Ring (The Lord of the Rings #1) (ID: 6915df96ab77a3ff4810a6de)
2025-11-13 16:39:34 | INFO     | src.crawler.scraper:_crawl_book:233 - Inserted new book: The Fellowship of the Ring (The Lord of the Rings #1)
2025-11-13 16:39:34 | INFO     | src.crawler.scraper:_crawl_catalog:125 - Crawling catalog page 29: https://books.toscrape.com/catalogue/page-29.html
2025-11-13 16:39:35 | INFO     | src.crawler.parser:extract_book_links:169 - Extracted 20 book links from page
2025-11-13 16:39:35 | INFO     | src.crawler.scraper:_crawl_catalog:143 - Found 20 new books on page 29
2025-11-13 16:39:35 | INFO     | src.database.mongodb:insert_book:77 - Inserted new book: The Barefoot Contessa Cookbook (ID: 6915df97ab77a3ff4810a6df)
2025-11-13 16:39:35 | INFO     | src.crawler.scraper:_crawl_book:233 - Inserted new book: The Barefoot Contessa Cookbook
2025-11-13 16:39:35 | INFO     | src.database.mongodb:insert_book:77 - Inserted new book: In the Woods (Dublin Murder Squad #1) (ID: 6915df97ab77a3ff4810a6e0)
2025-11-13 16:39:35 | INFO     | src.crawler.scraper:_crawl_book:233 - Inserted new book: In the Woods (Dublin Murder Squad #1)
2025-11-13 16:39:35 | INFO     | src.database.mongodb:insert_book:77 - Inserted new book: Mere Christianity (ID: 6915df97ab77a3ff4810a6e1)
2025-11-13 16:39:35 | INFO     | src.crawler.scraper:_crawl_book:233 - Inserted new book: Mere Christianity
2025-11-13 16:39:35 | INFO     | src.database.mongodb:insert_book:77 - Inserted new book: How to Stop Worrying and Start Living (ID: 6915df97ab77a3ff4810a6e2)
2025-11-13 16:39:35 | INFO     | src.crawler.scraper:_crawl_book:233 - Inserted new book: How to Stop Worrying and Start Living
2025-11-13 16:39:35 | INFO     | src.database.mongodb:insert_book:77 - Inserted new book: Pride and Prejudice (ID: 6915df97ab77a3ff4810a6e3)
2025-11-13 16:39:35 | INFO     | src.crawler.scraper:_crawl_book:233 - Inserted new book: Pride and Prejudice
2025-11-13 16:39:35 | INFO     | src.database.mongodb:insert_book:77 - Inserted new book: Musicophilia: Tales of Music and the Brain (ID: 6915df97ab77a3ff4810a6e4)
2025-11-13 16:39:35 | INFO     | src.crawler.scraper:_crawl_book:233 - Inserted new book: Musicophilia: Tales of Music and the Brain
2025-11-13 16:39:35 | INFO     | src.database.mongodb:insert_book:77 - Inserted new book: Tell the Wolves I'm Home (ID: 6915df97ab77a3ff4810a6e5)
2025-11-13 16:39:35 | INFO     | src.crawler.scraper:_crawl_book:233 - Inserted new book: Tell the Wolves I'm Home
2025-11-13 16:39:35 | INFO     | src.database.mongodb:insert_book:77 - Inserted new book: Give It Back (ID: 6915df97ab77a3ff4810a6e6)
2025-11-13 16:39:35 | INFO     | src.crawler.scraper:_crawl_book:233 - Inserted new book: Give It Back
2025-11-13 16:39:35 | INFO     | src.database.mongodb:insert_book:77 - Inserted new book: In Cold Blood (ID: 6915df97ab77a3ff4810a6e7)
2025-11-13 16:39:35 | INFO     | src.crawler.scraper:_crawl_book:233 - Inserted new book: In Cold Blood
2025-11-13 16:39:35 | INFO     | src.database.mongodb:insert_book:77 - Inserted new book: Ship Leaves Harbor: Essays on Travel by a Recovering Journeyman (ID: 6915df97ab77a3ff4810a6e9)
2025-11-13 16:39:35 | INFO     | src.crawler.scraper:_crawl_book:233 - Inserted new book: Ship Leaves Harbor: Essays on Travel by a Recovering Journeyman
2025-11-13 16:39:35 | INFO     | src.database.mongodb:insert_book:77 - Inserted new book: Me Before You (Me Before You #1) (ID: 6915df97ab77a3ff4810a6e8)
2025-11-13 16:39:35 | INFO     | src.crawler.scraper:_crawl_book:233 - Inserted new book: Me Before You (Me Before You #1)
2025-11-13 16:39:35 | INFO     | src.database.mongodb:insert_book:77 - Inserted new book: Girl, Interrupted (ID: 6915df97ab77a3ff4810a6ea)
2025-11-13 16:39:35 | INFO     | src.crawler.scraper:_crawl_book:233 - Inserted new book: Girl, Interrupted
2025-11-13 16:39:35 | INFO     | src.database.mongodb:insert_book:77 - Inserted new book: Fun Home: A Family Tragicomic (ID: 6915df97ab77a3ff4810a6eb)
2025-11-13 16:39:35 | INFO     | src.crawler.scraper:_crawl_book:233 - Inserted new book: Fun Home: A Family Tragicomic
2025-11-13 16:39:36 | INFO     | src.database.mongodb:insert_book:77 - Inserted new book: Death Note, Vol. 6: Give-and-Take (Death Note #6) (ID: 6915df98ab77a3ff4810a6ec)
2025-11-13 16:39:36 | INFO     | src.crawler.scraper:_crawl_book:233 - Inserted new book: Death Note, Vol. 6: Give-and-Take (Death Note #6)
2025-11-13 16:39:36 | INFO     | src.database.mongodb:insert_book:77 - Inserted new book: An Unquiet Mind: A Memoir of Moods and Madness (ID: 6915df98ab77a3ff4810a6ed)
2025-11-13 16:39:36 | INFO     | src.crawler.scraper:_crawl_book:233 - Inserted new book: An Unquiet Mind: A Memoir of Moods and Madness
2025-11-13 16:39:36 | INFO     | src.database.mongodb:insert_book:77 - Inserted new book: Deception Point (ID: 6915df98ab77a3ff4810a6ee)
2025-11-13 16:39:36 | INFO     | src.crawler.scraper:_crawl_book:233 - Inserted new book: Deception Point
2025-11-13 16:39:36 | INFO     | src.database.mongodb:insert_book:77 - Inserted new book: Fruits Basket, Vol. 6 (Fruits Basket #6) (ID: 6915df98ab77a3ff4810a6ef)
2025-11-13 16:39:36 | INFO     | src.crawler.scraper:_crawl_book:233 - Inserted new book: Fruits Basket, Vol. 6 (Fruits Basket #6)
2025-11-13 16:39:36 | INFO     | src.database.mongodb:insert_book:77 - Inserted new book: Catherine the Great: Portrait of a Woman (ID: 6915df98ab77a3ff4810a6f0)
2025-11-13 16:39:36 | INFO     | src.crawler.scraper:_crawl_book:233 - Inserted new book: Catherine the Great: Portrait of a Woman
2025-11-13 16:39:36 | INFO     | src.database.mongodb:insert_book:77 - Inserted new book: Better Homes and Gardens New Cook Book (ID: 6915df98ab77a3ff4810a6f1)
2025-11-13 16:39:36 | INFO     | src.crawler.scraper:_crawl_book:233 - Inserted new book: Better Homes and Gardens New Cook Book
2025-11-13 16:39:36 | INFO     | src.database.mongodb:insert_book:77 - Inserted new book: A Year in Provence (Provence #1) (ID: 6915df98ab77a3ff4810a6f2)
2025-11-13 16:39:36 | INFO     | src.crawler.scraper:_crawl_book:233 - Inserted new book: A Year in Provence (Provence #1)
2025-11-13 16:39:36 | INFO     | src.crawler.scraper:_crawl_catalog:125 - Crawling catalog page 30: https://books.toscrape.com/catalogue/page-30.html
2025-11-13 16:39:36 | INFO     | src.crawler.parser:extract_book_links:169 - Extracted 20 book links from page
2025-11-13 16:39:36 | INFO     | src.crawler.scraper:_crawl_catalog:143 - Found 20 new books on page 30
2025-11-13 16:39:36 | INFO     | src.database.mongodb:insert_book:77 - Inserted new book: Will Grayson, Will Grayson (Will Grayson, Will Grayson) (ID: 6915df98ab77a3ff4810a6f4)
2025-11-13 16:39:36 | INFO     | src.crawler.scraper:_crawl_book:233 - Inserted new book: Will Grayson, Will Grayson (Will Grayson, Will Grayson)
2025-11-13 16:39:36 | INFO     | src.database.mongodb:insert_book:77 - Inserted new book: World Without End (The Pillars of the Earth #2) (ID: 6915df98ab77a3ff4810a6f3)
2025-11-13 16:39:36 | INFO     | src.crawler.scraper:_crawl_book:233 - Inserted new book: World Without End (The Pillars of the Earth #2)
2025-11-13 16:39:36 | INFO     | src.database.mongodb:insert_book:77 - Inserted new book: The Secret Garden (ID: 6915df98ab77a3ff4810a6f5)
2025-11-13 16:39:36 | INFO     | src.crawler.scraper:_crawl_book:233 - Inserted new book: The Secret Garden
2025-11-13 16:39:37 | INFO     | src.database.mongodb:insert_book:77 - Inserted new book: What If?: Serious Scientific Answers to Absurd Hypothetical Questions (ID: 6915df98ab77a3ff4810a6f6)
2025-11-13 16:39:37 | INFO     | src.crawler.scraper:_crawl_book:233 - Inserted new book: What If?: Serious Scientific Answers to Absurd Hypothetical Questions
2025-11-13 16:39:37 | INFO     | src.database.mongodb:insert_book:77 - Inserted new book: The Power Greens Cookbook: 140 Delicious Superfood Recipes (ID: 6915df99ab77a3ff4810a6f9)
2025-11-13 16:39:37 | INFO     | src.crawler.scraper:_crawl_book:233 - Inserted new book: The Power Greens Cookbook: 140 Delicious Superfood Recipes
2025-11-13 16:39:37 | INFO     | src.database.mongodb:insert_book:77 - Inserted new book: Two Summers (ID: 6915df98ab77a3ff4810a6f7)
2025-11-13 16:39:37 | INFO     | src.crawler.scraper:_crawl_book:233 - Inserted new book: Two Summers
2025-11-13 16:39:37 | INFO     | src.database.mongodb:insert_book:77 - Inserted new book: Where She Went (If I Stay #2) (ID: 6915df99ab77a3ff4810a6fa)
2025-11-13 16:39:37 | INFO     | src.crawler.scraper:_crawl_book:233 - Inserted new book: Where She Went (If I Stay #2)
2025-11-13 16:39:37 | INFO     | src.database.mongodb:insert_book:77 - Inserted new book: The Raven Boys (The Raven Cycle #1) (ID: 6915df98ab77a3ff4810a6f8)
2025-11-13 16:39:37 | INFO     | src.crawler.scraper:_crawl_book:233 - Inserted new book: The Raven Boys (The Raven Cycle #1)
2025-11-13 16:39:37 | INFO     | src.database.mongodb:insert_book:77 - Inserted new book: The Metamorphosis (ID: 6915df99ab77a3ff4810a6fb)
2025-11-13 16:39:37 | INFO     | src.crawler.scraper:_crawl_book:233 - Inserted new book: The Metamorphosis
2025-11-13 16:39:37 | INFO     | src.database.mongodb:insert_book:77 - Inserted new book: Why Save the Bankers?: And Other Essays on Our Economic and Political Crisis (ID: 6915df99ab77a3ff4810a6fc)
2025-11-13 16:39:37 | INFO     | src.crawler.scraper:_crawl_book:233 - Inserted new book: Why Save the Bankers?: And Other Essays on Our Economic and Political Crisis
2025-11-13 16:39:37 | INFO     | src.database.mongodb:insert_book:77 - Inserted new book: The Little Paris Bookshop (ID: 6915df99ab77a3ff4810a700)
2025-11-13 16:39:37 | INFO     | src.crawler.scraper:_crawl_book:233 - Inserted new book: The Little Paris Bookshop
2025-11-13 16:39:37 | INFO     | src.database.mongodb:insert_book:77 - Inserted new book: The Hiding Place (ID: 6915df99ab77a3ff4810a701)
2025-11-13 16:39:37 | INFO     | src.crawler.scraper:_crawl_book:233 - Inserted new book: The Hiding Place
2025-11-13 16:39:37 | INFO     | src.database.mongodb:insert_book:77 - Inserted new book: This Is Your Brain on Music: The Science of a Human Obsession (ID: 6915df99ab77a3ff4810a6fe)
2025-11-13 16:39:37 | INFO     | src.crawler.scraper:_crawl_book:233 - Inserted new book: This Is Your Brain on Music: The Science of a Human Obsession
2025-11-13 16:39:37 | INFO     | src.database.mongodb:insert_book:77 - Inserted new book: The Raven King (The Raven Cycle #4) (ID: 6915df99ab77a3ff4810a6fd)
2025-11-13 16:39:37 | INFO     | src.crawler.scraper:_crawl_book:233 - Inserted new book: The Raven King (The Raven Cycle #4)
2025-11-13 16:39:37 | INFO     | src.database.mongodb:insert_book:77 - Inserted new book: The Mathews Men: Seven Brothers and the War Against Hitler's U-boats (ID: 6915df99ab77a3ff4810a6ff)
2025-11-13 16:39:37 | INFO     | src.crawler.scraper:_crawl_book:233 - Inserted new book: The Mathews Men: Seven Brothers and the War Against Hitler's U-boats
2025-11-13 16:39:37 | INFO     | src.database.mongodb:insert_book:77 - Inserted new book: The Grand Design (ID: 6915df99ab77a3ff4810a703)
2025-11-13 16:39:37 | INFO     | src.crawler.scraper:_crawl_book:233 - Inserted new book: The Grand Design
2025-11-13 16:39:37 | INFO     | src.database.mongodb:insert_book:77 - Inserted new book: The Firm (ID: 6915df99ab77a3ff4810a702)
2025-11-13 16:39:37 | INFO     | src.crawler.scraper:_crawl_book:233 - Inserted new book: The Firm
2025-11-13 16:39:37 | INFO     | src.database.mongodb:insert_book:77 - Inserted new book: The Expatriates (ID: 6915df99ab77a3ff4810a704)
2025-11-13 16:39:37 | INFO     | src.crawler.scraper:_crawl_book:233 - Inserted new book: The Expatriates
2025-11-13 16:39:37 | INFO     | src.database.mongodb:insert_book:77 - Inserted new book: The Fault in Our Stars (ID: 6915df99ab77a3ff4810a705)
2025-11-13 16:39:37 | INFO     | src.crawler.scraper:_crawl_book:233 - Inserted new book: The Fault in Our Stars
2025-11-13 16:39:37 | INFO     | src.database.mongodb:insert_book:77 - Inserted new book: The False Prince (The Ascendance Trilogy #1) (ID: 6915df99ab77a3ff4810a706)
2025-11-13 16:39:37 | INFO     | src.crawler.scraper:_crawl_book:233 - Inserted new book: The False Prince (The Ascendance Trilogy #1)
2025-11-13 16:39:37 | INFO     | src.crawler.scraper:_crawl_catalog:125 - Crawling catalog page 31: https://books.toscrape.com/catalogue/page-31.html
2025-11-13 16:39:38 | INFO     | src.crawler.parser:extract_book_links:169 - Extracted 20 book links from page
2025-11-13 16:39:38 | INFO     | src.crawler.scraper:_crawl_catalog:143 - Found 20 new books on page 31
2025-11-13 16:39:38 | INFO     | src.database.mongodb:insert_book:77 - Inserted new book: The Dream Thieves (The Raven Cycle #2) (ID: 6915df9aab77a3ff4810a707)
2025-11-13 16:39:38 | INFO     | src.crawler.scraper:_crawl_book:233 - Inserted new book: The Dream Thieves (The Raven Cycle #2)
2025-11-13 16:39:38 | INFO     | src.database.mongodb:insert_book:77 - Inserted new book: Tell the Wind and Fire (ID: 6915df9aab77a3ff4810a708)
2025-11-13 16:39:38 | INFO     | src.crawler.scraper:_crawl_book:233 - Inserted new book: Tell the Wind and Fire
2025-11-13 16:39:38 | INFO     | src.database.mongodb:insert_book:77 - Inserted new book: Siddhartha (ID: 6915df9aab77a3ff4810a709)
2025-11-13 16:39:38 | INFO     | src.crawler.scraper:_crawl_book:233 - Inserted new book: Siddhartha
2025-11-13 16:39:38 | INFO     | src.database.mongodb:insert_book:77 - Inserted new book: The Darkest Corners (ID: 6915df9aab77a3ff4810a70a)
2025-11-13 16:39:38 | INFO     | src.crawler.scraper:_crawl_book:233 - Inserted new book: The Darkest Corners
2025-11-13 16:39:38 | INFO     | src.database.mongodb:insert_book:77 - Inserted new book: Tell Me Three Things (ID: 6915df9aab77a3ff4810a70b)
2025-11-13 16:39:38 | INFO     | src.crawler.scraper:_crawl_book:233 - Inserted new book: Tell Me Three Things
2025-11-13 16:39:38 | INFO     | src.database.mongodb:insert_book:77 - Inserted new book: Remember Me? (ID: 6915df9aab77a3ff4810a70c)
2025-11-13 16:39:38 | INFO     | src.crawler.scraper:_crawl_book:233 - Inserted new book: Remember Me?
2025-11-13 16:39:38 | INFO     | src.database.mongodb:insert_book:77 - Inserted new book: Talking to Girls About Duran Duran: One Young Man's Quest for True Love and a Cooler Haircut (ID: 6915df9aab77a3ff4810a70d)
2025-11-13 16:39:38 | INFO     | src.crawler.scraper:_crawl_book:233 - Inserted new book: Talking to Girls About Duran Duran: One Young Man's Quest for True Love and a Cooler Haircut
2025-11-13 16:39:38 | INFO     | src.database.mongodb:insert_book:77 - Inserted new book: Shiver (The Wolves of Mercy Falls #1) (ID: 6915df9aab77a3ff4810a70e)
2025-11-13 16:39:38 | INFO     | src.crawler.scraper:_crawl_book:233 - Inserted new book: Shiver (The Wolves of Mercy Falls #1)
2025-11-13 16:39:38 | INFO     | src.database.mongodb:insert_book:77 - Inserted new book: The 5th Wave (The 5th Wave #1) (ID: 6915df9aab77a3ff4810a70f)
2025-11-13 16:39:38 | INFO     | src.crawler.scraper:_crawl_book:233 - Inserted new book: The 5th Wave (The 5th Wave #1)
2025-11-13 16:39:38 | INFO     | src.database.mongodb:insert_book:77 - Inserted new book: The Crossover (ID: 6915df9aab77a3ff4810a710)
2025-11-13 16:39:38 | INFO     | src.crawler.scraper:_crawl_book:233 - Inserted new book: The Crossover
2025-11-13 16:39:38 | INFO     | src.database.mongodb:insert_book:77 - Inserted new book: Red Dragon (Hannibal Lecter #1) (ID: 6915df9aab77a3ff4810a711)
2025-11-13 16:39:38 | INFO     | src.crawler.scraper:_crawl_book:233 - Inserted new book: Red Dragon (Hannibal Lecter #1)
2025-11-13 16:39:39 | INFO     | src.database.mongodb:insert_book:77 - Inserted new book: Peak: Secrets from the New Science of Expertise (ID: 6915df9bab77a3ff4810a712)
2025-11-13 16:39:39 | INFO     | src.crawler.scraper:_crawl_book:233 - Inserted new book: Peak: Secrets from the New Science of Expertise
2025-11-13 16:39:39 | INFO     | src.database.mongodb:insert_book:77 - Inserted new book: Mexican Today: New and Rediscovered Recipes for Contemporary Kitchens (ID: 6915df9bab77a3ff4810a713)
2025-11-13 16:39:39 | INFO     | src.crawler.scraper:_crawl_book:233 - Inserted new book: Mexican Today: New and Rediscovered Recipes for Contemporary Kitchens
2025-11-13 16:39:39 | INFO     | src.database.mongodb:insert_book:77 - Inserted new book: Maybe Something Beautiful: How Art Transformed a Neighborhood (ID: 6915df9bab77a3ff4810a716)
2025-11-13 16:39:39 | INFO     | src.crawler.scraper:_crawl_book:233 - Inserted new book: Maybe Something Beautiful: How Art Transformed a Neighborhood
2025-11-13 16:39:39 | INFO     | src.database.mongodb:insert_book:77 - Inserted new book: Lola and the Boy Next Door (Anna and the French Kiss #2) (ID: 6915df9bab77a3ff4810a714)
2025-11-13 16:39:39 | INFO     | src.crawler.scraper:_crawl_book:233 - Inserted new book: Lola and the Boy Next Door (Anna and the French Kiss #2)
2025-11-13 16:39:39 | INFO     | src.database.mongodb:insert_book:77 - Inserted new book: My Mother Was Nuts (ID: 6915df9bab77a3ff4810a715)
2025-11-13 16:39:39 | INFO     | src.crawler.scraper:_crawl_book:233 - Inserted new book: My Mother Was Nuts
2025-11-13 16:39:39 | INFO     | src.database.mongodb:insert_book:77 - Inserted new book: Kill the Boy Band (ID: 6915df9bab77a3ff4810a717)
2025-11-13 16:39:39 | INFO     | src.crawler.scraper:_crawl_book:233 - Inserted new book: Kill the Boy Band
2025-11-13 16:39:39 | INFO     | src.database.mongodb:insert_book:77 - Inserted new book: Last One Home (New Beginnings #1) (ID: 6915df9bab77a3ff4810a719)
2025-11-13 16:39:39 | INFO     | src.crawler.scraper:_crawl_book:233 - Inserted new book: Last One Home (New Beginnings #1)
2025-11-13 16:39:39 | INFO     | src.database.mongodb:insert_book:77 - Inserted new book: Logan Kade (Fallen Crest High #5.5) (ID: 6915df9bab77a3ff4810a718)
2025-11-13 16:39:39 | INFO     | src.crawler.scraper:_crawl_book:233 - Inserted new book: Logan Kade (Fallen Crest High #5.5)
2025-11-13 16:39:39 | INFO     | src.database.mongodb:insert_book:77 - Inserted new book: Killing Floor (Jack Reacher #1) (ID: 6915df9bab77a3ff4810a71a)
2025-11-13 16:39:39 | INFO     | src.crawler.scraper:_crawl_book:233 - Inserted new book: Killing Floor (Jack Reacher #1)
2025-11-13 16:39:39 | INFO     | src.crawler.scraper:_crawl_catalog:125 - Crawling catalog page 32: https://books.toscrape.com/catalogue/page-32.html
2025-11-13 16:39:39 | INFO     | src.crawler.parser:extract_book_links:169 - Extracted 20 book links from page
2025-11-13 16:39:39 | INFO     | src.crawler.scraper:_crawl_catalog:143 - Found 20 new books on page 32
2025-11-13 16:39:39 | INFO     | src.database.mongodb:insert_book:77 - Inserted new book: Isla and the Happily Ever After (Anna and the French Kiss #3) (ID: 6915df9bab77a3ff4810a71b)
2025-11-13 16:39:39 | INFO     | src.crawler.scraper:_crawl_book:233 - Inserted new book: Isla and the Happily Ever After (Anna and the French Kiss #3)
2025-11-13 16:39:39 | INFO     | src.database.mongodb:insert_book:77 - Inserted new book: If I Stay (If I Stay #1) (ID: 6915df9bab77a3ff4810a71c)
2025-11-13 16:39:39 | INFO     | src.crawler.scraper:_crawl_book:233 - Inserted new book: If I Stay (If I Stay #1)
2025-11-13 16:39:39 | INFO     | src.database.mongodb:insert_book:77 - Inserted new book: Find Her (Detective D.D. Warren #8) (ID: 6915df9bab77a3ff4810a71e)
2025-11-13 16:39:39 | INFO     | src.crawler.scraper:_crawl_book:233 - Inserted new book: Find Her (Detective D.D. Warren #8)
2025-11-13 16:39:39 | INFO     | src.database.mongodb:insert_book:77 - Inserted new book: Fruits Basket, Vol. 5 (Fruits Basket #5) (ID: 6915df9bab77a3ff4810a71d)
2025-11-13 16:39:39 | INFO     | src.crawler.scraper:_crawl_book:233 - Inserted new book: Fruits Basket, Vol. 5 (Fruits Basket #5)
2025-11-13 16:39:40 | INFO     | src.database.mongodb:insert_book:77 - Inserted new book: Foundation (Foundation (Publication Order) #1) (ID: 6915df9cab77a3ff4810a71f)
2025-11-13 16:39:40 | INFO     | src.crawler.scraper:_crawl_book:233 - Inserted new book: Foundation (Foundation (Publication Order) #1)
2025-11-13 16:39:40 | INFO     | src.database.mongodb:insert_book:77 - Inserted new book: Drama (ID: 6915df9cab77a3ff4810a720)
2025-11-13 16:39:40 | INFO     | src.crawler.scraper:_crawl_book:233 - Inserted new book: Drama
2025-11-13 16:39:40 | INFO     | src.database.mongodb:insert_book:77 - Inserted new book: Harry Potter and the Deathly Hallows (Harry Potter #7) (ID: 6915df9cab77a3ff4810a721)
2025-11-13 16:39:40 | INFO     | src.crawler.scraper:_crawl_book:233 - Inserted new book: Harry Potter and the Deathly Hallows (Harry Potter #7)
2025-11-13 16:39:40 | INFO     | src.database.mongodb:insert_book:77 - Inserted new book: Evicted: Poverty and Profit in the American City (ID: 6915df9cab77a3ff4810a722)
2025-11-13 16:39:40 | INFO     | src.crawler.scraper:_crawl_book:233 - Inserted new book: Evicted: Poverty and Profit in the American City
2025-11-13 16:39:40 | INFO     | src.database.mongodb:insert_book:77 - Inserted new book: Fool Me Once (ID: 6915df9cab77a3ff4810a723)
2025-11-13 16:39:40 | INFO     | src.crawler.scraper:_crawl_book:233 - Inserted new book: Fool Me Once
2025-11-13 16:39:40 | INFO     | src.database.mongodb:insert_book:77 - Inserted new book: I Know Why the Caged Bird Sings (Maya Angelou's Autobiography #1) (ID: 6915df9cab77a3ff4810a724)
2025-11-13 16:39:40 | INFO     | src.crawler.scraper:_crawl_book:233 - Inserted new book: I Know Why the Caged Bird Sings (Maya Angelou's Autobiography #1)
2025-11-13 16:39:40 | INFO     | src.database.mongodb:insert_book:77 - Inserted new book: Dracula the Un-Dead (ID: 6915df9cab77a3ff4810a725)
2025-11-13 16:39:40 | INFO     | src.crawler.scraper:_crawl_book:233 - Inserted new book: Dracula the Un-Dead
2025-11-13 16:39:40 | INFO     | src.database.mongodb:insert_book:77 - Inserted new book: Digital Fortress (ID: 6915df9cab77a3ff4810a726)
2025-11-13 16:39:40 | INFO     | src.crawler.scraper:_crawl_book:233 - Inserted new book: Digital Fortress
2025-11-13 16:39:40 | INFO     | src.database.mongodb:insert_book:77 - Inserted new book: Data, A Love Story: How I Gamed Online Dating to Meet My Match (ID: 6915df9cab77a3ff4810a727)
2025-11-13 16:39:40 | INFO     | src.crawler.scraper:_crawl_book:233 - Inserted new book: Data, A Love Story: How I Gamed Online Dating to Meet My Match
2025-11-13 16:39:40 | INFO     | src.database.mongodb:insert_book:77 - Inserted new book: Death Note, Vol. 5: Whiteout (Death Note #5) (ID: 6915df9cab77a3ff4810a728)
2025-11-13 16:39:40 | INFO     | src.crawler.scraper:_crawl_book:233 - Inserted new book: Death Note, Vol. 5: Whiteout (Death Note #5)
2025-11-13 16:39:40 | INFO     | src.database.mongodb:insert_book:77 - Inserted new book: Critique of Pure Reason (ID: 6915df9cab77a3ff4810a729)
2025-11-13 16:39:40 | INFO     | src.crawler.scraper:_crawl_book:233 - Inserted new book: Critique of Pure Reason
2025-11-13 16:39:40 | INFO     | src.database.mongodb:insert_book:77 - Inserted new book: Booked (ID: 6915df9cab77a3ff4810a72a)
2025-11-13 16:39:40 | INFO     | src.crawler.scraper:_crawl_book:233 - Inserted new book: Booked
2025-11-13 16:39:40 | INFO     | src.database.mongodb:insert_book:77 - Inserted new book: Approval Junkie: Adventures in Caring Too Much (ID: 6915df9cab77a3ff4810a72b)
2025-11-13 16:39:40 | INFO     | src.crawler.scraper:_crawl_book:233 - Inserted new book: Approval Junkie: Adventures in Caring Too Much
2025-11-13 16:39:40 | INFO     | src.database.mongodb:insert_book:77 - Inserted new book: An Abundance of Katherines (ID: 6915df9cab77a3ff4810a72c)
2025-11-13 16:39:40 | INFO     | src.crawler.scraper:_crawl_book:233 - Inserted new book: An Abundance of Katherines
2025-11-13 16:39:40 | INFO     | src.database.mongodb:insert_book:77 - Inserted new book: America's War for the Greater Middle East: A Military History (ID: 6915df9cab77a3ff4810a72d)
2025-11-13 16:39:40 | INFO     | src.crawler.scraper:_crawl_book:233 - Inserted new book: America's War for the Greater Middle East: A Military History
2025-11-13 16:39:40 | INFO     | src.database.mongodb:insert_book:77 - Inserted new book: Blue Lily, Lily Blue (The Raven Cycle #3) (ID: 6915df9cab77a3ff4810a72e)
2025-11-13 16:39:40 | INFO     | src.crawler.scraper:_crawl_book:233 - Inserted new book: Blue Lily, Lily Blue (The Raven Cycle #3)
2025-11-13 16:39:40 | INFO     | src.crawler.scraper:_crawl_catalog:125 - Crawling catalog page 33: https://books.toscrape.com/catalogue/page-33.html
2025-11-13 16:39:40 | INFO     | src.crawler.parser:extract_book_links:169 - Extracted 20 book links from page
2025-11-13 16:39:40 | INFO     | src.crawler.scraper:_crawl_catalog:143 - Found 20 new books on page 33
2025-11-13 16:39:41 | INFO     | src.database.mongodb:insert_book:77 - Inserted new book: Alight (The Generations Trilogy #2) (ID: 6915df9dab77a3ff4810a72f)
2025-11-13 16:39:41 | INFO     | src.crawler.scraper:_crawl_book:233 - Inserted new book: Alight (The Generations Trilogy #2)
2025-11-13 16:39:41 | INFO     | src.database.mongodb:insert_book:77 - Inserted new book: A Girl's Guide to Moving On (New Beginnings #2) (ID: 6915df9dab77a3ff4810a730)
2025-11-13 16:39:41 | INFO     | src.crawler.scraper:_crawl_book:233 - Inserted new book: A Girl's Guide to Moving On (New Beginnings #2)
2025-11-13 16:39:41 | INFO     | src.database.mongodb:insert_book:77 - Inserted new book: A Clash of Kings (A Song of Ice and Fire #2) (ID: 6915df9dab77a3ff4810a731)
2025-11-13 16:39:41 | INFO     | src.crawler.scraper:_crawl_book:233 - Inserted new book: A Clash of Kings (A Song of Ice and Fire #2)
2025-11-13 16:39:41 | INFO     | src.database.mongodb:insert_book:77 - Inserted new book: The Pilgrim's Progress (ID: 6915df9dab77a3ff4810a732)
2025-11-13 16:39:41 | INFO     | src.crawler.scraper:_crawl_book:233 - Inserted new book: The Pilgrim's Progress
2025-11-13 16:39:41 | INFO     | src.database.mongodb:insert_book:77 - Inserted new book: Vogue Colors A to Z: A Fashion Coloring Book (ID: 6915df9dab77a3ff4810a733)
2025-11-13 16:39:41 | INFO     | src.crawler.scraper:_crawl_book:233 - Inserted new book: Vogue Colors A to Z: A Fashion Coloring Book
2025-11-13 16:39:41 | INFO     | src.database.mongodb:insert_book:77 - Inserted new book: The Passion of Dolssa (ID: 6915df9dab77a3ff4810a734)
2025-11-13 16:39:41 | INFO     | src.crawler.scraper:_crawl_book:233 - Inserted new book: The Passion of Dolssa
2025-11-13 16:39:41 | INFO     | src.database.mongodb:insert_book:77 - Inserted new book: The Jazz of Physics: The Secret Link Between Music and the Structure of the Universe (ID: 6915df9dab77a3ff4810a735)
2025-11-13 16:39:41 | INFO     | src.crawler.scraper:_crawl_book:233 - Inserted new book: The Jazz of Physics: The Secret Link Between Music and the Structure of the Universe
2025-11-13 16:39:41 | INFO     | src.database.mongodb:insert_book:77 - Inserted new book: The Hunger Games (The Hunger Games #1) (ID: 6915df9dab77a3ff4810a736)
2025-11-13 16:39:41 | INFO     | src.crawler.scraper:_crawl_book:233 - Inserted new book: The Hunger Games (The Hunger Games #1)
2025-11-13 16:39:41 | INFO     | src.database.mongodb:insert_book:77 - Inserted new book: A Feast for Crows (A Song of Ice and Fire #4) (ID: 6915df9dab77a3ff4810a737)
2025-11-13 16:39:41 | INFO     | src.crawler.scraper:_crawl_book:233 - Inserted new book: A Feast for Crows (A Song of Ice and Fire #4)
2025-11-13 16:39:41 | INFO     | src.database.mongodb:insert_book:77 - Inserted new book: A Game of Thrones (A Song of Ice and Fire #1) (ID: 6915df9dab77a3ff4810a739)
2025-11-13 16:39:41 | INFO     | src.crawler.scraper:_crawl_book:233 - Inserted new book: A Game of Thrones (A Song of Ice and Fire #1)
2025-11-13 16:39:41 | INFO     | src.database.mongodb:insert_book:77 - Inserted new book: The Shining (The Shining #1) (ID: 6915df9dab77a3ff4810a738)
2025-11-13 16:39:41 | INFO     | src.crawler.scraper:_crawl_book:233 - Inserted new book: The Shining (The Shining #1)
2025-11-13 16:39:41 | INFO     | src.database.mongodb:insert_book:77 - Inserted new book: The Perfect Play (Play by Play #1) (ID: 6915df9dab77a3ff4810a73a)
2025-11-13 16:39:41 | INFO     | src.crawler.scraper:_crawl_book:233 - Inserted new book: The Perfect Play (Play by Play #1)
2025-11-13 16:39:41 | INFO     | src.database.mongodb:insert_book:77 - Inserted new book: The Hound of the Baskervilles (Sherlock Holmes #5) (ID: 6915df9dab77a3ff4810a73b)
2025-11-13 16:39:41 | INFO     | src.crawler.scraper:_crawl_book:233 - Inserted new book: The Hound of the Baskervilles (Sherlock Holmes #5)
2025-11-13 16:39:41 | INFO     | src.database.mongodb:insert_book:77 - Inserted new book: The Gunning of America: Business and the Making of American Gun Culture (ID: 6915df9dab77a3ff4810a73c)
2025-11-13 16:39:41 | INFO     | src.crawler.scraper:_crawl_book:233 - Inserted new book: The Gunning of America: Business and the Making of American Gun Culture
2025-11-13 16:39:41 | INFO     | src.database.mongodb:insert_book:77 - Inserted new book: The Geography of Bliss: One Grump's Search for the Happiest Places in the World (ID: 6915df9dab77a3ff4810a73d)
2025-11-13 16:39:41 | INFO     | src.crawler.scraper:_crawl_book:233 - Inserted new book: The Geography of Bliss: One Grump's Search for the Happiest Places in the World
2025-11-13 16:39:41 | INFO     | src.database.mongodb:insert_book:77 - Inserted new book: The Bone Hunters (Lexy Vaughan & Steven Macaulay #2) (ID: 6915df9dab77a3ff4810a73e)
2025-11-13 16:39:41 | INFO     | src.crawler.scraper:_crawl_book:233 - Inserted new book: The Bone Hunters (Lexy Vaughan & Steven Macaulay #2)
2025-11-13 16:39:41 | INFO     | src.database.mongodb:insert_book:77 - Inserted new book: The Demon Prince of Momochi House, Vol. 4 (The Demon Prince of Momochi House #4) (ID: 6915df9dab77a3ff4810a73f)
2025-11-13 16:39:41 | INFO     | src.crawler.scraper:_crawl_book:233 - Inserted new book: The Demon Prince of Momochi House, Vol. 4 (The Demon Prince of Momochi House #4)
2025-11-13 16:39:41 | INFO     | src.database.mongodb:insert_book:77 - Inserted new book: The Demonists (Demonist #1) (ID: 6915df9dab77a3ff4810a740)
2025-11-13 16:39:41 | INFO     | src.crawler.scraper:_crawl_book:233 - Inserted new book: The Demonists (Demonist #1)
2025-11-13 16:39:41 | INFO     | src.database.mongodb:insert_book:77 - Inserted new book: The Beast (Black Dagger Brotherhood #14) (ID: 6915df9dab77a3ff4810a741)
2025-11-13 16:39:41 | INFO     | src.crawler.scraper:_crawl_book:233 - Inserted new book: The Beast (Black Dagger Brotherhood #14)
2025-11-13 16:39:41 | INFO     | src.database.mongodb:insert_book:77 - Inserted new book: Some Women (ID: 6915df9dab77a3ff4810a742)
2025-11-13 16:39:41 | INFO     | src.crawler.scraper:_crawl_book:233 - Inserted new book: Some Women
2025-11-13 16:39:41 | INFO     | src.crawler.scraper:_crawl_catalog:125 - Crawling catalog page 34: https://books.toscrape.com/catalogue/page-34.html
2025-11-13 16:39:42 | INFO     | src.crawler.parser:extract_book_links:169 - Extracted 20 book links from page
2025-11-13 16:39:42 | INFO     | src.crawler.scraper:_crawl_catalog:143 - Found 20 new books on page 34
2025-11-13 16:39:42 | INFO     | src.database.mongodb:insert_book:77 - Inserted new book: Shopaholic Ties the Knot (Shopaholic #3) (ID: 6915df9eab77a3ff4810a743)
2025-11-13 16:39:42 | INFO     | src.crawler.scraper:_crawl_book:233 - Inserted new book: Shopaholic Ties the Knot (Shopaholic #3)
2025-11-13 16:39:42 | INFO     | src.database.mongodb:insert_book:77 - Inserted new book: Mockingjay (The Hunger Games #3) (ID: 6915df9eab77a3ff4810a745)
2025-11-13 16:39:42 | INFO     | src.crawler.scraper:_crawl_book:233 - Inserted new book: Mockingjay (The Hunger Games #3)
2025-11-13 16:39:42 | INFO     | src.database.mongodb:insert_book:77 - Inserted new book: Paper and Fire (The Great Library #2) (ID: 6915df9eab77a3ff4810a744)
2025-11-13 16:39:42 | INFO     | src.crawler.scraper:_crawl_book:233 - Inserted new book: Paper and Fire (The Great Library #2)
2025-11-13 16:39:42 | INFO     | src.database.mongodb:insert_book:77 - Inserted new book: No One Here Gets Out Alive (ID: 6915df9eab77a3ff4810a746)
2025-11-13 16:39:42 | INFO     | src.crawler.scraper:_crawl_book:233 - Inserted new book: No One Here Gets Out Alive
2025-11-13 16:39:42 | INFO     | src.database.mongodb:insert_book:77 - Inserted new book: Night Shift (Night Shift #1-20) (ID: 6915df9eab77a3ff4810a747)
2025-11-13 16:39:42 | INFO     | src.crawler.scraper:_crawl_book:233 - Inserted new book: Night Shift (Night Shift #1-20)
2025-11-13 16:39:42 | INFO     | src.database.mongodb:insert_book:77 - Inserted new book: Little Women (Little Women #1) (ID: 6915df9eab77a3ff4810a748)
2025-11-13 16:39:42 | INFO     | src.crawler.scraper:_crawl_book:233 - Inserted new book: Little Women (Little Women #1)
2025-11-13 16:39:42 | INFO     | src.database.mongodb:insert_book:77 - Inserted new book: Misery (ID: 6915df9eab77a3ff4810a74a)
2025-11-13 16:39:42 | INFO     | src.crawler.scraper:_crawl_book:233 - Inserted new book: Misery
2025-11-13 16:39:42 | INFO     | src.database.mongodb:insert_book:77 - Inserted new book: Orchestra of Exiles: The Story of Bronislaw Huberman, the Israel Philharmonic, and the One Thousand Jews He Saved from Nazi Horrors (ID: 6915df9eab77a3ff4810a749)
2025-11-13 16:39:42 | INFO     | src.crawler.scraper:_crawl_book:233 - Inserted new book: Orchestra of Exiles: The Story of Bronislaw Huberman, the Israel Philharmonic, and the One Thousand Jews He Saved from Nazi Horrors
2025-11-13 16:39:42 | INFO     | src.database.mongodb:insert_book:77 - Inserted new book: Needful Things (ID: 6915df9eab77a3ff4810a74b)
2025-11-13 16:39:42 | INFO     | src.crawler.scraper:_crawl_book:233 - Inserted new book: Needful Things
2025-11-13 16:39:42 | INFO     | src.database.mongodb:insert_book:77 - Inserted new book: Outlander (Outlander #1) (ID: 6915df9eab77a3ff4810a74c)
2025-11-13 16:39:42 | INFO     | src.crawler.scraper:_crawl_book:233 - Inserted new book: Outlander (Outlander #1)
2025-11-13 16:39:42 | INFO     | src.database.mongodb:insert_book:77 - Inserted new book: It (ID: 6915df9eab77a3ff4810a74d)
2025-11-13 16:39:42 | INFO     | src.crawler.scraper:_crawl_book:233 - Inserted new book: It
2025-11-13 16:39:42 | INFO     | src.database.mongodb:insert_book:77 - Inserted new book: Harry Potter and the Prisoner of Azkaban (Harry Potter #3) (ID: 6915df9eab77a3ff4810a74f)
2025-11-13 16:39:42 | INFO     | src.crawler.scraper:_crawl_book:233 - Inserted new book: Harry Potter and the Prisoner of Azkaban (Harry Potter #3)
2025-11-13 16:39:42 | INFO     | src.database.mongodb:insert_book:77 - Inserted new book: Harry Potter and the Sorcerer's Stone (Harry Potter #1) (ID: 6915df9eab77a3ff4810a74e)
2025-11-13 16:39:42 | INFO     | src.crawler.scraper:_crawl_book:233 - Inserted new book: Harry Potter and the Sorcerer's Stone (Harry Potter #1)
2025-11-13 16:39:42 | INFO     | src.database.mongodb:insert_book:77 - Inserted new book: Harry Potter and the Order of the Phoenix (Harry Potter #5) (ID: 6915df9eab77a3ff4810a750)
2025-11-13 16:39:42 | INFO     | src.crawler.scraper:_crawl_book:233 - Inserted new book: Harry Potter and the Order of the Phoenix (Harry Potter #5)
2025-11-13 16:39:42 | INFO     | src.database.mongodb:insert_book:77 - Inserted new book: Harry Potter and the Half-Blood Prince (Harry Potter #6) (ID: 6915df9eab77a3ff4810a751)
2025-11-13 16:39:42 | INFO     | src.crawler.scraper:_crawl_book:233 - Inserted new book: Harry Potter and the Half-Blood Prince (Harry Potter #6)
2025-11-13 16:39:43 | INFO     | src.database.mongodb:insert_book:77 - Inserted new book: Gone with the Wind (ID: 6915df9fab77a3ff4810a752)
2025-11-13 16:39:43 | INFO     | src.crawler.scraper:_crawl_book:233 - Inserted new book: Gone with the Wind
2025-11-13 16:39:43 | INFO     | src.database.mongodb:insert_book:77 - Inserted new book: Fruits Basket, Vol. 4 (Fruits Basket #4) (ID: 6915df9fab77a3ff4810a753)
2025-11-13 16:39:43 | INFO     | src.crawler.scraper:_crawl_book:233 - Inserted new book: Fruits Basket, Vol. 4 (Fruits Basket #4)
2025-11-13 16:39:43 | INFO     | src.database.mongodb:insert_book:77 - Inserted new book: God Is Not Great: How Religion Poisons Everything (ID: 6915df9fab77a3ff4810a754)
2025-11-13 16:39:43 | INFO     | src.crawler.scraper:_crawl_book:233 - Inserted new book: God Is Not Great: How Religion Poisons Everything
2025-11-13 16:39:43 | INFO     | src.database.mongodb:insert_book:77 - Inserted new book: Harry Potter and the Chamber of Secrets (Harry Potter #2) (ID: 6915df9fab77a3ff4810a755)
2025-11-13 16:39:43 | INFO     | src.crawler.scraper:_crawl_book:233 - Inserted new book: Harry Potter and the Chamber of Secrets (Harry Potter #2)
2025-11-13 16:39:43 | INFO     | src.database.mongodb:insert_book:77 - Inserted new book: Girl With a Pearl Earring (ID: 6915df9fab77a3ff4810a756)
2025-11-13 16:39:43 | INFO     | src.crawler.scraper:_crawl_book:233 - Inserted new book: Girl With a Pearl Earring
2025-11-13 16:39:43 | INFO     | src.crawler.scraper:_crawl_catalog:125 - Crawling catalog page 35: https://books.toscrape.com/catalogue/page-35.html
2025-11-13 16:39:43 | INFO     | src.crawler.parser:extract_book_links:169 - Extracted 20 book links from page
2025-11-13 16:39:43 | INFO     | src.crawler.scraper:_crawl_catalog:143 - Found 20 new books on page 35
2025-11-13 16:39:43 | INFO     | src.database.mongodb:insert_book:77 - Inserted new book: Candide (ID: 6915df9fab77a3ff4810a758)
2025-11-13 16:39:43 | INFO     | src.crawler.scraper:_crawl_book:233 - Inserted new book: Candide
2025-11-13 16:39:43 | INFO     | src.database.mongodb:insert_book:77 - Inserted new book: Far From True (Promise Falls Trilogy #2) (ID: 6915df9fab77a3ff4810a757)
2025-11-13 16:39:43 | INFO     | src.crawler.scraper:_crawl_book:233 - Inserted new book: Far From True (Promise Falls Trilogy #2)
2025-11-13 16:39:43 | INFO     | src.database.mongodb:insert_book:77 - Inserted new book: Animal Farm (ID: 6915df9fab77a3ff4810a75a)
2025-11-13 16:39:43 | INFO     | src.crawler.scraper:_crawl_book:233 - Inserted new book: Animal Farm
2025-11-13 16:39:43 | INFO     | src.database.mongodb:insert_book:77 - Inserted new book: Dark Lover (Black Dagger Brotherhood #1) (ID: 6915df9fab77a3ff4810a759)
2025-11-13 16:39:43 | INFO     | src.crawler.scraper:_crawl_book:233 - Inserted new book: Dark Lover (Black Dagger Brotherhood #1)
2025-11-13 16:39:44 | INFO     | src.database.mongodb:insert_book:77 - Inserted new book: Can You Keep a Secret? (ID: 6915df9fab77a3ff4810a75b)
2025-11-13 16:39:44 | INFO     | src.crawler.scraper:_crawl_book:233 - Inserted new book: Can You Keep a Secret?
2025-11-13 16:39:44 | INFO     | src.database.mongodb:insert_book:77 - Inserted new book: A New Earth: Awakening to Your Life's Purpose (ID: 6915dfa0ab77a3ff4810a75c)
2025-11-13 16:39:44 | INFO     | src.crawler.scraper:_crawl_book:233 - Inserted new book: A New Earth: Awakening to Your Life's Purpose
2025-11-13 16:39:44 | INFO     | src.database.mongodb:insert_book:77 - Inserted new book: Changing the Game (Play by Play #2) (ID: 6915dfa0ab77a3ff4810a75d)
2025-11-13 16:39:44 | INFO     | src.crawler.scraper:_crawl_book:233 - Inserted new book: Changing the Game (Play by Play #2)
2025-11-13 16:39:44 | INFO     | src.database.mongodb:insert_book:77 - Inserted new book: Atlas Shrugged (ID: 6915dfa0ab77a3ff4810a75f)
2025-11-13 16:39:44 | INFO     | src.crawler.scraper:_crawl_book:233 - Inserted new book: Atlas Shrugged
2025-11-13 16:39:44 | INFO     | src.database.mongodb:insert_book:77 - Inserted new book: Confessions of a Shopaholic (Shopaholic #1) (ID: 6915dfa0ab77a3ff4810a75e)
2025-11-13 16:39:44 | INFO     | src.crawler.scraper:_crawl_book:233 - Inserted new book: Confessions of a Shopaholic (Shopaholic #1)
2025-11-13 16:39:44 | INFO     | src.database.mongodb:insert_book:77 - Inserted new book: A Walk to Remember (ID: 6915dfa0ab77a3ff4810a760)
2025-11-13 16:39:44 | INFO     | src.crawler.scraper:_crawl_book:233 - Inserted new book: A Walk to Remember
2025-11-13 16:39:44 | INFO     | src.database.mongodb:insert_book:77 - Inserted new book: A History of God: The 4,000-Year Quest of Judaism, Christianity, and Islam (ID: 6915dfa0ab77a3ff4810a761)
2025-11-13 16:39:44 | INFO     | src.crawler.scraper:_crawl_book:233 - Inserted new book: A History of God: The 4,000-Year Quest of Judaism, Christianity, and Islam
2025-11-13 16:39:44 | INFO     | src.database.mongodb:insert_book:77 - Inserted new book: Zero History (Blue Ant #3) (ID: 6915dfa0ab77a3ff4810a763)
2025-11-13 16:39:44 | INFO     | src.crawler.scraper:_crawl_book:233 - Inserted new book: Zero History (Blue Ant #3)
2025-11-13 16:39:44 | INFO     | src.database.mongodb:insert_book:77 - Inserted new book: 'Salem's Lot (ID: 6915dfa0ab77a3ff4810a762)
2025-11-13 16:39:44 | INFO     | src.crawler.scraper:_crawl_book:233 - Inserted new book: 'Salem's Lot
2025-11-13 16:39:44 | INFO     | src.database.mongodb:insert_book:77 - Inserted new book: Wuthering Heights (ID: 6915dfa0ab77a3ff4810a764)
2025-11-13 16:39:44 | INFO     | src.crawler.scraper:_crawl_book:233 - Inserted new book: Wuthering Heights
2025-11-13 16:39:44 | INFO     | src.database.mongodb:insert_book:77 - Inserted new book: World War Z: An Oral History of the Zombie War (ID: 6915dfa0ab77a3ff4810a765)
2025-11-13 16:39:44 | INFO     | src.crawler.scraper:_crawl_book:233 - Inserted new book: World War Z: An Oral History of the Zombie War
2025-11-13 16:39:44 | INFO     | src.database.mongodb:insert_book:77 - Inserted new book: Wild: From Lost to Found on the Pacific Crest Trail (ID: 6915dfa0ab77a3ff4810a766)
2025-11-13 16:39:44 | INFO     | src.crawler.scraper:_crawl_book:233 - Inserted new book: Wild: From Lost to Found on the Pacific Crest Trail
2025-11-13 16:39:44 | INFO     | src.database.mongodb:insert_book:77 - Inserted new book: When You Are Engulfed in Flames (ID: 6915dfa0ab77a3ff4810a767)
2025-11-13 16:39:44 | INFO     | src.crawler.scraper:_crawl_book:233 - Inserted new book: When You Are Engulfed in Flames
2025-11-13 16:39:44 | INFO     | src.database.mongodb:insert_book:77 - Inserted new book: Where'd You Go, Bernadette (ID: 6915dfa0ab77a3ff4810a768)
2025-11-13 16:39:44 | INFO     | src.crawler.scraper:_crawl_book:233 - Inserted new book: Where'd You Go, Bernadette
2025-11-13 16:39:44 | INFO     | src.database.mongodb:insert_book:77 - Inserted new book: We the People: The Modern-Day Figures Who Have Reshaped and Affirmed the Founding Fathers' Vision of America (ID: 6915dfa0ab77a3ff4810a769)
2025-11-13 16:39:44 | INFO     | src.crawler.scraper:_crawl_book:233 - Inserted new book: We the People: The Modern-Day Figures Who Have Reshaped and Affirmed the Founding Fathers' Vision of America
2025-11-13 16:39:44 | INFO     | src.database.mongodb:insert_book:77 - Inserted new book: We Are All Completely Beside Ourselves (ID: 6915dfa0ab77a3ff4810a76a)
2025-11-13 16:39:44 | INFO     | src.crawler.scraper:_crawl_book:233 - Inserted new book: We Are All Completely Beside Ourselves
2025-11-13 16:39:44 | INFO     | src.crawler.scraper:_crawl_catalog:125 - Crawling catalog page 36: https://books.toscrape.com/catalogue/page-36.html
2025-11-13 16:39:45 | INFO     | src.crawler.parser:extract_book_links:169 - Extracted 20 book links from page
2025-11-13 16:39:45 | INFO     | src.crawler.scraper:_crawl_catalog:143 - Found 20 new books on page 36
2025-11-13 16:39:45 | INFO     | src.database.mongodb:insert_book:77 - Inserted new book: Walk the Edge (Thunder Road #2) (ID: 6915dfa1ab77a3ff4810a76b)
2025-11-13 16:39:45 | INFO     | src.crawler.scraper:_crawl_book:233 - Inserted new book: Walk the Edge (Thunder Road #2)
2025-11-13 16:39:45 | INFO     | src.database.mongodb:insert_book:77 - Inserted new book: Voyager (Outlander #3) (ID: 6915dfa1ab77a3ff4810a76c)
2025-11-13 16:39:45 | INFO     | src.crawler.scraper:_crawl_book:233 - Inserted new book: Voyager (Outlander #3)
2025-11-13 16:39:45 | INFO     | src.database.mongodb:insert_book:77 - Inserted new book: Unstuffed: Decluttering Your Home, Mind, and Soul (ID: 6915dfa1ab77a3ff4810a76d)
2025-11-13 16:39:45 | INFO     | src.crawler.scraper:_crawl_book:233 - Inserted new book: Unstuffed: Decluttering Your Home, Mind, and Soul
2025-11-13 16:39:45 | INFO     | src.database.mongodb:insert_book:77 - Inserted new book: Under the Banner of Heaven: A Story of Violent Faith (ID: 6915dfa1ab77a3ff4810a76e)
2025-11-13 16:39:45 | INFO     | src.crawler.scraper:_crawl_book:233 - Inserted new book: Under the Banner of Heaven: A Story of Violent Faith
2025-11-13 16:39:45 | INFO     | src.database.mongodb:insert_book:77 - Inserted new book: Twilight (Twilight #1) (ID: 6915dfa1ab77a3ff4810a76f)
2025-11-13 16:39:45 | INFO     | src.crawler.scraper:_crawl_book:233 - Inserted new book: Twilight (Twilight #1)
2025-11-13 16:39:46 | INFO     | src.database.mongodb:insert_book:77 - Inserted new book: Trespassing Across America: One Man's Epic, Never-Done-Before (and Sort of Illegal) Hike Across the Heartland (ID: 6915dfa1ab77a3ff4810a770)
2025-11-13 16:39:46 | INFO     | src.crawler.scraper:_crawl_book:233 - Inserted new book: Trespassing Across America: One Man's Epic, Never-Done-Before (and Sort of Illegal) Hike Across the Heartland
2025-11-13 16:39:46 | INFO     | src.database.mongodb:insert_book:77 - Inserted new book: Twenties Girl (ID: 6915dfa2ab77a3ff4810a771)
2025-11-13 16:39:46 | INFO     | src.crawler.scraper:_crawl_book:233 - Inserted new book: Twenties Girl
2025-11-13 16:39:46 | INFO     | src.database.mongodb:insert_book:77 - Inserted new book: Vegan Vegetarian Omnivore: Dinner for Everyone at the Table (ID: 6915dfa2ab77a3ff4810a772)
2025-11-13 16:39:46 | INFO     | src.crawler.scraper:_crawl_book:233 - Inserted new book: Vegan Vegetarian Omnivore: Dinner for Everyone at the Table
2025-11-13 16:39:46 | INFO     | src.database.mongodb:insert_book:77 - Inserted new book: Very Good Lives: The Fringe Benefits of Failure and the Importance of Imagination (ID: 6915dfa2ab77a3ff4810a774)
2025-11-13 16:39:46 | INFO     | src.crawler.scraper:_crawl_book:233 - Inserted new book: Very Good Lives: The Fringe Benefits of Failure and the Importance of Imagination
2025-11-13 16:39:46 | INFO     | src.database.mongodb:insert_book:77 - Inserted new book: Three-Martini Lunch (ID: 6915dfa2ab77a3ff4810a775)
2025-11-13 16:39:46 | INFO     | src.crawler.scraper:_crawl_book:233 - Inserted new book: Three-Martini Lunch
2025-11-13 16:39:46 | INFO     | src.database.mongodb:insert_book:77 - Inserted new book: Thinking, Fast and Slow (ID: 6915dfa2ab77a3ff4810a776)
2025-11-13 16:39:46 | INFO     | src.crawler.scraper:_crawl_book:233 - Inserted new book: Thinking, Fast and Slow
2025-11-13 16:39:46 | INFO     | src.database.mongodb:insert_book:77 - Inserted new book: Two Boys Kissing (ID: 6915dfa2ab77a3ff4810a773)
2025-11-13 16:39:46 | INFO     | src.crawler.scraper:_crawl_book:233 - Inserted new book: Two Boys Kissing
2025-11-13 16:39:46 | INFO     | src.database.mongodb:insert_book:77 - Inserted new book: The Wild Robot (ID: 6915dfa2ab77a3ff4810a777)
2025-11-13 16:39:46 | INFO     | src.crawler.scraper:_crawl_book:233 - Inserted new book: The Wild Robot
2025-11-13 16:39:46 | INFO     | src.database.mongodb:insert_book:77 - Inserted new book: The Wicked + The Divine, Vol. 3: Commercial Suicide (The Wicked + The Divine) (ID: 6915dfa2ab77a3ff4810a778)
2025-11-13 16:39:46 | INFO     | src.crawler.scraper:_crawl_book:233 - Inserted new book: The Wicked + The Divine, Vol. 3: Commercial Suicide (The Wicked + The Divine)
2025-11-13 16:39:46 | INFO     | src.database.mongodb:insert_book:77 - Inserted new book: The Undomestic Goddess (ID: 6915dfa2ab77a3ff4810a779)
2025-11-13 16:39:46 | INFO     | src.crawler.scraper:_crawl_book:233 - Inserted new book: The Undomestic Goddess
2025-11-13 16:39:46 | INFO     | src.database.mongodb:insert_book:77 - Inserted new book: The Tipping Point: How Little Things Can Make a Big Difference (ID: 6915dfa2ab77a3ff4810a77a)
2025-11-13 16:39:46 | INFO     | src.crawler.scraper:_crawl_book:233 - Inserted new book: The Tipping Point: How Little Things Can Make a Big Difference
2025-11-13 16:39:46 | INFO     | src.database.mongodb:insert_book:77 - Inserted new book: The Thing About Jellyfish (ID: 6915dfa2ab77a3ff4810a77b)
2025-11-13 16:39:46 | INFO     | src.crawler.scraper:_crawl_book:233 - Inserted new book: The Thing About Jellyfish
2025-11-13 16:39:46 | INFO     | src.database.mongodb:insert_book:77 - Inserted new book: The Smitten Kitchen Cookbook (ID: 6915dfa2ab77a3ff4810a77c)
2025-11-13 16:39:46 | INFO     | src.crawler.scraper:_crawl_book:233 - Inserted new book: The Smitten Kitchen Cookbook
2025-11-13 16:39:46 | INFO     | src.database.mongodb:insert_book:77 - Inserted new book: The Stand (ID: 6915dfa2ab77a3ff4810a77e)
2025-11-13 16:39:46 | INFO     | src.crawler.scraper:_crawl_book:233 - Inserted new book: The Stand
2025-11-13 16:39:46 | INFO     | src.database.mongodb:insert_book:77 - Inserted new book: The Travelers (ID: 6915dfa2ab77a3ff4810a77d)
2025-11-13 16:39:46 | INFO     | src.crawler.scraper:_crawl_book:233 - Inserted new book: The Travelers
2025-11-13 16:39:46 | INFO     | src.crawler.scraper:_crawl_catalog:125 - Crawling catalog page 37: https://books.toscrape.com/catalogue/page-37.html
2025-11-13 16:39:46 | INFO     | src.crawler.parser:extract_book_links:169 - Extracted 20 book links from page
2025-11-13 16:39:46 | INFO     | src.crawler.scraper:_crawl_catalog:143 - Found 20 new books on page 37
2025-11-13 16:39:46 | INFO     | src.database.mongodb:insert_book:77 - Inserted new book: The Silkworm (Cormoran Strike #2) (ID: 6915dfa2ab77a3ff4810a77f)
2025-11-13 16:39:46 | INFO     | src.crawler.scraper:_crawl_book:233 - Inserted new book: The Silkworm (Cormoran Strike #2)
2025-11-13 16:39:46 | INFO     | src.database.mongodb:insert_book:77 - Inserted new book: The Red Tent (ID: 6915dfa2ab77a3ff4810a781)
2025-11-13 16:39:46 | INFO     | src.crawler.scraper:_crawl_book:233 - Inserted new book: The Red Tent
2025-11-13 16:39:46 | INFO     | src.database.mongodb:insert_book:77 - Inserted new book: The Rise of Theodore Roosevelt (Theodore Roosevelt #1) (ID: 6915dfa2ab77a3ff4810a780)
2025-11-13 16:39:46 | INFO     | src.crawler.scraper:_crawl_book:233 - Inserted new book: The Rise of Theodore Roosevelt (Theodore Roosevelt #1)
2025-11-13 16:39:46 | INFO     | src.database.mongodb:insert_book:77 - Inserted new book: The Sandman, Vol. 3: Dream Country (The Sandman (volumes) #3) (ID: 6915dfa2ab77a3ff4810a782)
2025-11-13 16:39:46 | INFO     | src.crawler.scraper:_crawl_book:233 - Inserted new book: The Sandman, Vol. 3: Dream Country (The Sandman (volumes) #3)
2025-11-13 16:39:47 | INFO     | src.database.mongodb:insert_book:77 - Inserted new book: The Restaurant at the End of the Universe (Hitchhiker's Guide to the Galaxy #2) (ID: 6915dfa3ab77a3ff4810a783)
2025-11-13 16:39:47 | INFO     | src.crawler.scraper:_crawl_book:233 - Inserted new book: The Restaurant at the End of the Universe (Hitchhiker's Guide to the Galaxy #2)
2025-11-13 16:39:47 | INFO     | src.database.mongodb:insert_book:77 - Inserted new book: The Purest Hook (Second Circle Tattoos #3) (ID: 6915dfa3ab77a3ff4810a784)
2025-11-13 16:39:47 | INFO     | src.crawler.scraper:_crawl_book:233 - Inserted new book: The Purest Hook (Second Circle Tattoos #3)
2025-11-13 16:39:47 | INFO     | src.database.mongodb:insert_book:77 - Inserted new book: The Rose & the Dagger (The Wrath and the Dawn #2) (ID: 6915dfa3ab77a3ff4810a786)
2025-11-13 16:39:47 | INFO     | src.crawler.scraper:_crawl_book:233 - Inserted new book: The Rose & the Dagger (The Wrath and the Dawn #2)
2025-11-13 16:39:47 | INFO     | src.database.mongodb:insert_book:77 - Inserted new book: The Road to Little Dribbling: Adventures of an American in Britain (Notes From a Small Island #2) (ID: 6915dfa3ab77a3ff4810a785)
2025-11-13 16:39:47 | INFO     | src.crawler.scraper:_crawl_book:233 - Inserted new book: The Road to Little Dribbling: Adventures of an American in Britain (Notes From a Small Island #2)
2025-11-13 16:39:47 | INFO     | src.database.mongodb:insert_book:77 - Inserted new book: The Purpose Driven Life: What on Earth Am I Here for? (ID: 6915dfa3ab77a3ff4810a787)
2025-11-13 16:39:47 | INFO     | src.crawler.scraper:_crawl_book:233 - Inserted new book: The Purpose Driven Life: What on Earth Am I Here for?
2025-11-13 16:39:47 | INFO     | src.database.mongodb:insert_book:77 - Inserted new book: The Rest Is Noise: Listening to the Twentieth Century (ID: 6915dfa3ab77a3ff4810a788)
2025-11-13 16:39:47 | INFO     | src.crawler.scraper:_crawl_book:233 - Inserted new book: The Rest Is Noise: Listening to the Twentieth Century
2025-11-13 16:39:47 | INFO     | src.database.mongodb:insert_book:77 - Inserted new book: The Obsession (ID: 6915dfa3ab77a3ff4810a78b)
2025-11-13 16:39:47 | INFO     | src.crawler.scraper:_crawl_book:233 - Inserted new book: The Obsession
2025-11-13 16:39:47 | INFO     | src.database.mongodb:insert_book:77 - Inserted new book: The Paris Wife (ID: 6915dfa3ab77a3ff4810a78a)
2025-11-13 16:39:47 | INFO     | src.crawler.scraper:_crawl_book:233 - Inserted new book: The Paris Wife
2025-11-13 16:39:47 | INFO     | src.database.mongodb:insert_book:77 - Inserted new book: The Picture of Dorian Gray (ID: 6915dfa3ab77a3ff4810a789)
2025-11-13 16:39:47 | INFO     | src.crawler.scraper:_crawl_book:233 - Inserted new book: The Picture of Dorian Gray
2025-11-13 16:39:47 | INFO     | src.database.mongodb:insert_book:77 - Inserted new book: The Nightingale (ID: 6915dfa3ab77a3ff4810a78c)
2025-11-13 16:39:47 | INFO     | src.crawler.scraper:_crawl_book:233 - Inserted new book: The Nightingale
2025-11-13 16:39:47 | INFO     | src.database.mongodb:insert_book:77 - Inserted new book: The New Guy (and Other Senior Year Distractions) (ID: 6915dfa3ab77a3ff4810a78d)
2025-11-13 16:39:47 | INFO     | src.crawler.scraper:_crawl_book:233 - Inserted new book: The New Guy (and Other Senior Year Distractions)
2025-11-13 16:39:47 | INFO     | src.database.mongodb:insert_book:77 - Inserted new book: The Name of God is Mercy (ID: 6915dfa3ab77a3ff4810a78e)
2025-11-13 16:39:47 | INFO     | src.crawler.scraper:_crawl_book:233 - Inserted new book: The Name of God is Mercy
2025-11-13 16:39:47 | INFO     | src.database.mongodb:insert_book:77 - Inserted new book: The Lonely Ones (ID: 6915dfa3ab77a3ff4810a790)
2025-11-13 16:39:47 | INFO     | src.crawler.scraper:_crawl_book:233 - Inserted new book: The Lonely Ones
2025-11-13 16:39:47 | INFO     | src.database.mongodb:insert_book:77 - Inserted new book: The Maze Runner (The Maze Runner #1) (ID: 6915dfa3ab77a3ff4810a78f)
2025-11-13 16:39:47 | INFO     | src.crawler.scraper:_crawl_book:233 - Inserted new book: The Maze Runner (The Maze Runner #1)
2025-11-13 16:39:47 | INFO     | src.database.mongodb:insert_book:77 - Inserted new book: The Lover's Dictionary (ID: 6915dfa3ab77a3ff4810a792)
2025-11-13 16:39:47 | INFO     | src.crawler.scraper:_crawl_book:233 - Inserted new book: The Lover's Dictionary
2025-11-13 16:39:47 | INFO     | src.database.mongodb:insert_book:77 - Inserted new book: The Nanny Diaries (Nanny #1) (ID: 6915dfa3ab77a3ff4810a791)
2025-11-13 16:39:47 | INFO     | src.crawler.scraper:_crawl_book:233 - Inserted new book: The Nanny Diaries (Nanny #1)
2025-11-13 16:39:47 | INFO     | src.crawler.scraper:_crawl_catalog:125 - Crawling catalog page 38: https://books.toscrape.com/catalogue/page-38.html
2025-11-13 16:39:48 | INFO     | src.crawler.parser:extract_book_links:169 - Extracted 20 book links from page
2025-11-13 16:39:48 | INFO     | src.crawler.scraper:_crawl_catalog:143 - Found 20 new books on page 38
2025-11-13 16:39:48 | INFO     | src.database.mongodb:insert_book:77 - Inserted new book: The Last Painting of Sara de Vos (ID: 6915dfa4ab77a3ff4810a793)
2025-11-13 16:39:48 | INFO     | src.crawler.scraper:_crawl_book:233 - Inserted new book: The Last Painting of Sara de Vos
2025-11-13 16:39:48 | INFO     | src.database.mongodb:insert_book:77 - Inserted new book: The Husband's Secret (ID: 6915dfa4ab77a3ff4810a794)
2025-11-13 16:39:48 | INFO     | src.crawler.scraper:_crawl_book:233 - Inserted new book: The Husband's Secret
2025-11-13 16:39:48 | INFO     | src.database.mongodb:insert_book:77 - Inserted new book: The Lean Startup: How Today's Entrepreneurs Use Continuous Innovation to Create Radically Successful Businesses (ID: 6915dfa4ab77a3ff4810a795)
2025-11-13 16:39:48 | INFO     | src.crawler.scraper:_crawl_book:233 - Inserted new book: The Lean Startup: How Today's Entrepreneurs Use Continuous Innovation to Create Radically Successful Businesses
2025-11-13 16:39:48 | INFO     | src.database.mongodb:insert_book:77 - Inserted new book: The Guernsey Literary and Potato Peel Pie Society (ID: 6915dfa4ab77a3ff4810a796)
2025-11-13 16:39:48 | INFO     | src.crawler.scraper:_crawl_book:233 - Inserted new book: The Guernsey Literary and Potato Peel Pie Society
2025-11-13 16:39:48 | INFO     | src.database.mongodb:insert_book:77 - Inserted new book: The Hitchhiker's Guide to the Galaxy (Hitchhiker's Guide to the Galaxy #1) (ID: 6915dfa4ab77a3ff4810a797)
2025-11-13 16:39:48 | INFO     | src.crawler.scraper:_crawl_book:233 - Inserted new book: The Hitchhiker's Guide to the Galaxy (Hitchhiker's Guide to the Galaxy #1)
2025-11-13 16:39:48 | INFO     | src.database.mongodb:insert_book:77 - Inserted new book: The Giver (The Giver Quartet #1) (ID: 6915dfa4ab77a3ff4810a798)
2025-11-13 16:39:48 | INFO     | src.crawler.scraper:_crawl_book:233 - Inserted new book: The Giver (The Giver Quartet #1)
2025-11-13 16:39:48 | INFO     | src.database.mongodb:insert_book:77 - Inserted new book: The Infinities (ID: 6915dfa4ab77a3ff4810a799)
2025-11-13 16:39:48 | INFO     | src.crawler.scraper:_crawl_book:233 - Inserted new book: The Infinities
2025-11-13 16:39:48 | INFO     | src.database.mongodb:insert_book:77 - Inserted new book: The Guns of August (ID: 6915dfa4ab77a3ff4810a79a)
2025-11-13 16:39:48 | INFO     | src.crawler.scraper:_crawl_book:233 - Inserted new book: The Guns of August
2025-11-13 16:39:48 | INFO     | src.database.mongodb:insert_book:77 - Inserted new book: The Goldfinch (ID: 6915dfa4ab77a3ff4810a79b)
2025-11-13 16:39:48 | INFO     | src.crawler.scraper:_crawl_book:233 - Inserted new book: The Goldfinch
2025-11-13 16:39:48 | INFO     | src.database.mongodb:insert_book:77 - Inserted new book: The Land of 10,000 Madonnas (ID: 6915dfa4ab77a3ff4810a79c)
2025-11-13 16:39:48 | INFO     | src.crawler.scraper:_crawl_book:233 - Inserted new book: The Land of 10,000 Madonnas
2025-11-13 16:39:48 | INFO     | src.database.mongodb:insert_book:77 - Inserted new book: The Girl Who Played with Fire (Millennium Trilogy #2) (ID: 6915dfa4ab77a3ff4810a79d)
2025-11-13 16:39:48 | INFO     | src.crawler.scraper:_crawl_book:233 - Inserted new book: The Girl Who Played with Fire (Millennium Trilogy #2)
2025-11-13 16:39:48 | INFO     | src.database.mongodb:insert_book:77 - Inserted new book: The Girl Who Kicked the Hornet's Nest (Millennium Trilogy #3) (ID: 6915dfa4ab77a3ff4810a79f)
2025-11-13 16:39:48 | INFO     | src.crawler.scraper:_crawl_book:233 - Inserted new book: The Girl Who Kicked the Hornet's Nest (Millennium Trilogy #3)
2025-11-13 16:39:48 | INFO     | src.database.mongodb:insert_book:77 - Inserted new book: The Exiled (ID: 6915dfa4ab77a3ff4810a79e)
2025-11-13 16:39:48 | INFO     | src.crawler.scraper:_crawl_book:233 - Inserted new book: The Exiled
2025-11-13 16:39:48 | INFO     | src.database.mongodb:insert_book:77 - Inserted new book: The Girl with All the Gifts (ID: 6915dfa4ab77a3ff4810a7a0)
2025-11-13 16:39:48 | INFO     | src.crawler.scraper:_crawl_book:233 - Inserted new book: The Girl with All the Gifts
2025-11-13 16:39:48 | INFO     | src.database.mongodb:insert_book:77 - Inserted new book: The End of Faith: Religion, Terror, and the Future of Reason (ID: 6915dfa4ab77a3ff4810a7a1)
2025-11-13 16:39:48 | INFO     | src.crawler.scraper:_crawl_book:233 - Inserted new book: The End of Faith: Religion, Terror, and the Future of Reason
2025-11-13 16:39:48 | INFO     | src.database.mongodb:insert_book:77 - Inserted new book: The Elegant Universe: Superstrings, Hidden Dimensions, and the Quest for the Ultimate Theory (ID: 6915dfa4ab77a3ff4810a7a2)
2025-11-13 16:39:48 | INFO     | src.crawler.scraper:_crawl_book:233 - Inserted new book: The Elegant Universe: Superstrings, Hidden Dimensions, and the Quest for the Ultimate Theory
2025-11-13 16:39:48 | INFO     | src.database.mongodb:insert_book:77 - Inserted new book: The Disappearing Spoon: And Other True Tales of Madness, Love, and the History of the World from the Periodic Table of the Elements (ID: 6915dfa4ab77a3ff4810a7a3)
2025-11-13 16:39:48 | INFO     | src.crawler.scraper:_crawl_book:233 - Inserted new book: The Disappearing Spoon: And Other True Tales of Madness, Love, and the History of the World from the Periodic Table of the Elements
2025-11-13 16:39:48 | INFO     | src.database.mongodb:insert_book:77 - Inserted new book: The Devil Wears Prada (The Devil Wears Prada #1) (ID: 6915dfa4ab77a3ff4810a7a4)
2025-11-13 16:39:48 | INFO     | src.crawler.scraper:_crawl_book:233 - Inserted new book: The Devil Wears Prada (The Devil Wears Prada #1)
2025-11-13 16:39:49 | INFO     | src.database.mongodb:insert_book:77 - Inserted new book: The Demon-Haunted World: Science as a Candle in the Dark (ID: 6915dfa4ab77a3ff4810a7a5)
2025-11-13 16:39:49 | INFO     | src.crawler.scraper:_crawl_book:233 - Inserted new book: The Demon-Haunted World: Science as a Candle in the Dark
2025-11-13 16:39:49 | INFO     | src.database.mongodb:insert_book:77 - Inserted new book: The Day the Crayons Came Home (Crayons) (ID: 6915dfa4ab77a3ff4810a7a6)
2025-11-13 16:39:49 | INFO     | src.crawler.scraper:_crawl_book:233 - Inserted new book: The Day the Crayons Came Home (Crayons)
2025-11-13 16:39:49 | INFO     | src.crawler.scraper:_crawl_catalog:125 - Crawling catalog page 39: https://books.toscrape.com/catalogue/page-39.html
2025-11-13 16:39:49 | INFO     | src.crawler.parser:extract_book_links:169 - Extracted 20 book links from page
2025-11-13 16:39:49 | INFO     | src.crawler.scraper:_crawl_catalog:143 - Found 20 new books on page 39
2025-11-13 16:39:49 | INFO     | src.database.mongodb:insert_book:77 - Inserted new book: The Cuckoo's Calling (Cormoran Strike #1) (ID: 6915dfa5ab77a3ff4810a7a7)
2025-11-13 16:39:49 | INFO     | src.crawler.scraper:_crawl_book:233 - Inserted new book: The Cuckoo's Calling (Cormoran Strike #1)
2025-11-13 16:39:49 | INFO     | src.database.mongodb:insert_book:77 - Inserted new book: The Da Vinci Code (Robert Langdon #2) (ID: 6915dfa5ab77a3ff4810a7a8)
2025-11-13 16:39:49 | INFO     | src.crawler.scraper:_crawl_book:233 - Inserted new book: The Da Vinci Code (Robert Langdon #2)
2025-11-13 16:39:49 | INFO     | src.database.mongodb:insert_book:77 - Inserted new book: The Book Thief (ID: 6915dfa5ab77a3ff4810a7a9)
2025-11-13 16:39:49 | INFO     | src.crawler.scraper:_crawl_book:233 - Inserted new book: The Book Thief
2025-11-13 16:39:49 | INFO     | src.database.mongodb:insert_book:77 - Inserted new book: The Catcher in the Rye (ID: 6915dfa5ab77a3ff4810a7aa)
2025-11-13 16:39:49 | INFO     | src.crawler.scraper:_crawl_book:233 - Inserted new book: The Catcher in the Rye
2025-11-13 16:39:49 | INFO     | src.database.mongodb:insert_book:77 - Inserted new book: The Complete Poems (ID: 6915dfa5ab77a3ff4810a7ab)
2025-11-13 16:39:49 | INFO     | src.crawler.scraper:_crawl_book:233 - Inserted new book: The Complete Poems
2025-11-13 16:39:50 | INFO     | src.database.mongodb:insert_book:77 - Inserted new book: The Complete Stories and Poems (The Works of Edgar Allan Poe [Cameo Edition]) (ID: 6915dfa5ab77a3ff4810a7ac)
2025-11-13 16:39:50 | INFO     | src.crawler.scraper:_crawl_book:233 - Inserted new book: The Complete Stories and Poems (The Works of Edgar Allan Poe [Cameo Edition])
2025-11-13 16:39:50 | INFO     | src.database.mongodb:insert_book:77 - Inserted new book: The Cat in the Hat (Beginner Books B-1) (ID: 6915dfa5ab77a3ff4810a7af)
2025-11-13 16:39:50 | INFO     | src.crawler.scraper:_crawl_book:233 - Inserted new book: The Cat in the Hat (Beginner Books B-1)
2025-11-13 16:39:50 | INFO     | src.database.mongodb:insert_book:77 - Inserted new book: The Case for Christ (Cases for Christianity) (ID: 6915dfa5ab77a3ff4810a7ae)
2025-11-13 16:39:50 | INFO     | src.crawler.scraper:_crawl_book:233 - Inserted new book: The Case for Christ (Cases for Christianity)
2025-11-13 16:39:50 | INFO     | src.database.mongodb:insert_book:77 - Inserted new book: The Book of Basketball: The NBA According to The Sports Guy (ID: 6915dfa5ab77a3ff4810a7ad)
2025-11-13 16:39:50 | INFO     | src.crawler.scraper:_crawl_book:233 - Inserted new book: The Book of Basketball: The NBA According to The Sports Guy
2025-11-13 16:39:50 | INFO     | src.database.mongodb:insert_book:77 - Inserted new book: The Blind Side: Evolution of a Game (ID: 6915dfa5ab77a3ff4810a7b0)
2025-11-13 16:39:50 | INFO     | src.crawler.scraper:_crawl_book:233 - Inserted new book: The Blind Side: Evolution of a Game
2025-11-13 16:39:50 | INFO     | src.database.mongodb:insert_book:77 - Inserted new book: The Art of Fielding (ID: 6915dfa6ab77a3ff4810a7b2)
2025-11-13 16:39:50 | INFO     | src.crawler.scraper:_crawl_book:233 - Inserted new book: The Art of Fielding
2025-11-13 16:39:50 | INFO     | src.database.mongodb:insert_book:77 - Inserted new book: The Autobiography of Malcolm X (ID: 6915dfa6ab77a3ff4810a7b1)
2025-11-13 16:39:50 | INFO     | src.crawler.scraper:_crawl_book:233 - Inserted new book: The Autobiography of Malcolm X
2025-11-13 16:39:50 | INFO     | src.database.mongodb:insert_book:77 - Inserted new book: The Art of Simple Food: Notes, Lessons, and Recipes from a Delicious Revolution (ID: 6915dfa6ab77a3ff4810a7b3)
2025-11-13 16:39:50 | INFO     | src.crawler.scraper:_crawl_book:233 - Inserted new book: The Art of Simple Food: Notes, Lessons, and Recipes from a Delicious Revolution
2025-11-13 16:39:50 | INFO     | src.database.mongodb:insert_book:77 - Inserted new book: Surely You're Joking, Mr. Feynman!: Adventures of a Curious Character (ID: 6915dfa6ab77a3ff4810a7b4)
2025-11-13 16:39:50 | INFO     | src.crawler.scraper:_crawl_book:233 - Inserted new book: Surely You're Joking, Mr. Feynman!: Adventures of a Curious Character
2025-11-13 16:39:50 | INFO     | src.database.mongodb:insert_book:77 - Inserted new book: Stiff: The Curious Lives of Human Cadavers (ID: 6915dfa6ab77a3ff4810a7b5)
2025-11-13 16:39:50 | INFO     | src.crawler.scraper:_crawl_book:233 - Inserted new book: Stiff: The Curious Lives of Human Cadavers
2025-11-13 16:39:50 | INFO     | src.database.mongodb:insert_book:77 - Inserted new book: Something Blue (Darcy & Rachel #2) (ID: 6915dfa6ab77a3ff4810a7b7)
2025-11-13 16:39:50 | INFO     | src.crawler.scraper:_crawl_book:233 - Inserted new book: Something Blue (Darcy & Rachel #2)
2025-11-13 16:39:50 | INFO     | src.database.mongodb:insert_book:77 - Inserted new book: Something Borrowed (Darcy & Rachel #1) (ID: 6915dfa6ab77a3ff4810a7b6)
2025-11-13 16:39:50 | INFO     | src.crawler.scraper:_crawl_book:233 - Inserted new book: Something Borrowed (Darcy & Rachel #1)
2025-11-13 16:39:50 | INFO     | src.database.mongodb:insert_book:77 - Inserted new book: Shopaholic & Baby (Shopaholic #5) (ID: 6915dfa6ab77a3ff4810a7b8)
2025-11-13 16:39:50 | INFO     | src.crawler.scraper:_crawl_book:233 - Inserted new book: Shopaholic & Baby (Shopaholic #5)
2025-11-13 16:39:50 | INFO     | src.database.mongodb:insert_book:77 - Inserted new book: Soldier (Talon #3) (ID: 6915dfa6ab77a3ff4810a7b9)
2025-11-13 16:39:50 | INFO     | src.crawler.scraper:_crawl_book:233 - Inserted new book: Soldier (Talon #3)
2025-11-13 16:39:50 | INFO     | src.database.mongodb:insert_book:77 - Inserted new book: Spilled Milk: Based on a True Story (ID: 6915dfa6ab77a3ff4810a7ba)
2025-11-13 16:39:50 | INFO     | src.crawler.scraper:_crawl_book:233 - Inserted new book: Spilled Milk: Based on a True Story
2025-11-13 16:39:50 | INFO     | src.crawler.scraper:_crawl_catalog:125 - Crawling catalog page 40: https://books.toscrape.com/catalogue/page-40.html
2025-11-13 16:39:51 | INFO     | src.crawler.parser:extract_book_links:169 - Extracted 20 book links from page
2025-11-13 16:39:51 | INFO     | src.crawler.scraper:_crawl_catalog:143 - Found 20 new books on page 40
2025-11-13 16:39:51 | INFO     | src.database.mongodb:insert_book:77 - Inserted new book: Seven Days in the Art World (ID: 6915dfa7ab77a3ff4810a7bb)
2025-11-13 16:39:51 | INFO     | src.crawler.scraper:_crawl_book:233 - Inserted new book: Seven Days in the Art World
2025-11-13 16:39:51 | INFO     | src.database.mongodb:insert_book:77 - Inserted new book: Seven Brief Lessons on Physics (ID: 6915dfa7ab77a3ff4810a7bc)
2025-11-13 16:39:51 | INFO     | src.crawler.scraper:_crawl_book:233 - Inserted new book: Seven Brief Lessons on Physics
2025-11-13 16:39:51 | INFO     | src.database.mongodb:insert_book:77 - Inserted new book: Rise of the Rocket Girls: The Women Who Propelled Us, from Missiles to the Moon to Mars (ID: 6915dfa7ab77a3ff4810a7bd)
2025-11-13 16:39:51 | INFO     | src.crawler.scraper:_crawl_book:233 - Inserted new book: Rise of the Rocket Girls: The Women Who Propelled Us, from Missiles to the Moon to Mars
2025-11-13 16:39:51 | INFO     | src.database.mongodb:insert_book:77 - Inserted new book: Running with Scissors (ID: 6915dfa7ab77a3ff4810a7be)
2025-11-13 16:39:51 | INFO     | src.crawler.scraper:_crawl_book:233 - Inserted new book: Running with Scissors
2025-11-13 16:39:51 | INFO     | src.database.mongodb:insert_book:77 - Inserted new book: Saga, Volume 3 (Saga (Collected Editions) #3) (ID: 6915dfa7ab77a3ff4810a7c0)
2025-11-13 16:39:51 | INFO     | src.crawler.scraper:_crawl_book:233 - Inserted new book: Saga, Volume 3 (Saga (Collected Editions) #3)
2025-11-13 16:39:51 | INFO     | src.database.mongodb:insert_book:77 - Inserted new book: Reservations for Two (ID: 6915dfa7ab77a3ff4810a7bf)
2025-11-13 16:39:51 | INFO     | src.crawler.scraper:_crawl_book:233 - Inserted new book: Reservations for Two
2025-11-13 16:39:51 | INFO     | src.database.mongodb:insert_book:77 - Inserted new book: Rework (ID: 6915dfa7ab77a3ff4810a7c2)
2025-11-13 16:39:51 | INFO     | src.crawler.scraper:_crawl_book:233 - Inserted new book: Rework
2025-11-13 16:39:51 | INFO     | src.database.mongodb:insert_book:77 - Inserted new book: Scarlet (The Lunar Chronicles #2) (ID: 6915dfa7ab77a3ff4810a7c3)
2025-11-13 16:39:51 | INFO     | src.crawler.scraper:_crawl_book:233 - Inserted new book: Scarlet (The Lunar Chronicles #2)
2025-11-13 16:39:51 | INFO     | src.database.mongodb:insert_book:77 - Inserted new book: Rogue Lawyer (Rogue Lawyer #1) (ID: 6915dfa7ab77a3ff4810a7c1)
2025-11-13 16:39:51 | INFO     | src.crawler.scraper:_crawl_book:233 - Inserted new book: Rogue Lawyer (Rogue Lawyer #1)
2025-11-13 16:39:51 | INFO     | src.database.mongodb:insert_book:77 - Inserted new book: Sarah's Key (ID: 6915dfa7ab77a3ff4810a7c4)
2025-11-13 16:39:51 | INFO     | src.crawler.scraper:_crawl_book:233 - Inserted new book: Sarah's Key
2025-11-13 16:39:51 | INFO     | src.database.mongodb:insert_book:77 - Inserted new book: Red: The True Story of Red Riding Hood (ID: 6915dfa7ab77a3ff4810a7c5)
2025-11-13 16:39:51 | INFO     | src.crawler.scraper:_crawl_book:233 - Inserted new book: Red: The True Story of Red Riding Hood
2025-11-13 16:39:51 | INFO     | src.database.mongodb:insert_book:77 - Inserted new book: Ready Player One (ID: 6915dfa7ab77a3ff4810a7c6)
2025-11-13 16:39:51 | INFO     | src.crawler.scraper:_crawl_book:233 - Inserted new book: Ready Player One
2025-11-13 16:39:51 | INFO     | src.database.mongodb:insert_book:77 - Inserted new book: Quiet: The Power of Introverts in a World That Can't Stop Talking (ID: 6915dfa7ab77a3ff4810a7c7)
2025-11-13 16:39:51 | INFO     | src.crawler.scraper:_crawl_book:233 - Inserted new book: Quiet: The Power of Introverts in a World That Can't Stop Talking
2025-11-13 16:39:52 | INFO     | src.database.mongodb:insert_book:77 - Inserted new book: Persepolis: The Story of a Childhood (Persepolis #1-2) (ID: 6915dfa8ab77a3ff4810a7c8)
2025-11-13 16:39:52 | INFO     | src.crawler.scraper:_crawl_book:233 - Inserted new book: Persepolis: The Story of a Childhood (Persepolis #1-2)
2025-11-13 16:39:52 | INFO     | src.database.mongodb:insert_book:77 - Inserted new book: Prodigy: The Graphic Novel (Legend: The Graphic Novel #2) (ID: 6915dfa8ab77a3ff4810a7c9)
2025-11-13 16:39:52 | INFO     | src.crawler.scraper:_crawl_book:233 - Inserted new book: Prodigy: The Graphic Novel (Legend: The Graphic Novel #2)
2025-11-13 16:39:52 | INFO     | src.database.mongodb:insert_book:77 - Inserted new book: Outliers: The Story of Success (ID: 6915dfa8ab77a3ff4810a7ca)
2025-11-13 16:39:52 | INFO     | src.crawler.scraper:_crawl_book:233 - Inserted new book: Outliers: The Story of Success
2025-11-13 16:39:52 | INFO     | src.database.mongodb:insert_book:77 - Inserted new book: Packing for Mars: The Curious Science of Life in the Void (ID: 6915dfa8ab77a3ff4810a7cb)
2025-11-13 16:39:52 | INFO     | src.crawler.scraper:_crawl_book:233 - Inserted new book: Packing for Mars: The Curious Science of Life in the Void
2025-11-13 16:39:52 | INFO     | src.database.mongodb:insert_book:77 - Inserted new book: One for the Money (Stephanie Plum #1) (ID: 6915dfa8ab77a3ff4810a7cc)
2025-11-13 16:39:52 | INFO     | src.crawler.scraper:_crawl_book:233 - Inserted new book: One for the Money (Stephanie Plum #1)
2025-11-13 16:39:52 | INFO     | src.database.mongodb:insert_book:77 - Inserted new book: Original Fake (ID: 6915dfa8ab77a3ff4810a7cd)
2025-11-13 16:39:52 | INFO     | src.crawler.scraper:_crawl_book:233 - Inserted new book: Original Fake
2025-11-13 16:39:52 | INFO     | src.database.mongodb:insert_book:77 - Inserted new book: Orange Is the New Black (ID: 6915dfa8ab77a3ff4810a7ce)
2025-11-13 16:39:52 | INFO     | src.crawler.scraper:_crawl_book:233 - Inserted new book: Orange Is the New Black
2025-11-13 16:39:52 | INFO     | src.crawler.scraper:_crawl_catalog:125 - Crawling catalog page 41: https://books.toscrape.com/catalogue/page-41.html
2025-11-13 16:39:52 | INFO     | src.crawler.parser:extract_book_links:169 - Extracted 20 book links from page
2025-11-13 16:39:52 | INFO     | src.crawler.scraper:_crawl_catalog:143 - Found 20 new books on page 41
2025-11-13 16:39:52 | INFO     | src.database.mongodb:insert_book:77 - Inserted new book: Notes from a Small Island (Notes From a Small Island #1) (ID: 6915dfa8ab77a3ff4810a7cf)
2025-11-13 16:39:52 | INFO     | src.crawler.scraper:_crawl_book:233 - Inserted new book: Notes from a Small Island (Notes From a Small Island #1)
2025-11-13 16:39:52 | INFO     | src.database.mongodb:insert_book:77 - Inserted new book: Morning Star (Red Rising #3) (ID: 6915dfa8ab77a3ff4810a7d0)
2025-11-13 16:39:52 | INFO     | src.crawler.scraper:_crawl_book:233 - Inserted new book: Morning Star (Red Rising #3)
2025-11-13 16:39:53 | INFO     | src.database.mongodb:insert_book:77 - Inserted new book: Night (The Night Trilogy #1) (ID: 6915dfa9ab77a3ff4810a7d1)
2025-11-13 16:39:53 | INFO     | src.crawler.scraper:_crawl_book:233 - Inserted new book: Night (The Night Trilogy #1)
2025-11-13 16:39:53 | INFO     | src.database.mongodb:insert_book:77 - Inserted new book: Me Talk Pretty One Day (ID: 6915dfa9ab77a3ff4810a7d2)
2025-11-13 16:39:53 | INFO     | src.crawler.scraper:_crawl_book:233 - Inserted new book: Me Talk Pretty One Day
2025-11-13 16:39:53 | INFO     | src.database.mongodb:insert_book:77 - Inserted new book: Lust & Wonder (ID: 6915dfa9ab77a3ff4810a7d3)
2025-11-13 16:39:53 | INFO     | src.crawler.scraper:_crawl_book:233 - Inserted new book: Lust & Wonder
2025-11-13 16:39:53 | INFO     | src.database.mongodb:insert_book:77 - Inserted new book: Neither Here nor There: Travels in Europe (ID: 6915dfa9ab77a3ff4810a7d5)
2025-11-13 16:39:53 | INFO     | src.crawler.scraper:_crawl_book:233 - Inserted new book: Neither Here nor There: Travels in Europe
2025-11-13 16:39:53 | INFO     | src.database.mongodb:insert_book:77 - Inserted new book: Midnight Riot (Peter Grant/ Rivers of London - books #1) (ID: 6915dfa9ab77a3ff4810a7d4)
2025-11-13 16:39:53 | INFO     | src.crawler.scraper:_crawl_book:233 - Inserted new book: Midnight Riot (Peter Grant/ Rivers of London - books #1)
2025-11-13 16:39:53 | INFO     | src.database.mongodb:insert_book:77 - Inserted new book: Naked (ID: 6915dfa9ab77a3ff4810a7d6)
2025-11-13 16:39:53 | INFO     | src.crawler.scraper:_crawl_book:233 - Inserted new book: Naked
2025-11-13 16:39:53 | INFO     | src.database.mongodb:insert_book:77 - Inserted new book: Manuscript Found in Accra (ID: 6915dfa9ab77a3ff4810a7d7)
2025-11-13 16:39:53 | INFO     | src.crawler.scraper:_crawl_book:233 - Inserted new book: Manuscript Found in Accra
2025-11-13 16:39:53 | INFO     | src.database.mongodb:insert_book:77 - Inserted new book: Miracles from Heaven: A Little Girl, Her Journey to Heaven, and Her Amazing Story of Healing (ID: 6915dfa9ab77a3ff4810a7d8)
2025-11-13 16:39:53 | INFO     | src.crawler.scraper:_crawl_book:233 - Inserted new book: Miracles from Heaven: A Little Girl, Her Journey to Heaven, and Her Amazing Story of Healing
2025-11-13 16:39:53 | INFO     | src.database.mongodb:insert_book:77 - Inserted new book: Lila (Gilead #3) (ID: 6915dfa9ab77a3ff4810a7d9)
2025-11-13 16:39:53 | INFO     | src.crawler.scraper:_crawl_book:233 - Inserted new book: Lila (Gilead #3)
2025-11-13 16:39:53 | INFO     | src.database.mongodb:insert_book:77 - Inserted new book: Life, the Universe and Everything (Hitchhiker's Guide to the Galaxy #3) (ID: 6915dfa9ab77a3ff4810a7da)
2025-11-13 16:39:53 | INFO     | src.crawler.scraper:_crawl_book:233 - Inserted new book: Life, the Universe and Everything (Hitchhiker's Guide to the Galaxy #3)
2025-11-13 16:39:53 | INFO     | src.database.mongodb:insert_book:77 - Inserted new book: Life Without a Recipe (ID: 6915dfa9ab77a3ff4810a7db)
2025-11-13 16:39:53 | INFO     | src.crawler.scraper:_crawl_book:233 - Inserted new book: Life Without a Recipe
2025-11-13 16:39:53 | INFO     | src.database.mongodb:insert_book:77 - Inserted new book: Life After Life (ID: 6915dfa9ab77a3ff4810a7dc)
2025-11-13 16:39:53 | INFO     | src.crawler.scraper:_crawl_book:233 - Inserted new book: Life After Life
2025-11-13 16:39:53 | INFO     | src.database.mongodb:insert_book:77 - Inserted new book: Letter to a Christian Nation (ID: 6915dfa9ab77a3ff4810a7dd)
2025-11-13 16:39:53 | INFO     | src.crawler.scraper:_crawl_book:233 - Inserted new book: Letter to a Christian Nation
2025-11-13 16:39:53 | INFO     | src.database.mongodb:insert_book:77 - Inserted new book: Lean In: Women, Work, and the Will to Lead (ID: 6915dfa9ab77a3ff4810a7de)
2025-11-13 16:39:53 | INFO     | src.crawler.scraper:_crawl_book:233 - Inserted new book: Lean In: Women, Work, and the Will to Lead
2025-11-13 16:39:53 | INFO     | src.database.mongodb:insert_book:77 - Inserted new book: Lady Renegades (Rebel Belle #3) (ID: 6915dfa9ab77a3ff4810a7df)
2025-11-13 16:39:53 | INFO     | src.crawler.scraper:_crawl_book:233 - Inserted new book: Lady Renegades (Rebel Belle #3)
2025-11-13 16:39:53 | INFO     | src.database.mongodb:insert_book:77 - Inserted new book: Lamb: The Gospel According to Biff, Christ's Childhood Pal (ID: 6915dfa9ab77a3ff4810a7e1)
2025-11-13 16:39:53 | INFO     | src.crawler.scraper:_crawl_book:233 - Inserted new book: Lamb: The Gospel According to Biff, Christ's Childhood Pal
2025-11-13 16:39:53 | INFO     | src.database.mongodb:insert_book:77 - Inserted new book: Let's Pretend This Never Happened: A Mostly True Memoir (ID: 6915dfa9ab77a3ff4810a7e0)
2025-11-13 16:39:53 | INFO     | src.crawler.scraper:_crawl_book:233 - Inserted new book: Let's Pretend This Never Happened: A Mostly True Memoir
2025-11-13 16:39:53 | INFO     | src.database.mongodb:insert_book:77 - Inserted new book: Legend (Legend #1) (ID: 6915dfa9ab77a3ff4810a7e2)
2025-11-13 16:39:53 | INFO     | src.crawler.scraper:_crawl_book:233 - Inserted new book: Legend (Legend #1)
2025-11-13 16:39:53 | INFO     | src.crawler.scraper:_crawl_catalog:125 - Crawling catalog page 42: https://books.toscrape.com/catalogue/page-42.html
2025-11-13 16:39:54 | INFO     | src.crawler.parser:extract_book_links:169 - Extracted 20 book links from page
2025-11-13 16:39:54 | INFO     | src.crawler.scraper:_crawl_catalog:143 - Found 20 new books on page 42
2025-11-13 16:39:54 | INFO     | src.database.mongodb:insert_book:77 - Inserted new book: I've Got Your Number (ID: 6915dfaaab77a3ff4810a7e4)
2025-11-13 16:39:54 | INFO     | src.crawler.scraper:_crawl_book:233 - Inserted new book: I've Got Your Number
2025-11-13 16:39:54 | INFO     | src.database.mongodb:insert_book:77 - Inserted new book: Jurassic Park (Jurassic Park #1) (ID: 6915dfaaab77a3ff4810a7e3)
2025-11-13 16:39:54 | INFO     | src.crawler.scraper:_crawl_book:233 - Inserted new book: Jurassic Park (Jurassic Park #1)
2025-11-13 16:39:55 | INFO     | src.database.mongodb:insert_book:77 - Inserted new book: Inferno (Robert Langdon #4) (ID: 6915dfabab77a3ff4810a7e5)
2025-11-13 16:39:55 | INFO     | src.crawler.scraper:_crawl_book:233 - Inserted new book: Inferno (Robert Langdon #4)
2025-11-13 16:39:55 | INFO     | src.database.mongodb:insert_book:77 - Inserted new book: It's Never Too Late to Begin Again: Discovering Creativity and Meaning at Midlife and Beyond (ID: 6915dfabab77a3ff4810a7e6)
2025-11-13 16:39:55 | INFO     | src.crawler.scraper:_crawl_book:233 - Inserted new book: It's Never Too Late to Begin Again: Discovering Creativity and Meaning at Midlife and Beyond
2025-11-13 16:39:55 | INFO     | src.database.mongodb:insert_book:77 - Inserted new book: Hungry Girl Clean & Hungry: Easy All-Natural Recipes for Healthy Eating in the Real World (ID: 6915dfabab77a3ff4810a7e7)
2025-11-13 16:39:55 | INFO     | src.crawler.scraper:_crawl_book:233 - Inserted new book: Hungry Girl Clean & Hungry: Easy All-Natural Recipes for Healthy Eating in the Real World
2025-11-13 16:39:55 | INFO     | src.database.mongodb:insert_book:77 - Inserted new book: In the Garden of Beasts: Love, Terror, and an American Family in Hitler's Berlin (ID: 6915dfabab77a3ff4810a7e8)
2025-11-13 16:39:55 | INFO     | src.crawler.scraper:_crawl_book:233 - Inserted new book: In the Garden of Beasts: Love, Terror, and an American Family in Hitler's Berlin
2025-11-13 16:39:55 | INFO     | src.database.mongodb:insert_book:77 - Inserted new book: I Am Malala: The Girl Who Stood Up for Education and Was Shot by the Taliban (ID: 6915dfabab77a3ff4810a7e9)
2025-11-13 16:39:55 | INFO     | src.crawler.scraper:_crawl_book:233 - Inserted new book: I Am Malala: The Girl Who Stood Up for Education and Was Shot by the Taliban
2025-11-13 16:39:55 | INFO     | src.database.mongodb:insert_book:77 - Inserted new book: Into the Wild (ID: 6915dfabab77a3ff4810a7ea)
2025-11-13 16:39:55 | INFO     | src.crawler.scraper:_crawl_book:233 - Inserted new book: Into the Wild
2025-11-13 16:39:55 | INFO     | src.database.mongodb:insert_book:77 - Inserted new book: If I Run (If I Run #1) (ID: 6915dfabab77a3ff4810a7eb)
2025-11-13 16:39:55 | INFO     | src.crawler.scraper:_crawl_book:233 - Inserted new book: If I Run (If I Run #1)
2025-11-13 16:39:55 | INFO     | src.database.mongodb:insert_book:77 - Inserted new book: House of Lost Worlds: Dinosaurs, Dynasties, and the Story of Life on Earth (ID: 6915dfabab77a3ff4810a7ed)
2025-11-13 16:39:55 | INFO     | src.crawler.scraper:_crawl_book:233 - Inserted new book: House of Lost Worlds: Dinosaurs, Dynasties, and the Story of Life on Earth
2025-11-13 16:39:55 | INFO     | src.database.mongodb:insert_book:77 - Inserted new book: Is Everyone Hanging Out Without Me? (And Other Concerns) (ID: 6915dfabab77a3ff4810a7ec)
2025-11-13 16:39:55 | INFO     | src.crawler.scraper:_crawl_book:233 - Inserted new book: Is Everyone Hanging Out Without Me? (And Other Concerns)
2025-11-13 16:39:55 | INFO     | src.database.mongodb:insert_book:77 - Inserted new book: House of Leaves (ID: 6915dfabab77a3ff4810a7ee)
2025-11-13 16:39:55 | INFO     | src.crawler.scraper:_crawl_book:233 - Inserted new book: House of Leaves
2025-11-13 16:39:55 | INFO     | src.database.mongodb:insert_book:77 - Inserted new book: Horrible Bear! (ID: 6915dfabab77a3ff4810a7ef)
2025-11-13 16:39:55 | INFO     | src.crawler.scraper:_crawl_book:233 - Inserted new book: Horrible Bear!
2025-11-13 16:39:55 | INFO     | src.database.mongodb:insert_book:77 - Inserted new book: Holidays on Ice (ID: 6915dfabab77a3ff4810a7f0)
2025-11-13 16:39:55 | INFO     | src.crawler.scraper:_crawl_book:233 - Inserted new book: Holidays on Ice
2025-11-13 16:39:55 | INFO     | src.database.mongodb:insert_book:77 - Inserted new book: Heir to the Sky (ID: 6915dfabab77a3ff4810a7f1)
2025-11-13 16:39:55 | INFO     | src.crawler.scraper:_crawl_book:233 - Inserted new book: Heir to the Sky
2025-11-13 16:39:55 | INFO     | src.database.mongodb:insert_book:77 - Inserted new book: Green Eggs and Ham (Beginner Books B-16) (ID: 6915dfabab77a3ff4810a7f2)
2025-11-13 16:39:55 | INFO     | src.crawler.scraper:_crawl_book:233 - Inserted new book: Green Eggs and Ham (Beginner Books B-16)
2025-11-13 16:39:55 | INFO     | src.database.mongodb:insert_book:77 - Inserted new book: Gone Girl (ID: 6915dfabab77a3ff4810a7f3)
2025-11-13 16:39:55 | INFO     | src.crawler.scraper:_crawl_book:233 - Inserted new book: Gone Girl
2025-11-13 16:39:55 | INFO     | src.database.mongodb:insert_book:77 - Inserted new book: Grayson, Vol 3: Nemesis (Grayson #3) (ID: 6915dfabab77a3ff4810a7f4)
2025-11-13 16:39:55 | INFO     | src.crawler.scraper:_crawl_book:233 - Inserted new book: Grayson, Vol 3: Nemesis (Grayson #3)
2025-11-13 16:39:55 | INFO     | src.database.mongodb:insert_book:77 - Inserted new book: Golden (Heart of Dread #3) (ID: 6915dfabab77a3ff4810a7f5)
2025-11-13 16:39:55 | INFO     | src.crawler.scraper:_crawl_book:233 - Inserted new book: Golden (Heart of Dread #3)
2025-11-13 16:39:55 | INFO     | src.database.mongodb:insert_book:77 - Inserted new book: Gratitude (ID: 6915dfabab77a3ff4810a7f6)
2025-11-13 16:39:55 | INFO     | src.crawler.scraper:_crawl_book:233 - Inserted new book: Gratitude
2025-11-13 16:39:55 | INFO     | src.crawler.scraper:_crawl_catalog:125 - Crawling catalog page 43: https://books.toscrape.com/catalogue/page-43.html
2025-11-13 16:39:56 | INFO     | src.crawler.parser:extract_book_links:169 - Extracted 20 book links from page
2025-11-13 16:39:56 | INFO     | src.crawler.scraper:_crawl_catalog:143 - Found 20 new books on page 43
2025-11-13 16:39:56 | INFO     | src.database.mongodb:insert_book:77 - Inserted new book: Girl in the Blue Coat (ID: 6915dfacab77a3ff4810a7f7)
2025-11-13 16:39:56 | INFO     | src.crawler.scraper:_crawl_book:233 - Inserted new book: Girl in the Blue Coat
2025-11-13 16:39:56 | INFO     | src.database.mongodb:insert_book:77 - Inserted new book: Fruits Basket, Vol. 3 (Fruits Basket #3) (ID: 6915dfacab77a3ff4810a7f8)
2025-11-13 16:39:56 | INFO     | src.crawler.scraper:_crawl_book:233 - Inserted new book: Fruits Basket, Vol. 3 (Fruits Basket #3)
2025-11-13 16:39:56 | INFO     | src.database.mongodb:insert_book:77 - Inserted new book: Eragon (The Inheritance Cycle #1) (ID: 6915dfacab77a3ff4810a7f9)
2025-11-13 16:39:56 | INFO     | src.crawler.scraper:_crawl_book:233 - Inserted new book: Eragon (The Inheritance Cycle #1)
2025-11-13 16:39:57 | INFO     | src.database.mongodb:insert_book:77 - Inserted new book: Fifty Shades Freed (Fifty Shades #3) (ID: 6915dfacab77a3ff4810a7fa)
2025-11-13 16:39:57 | INFO     | src.crawler.scraper:_crawl_book:233 - Inserted new book: Fifty Shades Freed (Fifty Shades #3)
2025-11-13 16:39:57 | INFO     | src.database.mongodb:insert_book:77 - Inserted new book: Fellside (ID: 6915dfacab77a3ff4810a7fb)
2025-11-13 16:39:57 | INFO     | src.crawler.scraper:_crawl_book:233 - Inserted new book: Fellside
2025-11-13 16:39:57 | INFO     | src.database.mongodb:insert_book:77 - Inserted new book: Dune (Dune #1) (ID: 6915dfadab77a3ff4810a7fc)
2025-11-13 16:39:57 | INFO     | src.crawler.scraper:_crawl_book:233 - Inserted new book: Dune (Dune #1)
2025-11-13 16:39:57 | INFO     | src.database.mongodb:insert_book:77 - Inserted new book: Fire Bound (Sea Haven/Sisters of the Heart #5) (ID: 6915dfadab77a3ff4810a7fd)
2025-11-13 16:39:57 | INFO     | src.crawler.scraper:_crawl_book:233 - Inserted new book: Fire Bound (Sea Haven/Sisters of the Heart #5)
2025-11-13 16:39:57 | INFO     | src.database.mongodb:insert_book:77 - Inserted new book: Eclipse (Twilight #3) (ID: 6915dfadab77a3ff4810a7ff)
2025-11-13 16:39:57 | INFO     | src.crawler.scraper:_crawl_book:233 - Inserted new book: Eclipse (Twilight #3)
2025-11-13 16:39:57 | INFO     | src.database.mongodb:insert_book:77 - Inserted new book: Extreme Prey (Lucas Davenport #26) (ID: 6915dfadab77a3ff4810a7fe)
2025-11-13 16:39:57 | INFO     | src.crawler.scraper:_crawl_book:233 - Inserted new book: Extreme Prey (Lucas Davenport #26)
2025-11-13 16:39:57 | INFO     | src.database.mongodb:insert_book:77 - Inserted new book: Dracula (ID: 6915dfadab77a3ff4810a801)
2025-11-13 16:39:57 | INFO     | src.crawler.scraper:_crawl_book:233 - Inserted new book: Dracula
2025-11-13 16:39:57 | INFO     | src.database.mongodb:insert_book:77 - Inserted new book: Do Androids Dream of Electric Sheep? (Blade Runner #1) (ID: 6915dfadab77a3ff4810a802)
2025-11-13 16:39:57 | INFO     | src.crawler.scraper:_crawl_book:233 - Inserted new book: Do Androids Dream of Electric Sheep? (Blade Runner #1)
2025-11-13 16:39:57 | INFO     | src.database.mongodb:insert_book:77 - Inserted new book: Friday Night Lights: A Town, a Team, and a Dream (ID: 6915dfadab77a3ff4810a800)
2025-11-13 16:39:57 | INFO     | src.crawler.scraper:_crawl_book:233 - Inserted new book: Friday Night Lights: A Town, a Team, and a Dream
2025-11-13 16:39:57 | INFO     | src.database.mongodb:insert_book:77 - Inserted new book: Disrupted: My Misadventure in the Start-Up Bubble (ID: 6915dfadab77a3ff4810a803)
2025-11-13 16:39:57 | INFO     | src.crawler.scraper:_crawl_book:233 - Inserted new book: Disrupted: My Misadventure in the Start-Up Bubble
2025-11-13 16:39:57 | INFO     | src.database.mongodb:insert_book:77 - Inserted new book: Dead Wake: The Last Crossing of the Lusitania (ID: 6915dfadab77a3ff4810a804)
2025-11-13 16:39:57 | INFO     | src.crawler.scraper:_crawl_book:233 - Inserted new book: Dead Wake: The Last Crossing of the Lusitania
2025-11-13 16:39:57 | INFO     | src.database.mongodb:insert_book:77 - Inserted new book: Darkfever (Fever #1) (ID: 6915dfadab77a3ff4810a805)
2025-11-13 16:39:57 | INFO     | src.crawler.scraper:_crawl_book:233 - Inserted new book: Darkfever (Fever #1)
2025-11-13 16:39:57 | INFO     | src.database.mongodb:insert_book:77 - Inserted new book: Dark Places (ID: 6915dfadab77a3ff4810a806)
2025-11-13 16:39:57 | INFO     | src.crawler.scraper:_crawl_book:233 - Inserted new book: Dark Places
2025-11-13 16:39:57 | INFO     | src.database.mongodb:insert_book:77 - Inserted new book: Cosmos (ID: 6915dfadab77a3ff4810a807)
2025-11-13 16:39:57 | INFO     | src.crawler.scraper:_crawl_book:233 - Inserted new book: Cosmos
2025-11-13 16:39:57 | INFO     | src.database.mongodb:insert_book:77 - Inserted new book: Counting Thyme (ID: 6915dfadab77a3ff4810a808)
2025-11-13 16:39:57 | INFO     | src.crawler.scraper:_crawl_book:233 - Inserted new book: Counting Thyme
2025-11-13 16:39:57 | INFO     | src.database.mongodb:insert_book:77 - Inserted new book: David and Goliath: Underdogs, Misfits, and the Art of Battling Giants (ID: 6915dfadab77a3ff4810a809)
2025-11-13 16:39:57 | INFO     | src.crawler.scraper:_crawl_book:233 - Inserted new book: David and Goliath: Underdogs, Misfits, and the Art of Battling Giants
2025-11-13 16:39:57 | INFO     | src.database.mongodb:insert_book:77 - Inserted new book: Crazy Rich Asians (Crazy Rich Asians #1) (ID: 6915dfadab77a3ff4810a80a)
2025-11-13 16:39:57 | INFO     | src.crawler.scraper:_crawl_book:233 - Inserted new book: Crazy Rich Asians (Crazy Rich Asians #1)
2025-11-13 16:39:57 | INFO     | src.crawler.scraper:_crawl_catalog:125 - Crawling catalog page 44: https://books.toscrape.com/catalogue/page-44.html
2025-11-13 16:39:58 | INFO     | src.crawler.parser:extract_book_links:169 - Extracted 20 book links from page
2025-11-13 16:39:58 | INFO     | src.crawler.scraper:_crawl_catalog:143 - Found 20 new books on page 44
2025-11-13 16:39:58 | INFO     | src.database.mongodb:insert_book:77 - Inserted new book: Civilization and Its Discontents (ID: 6915dfaeab77a3ff4810a80b)
2025-11-13 16:39:58 | INFO     | src.crawler.scraper:_crawl_book:233 - Inserted new book: Civilization and Its Discontents
2025-11-13 16:39:58 | INFO     | src.database.mongodb:insert_book:77 - Inserted new book: Cinder (The Lunar Chronicles #1) (ID: 6915dfaeab77a3ff4810a80c)
2025-11-13 16:39:58 | INFO     | src.crawler.scraper:_crawl_book:233 - Inserted new book: Cinder (The Lunar Chronicles #1)
2025-11-13 16:39:58 | INFO     | src.database.mongodb:insert_book:77 - Inserted new book: Born to Run: A Hidden Tribe, Superathletes, and the Greatest Race the World Has Never Seen (ID: 6915dfaeab77a3ff4810a80d)
2025-11-13 16:39:58 | INFO     | src.crawler.scraper:_crawl_book:233 - Inserted new book: Born to Run: A Hidden Tribe, Superathletes, and the Greatest Race the World Has Never Seen
2025-11-13 16:39:58 | INFO     | src.database.mongodb:insert_book:77 - Inserted new book: Breaking Dawn (Twilight #4) (ID: 6915dfaeab77a3ff4810a80e)
2025-11-13 16:39:58 | INFO     | src.crawler.scraper:_crawl_book:233 - Inserted new book: Breaking Dawn (Twilight #4)
2025-11-13 16:39:58 | INFO     | src.database.mongodb:insert_book:77 - Inserted new book: Brave Enough (ID: 6915dfaeab77a3ff4810a80f)
2025-11-13 16:39:58 | INFO     | src.crawler.scraper:_crawl_book:233 - Inserted new book: Brave Enough
2025-11-13 16:39:58 | INFO     | src.database.mongodb:insert_book:77 - Inserted new book: Black Flags: The Rise of ISIS (ID: 6915dfaeab77a3ff4810a810)
2025-11-13 16:39:58 | INFO     | src.crawler.scraper:_crawl_book:233 - Inserted new book: Black Flags: The Rise of ISIS
2025-11-13 16:39:58 | INFO     | src.database.mongodb:insert_book:77 - Inserted new book: Blink: The Power of Thinking Without Thinking (ID: 6915dfaeab77a3ff4810a813)
2025-11-13 16:39:58 | INFO     | src.crawler.scraper:_crawl_book:233 - Inserted new book: Blink: The Power of Thinking Without Thinking
2025-11-13 16:39:58 | INFO     | src.database.mongodb:insert_book:77 - Inserted new book: Boy Meets Boy (ID: 6915dfaeab77a3ff4810a814)
2025-11-13 16:39:58 | INFO     | src.crawler.scraper:_crawl_book:233 - Inserted new book: Boy Meets Boy
2025-11-13 16:39:58 | INFO     | src.database.mongodb:insert_book:77 - Inserted new book: Black Butler, Vol. 1 (Black Butler #1) (ID: 6915dfaeab77a3ff4810a811)
2025-11-13 16:39:58 | INFO     | src.crawler.scraper:_crawl_book:233 - Inserted new book: Black Butler, Vol. 1 (Black Butler #1)
2025-11-13 16:39:58 | INFO     | src.database.mongodb:insert_book:77 - Inserted new book: Catastrophic Happiness: Finding Joy in Childhood's Messy Years (ID: 6915dfaeab77a3ff4810a815)
2025-11-13 16:39:58 | INFO     | src.crawler.scraper:_crawl_book:233 - Inserted new book: Catastrophic Happiness: Finding Joy in Childhood's Messy Years
2025-11-13 16:39:58 | INFO     | src.database.mongodb:insert_book:77 - Inserted new book: Career of Evil (Cormoran Strike #3) (ID: 6915dfaeab77a3ff4810a812)
2025-11-13 16:39:58 | INFO     | src.crawler.scraper:_crawl_book:233 - Inserted new book: Career of Evil (Cormoran Strike #3)
2025-11-13 16:39:58 | INFO     | src.database.mongodb:insert_book:77 - Inserted new book: Big Little Lies (ID: 6915dfaeab77a3ff4810a816)
2025-11-13 16:39:58 | INFO     | src.crawler.scraper:_crawl_book:233 - Inserted new book: Big Little Lies
2025-11-13 16:39:58 | INFO     | src.database.mongodb:insert_book:77 - Inserted new book: Between Shades of Gray (ID: 6915dfaeab77a3ff4810a817)
2025-11-13 16:39:58 | INFO     | src.crawler.scraper:_crawl_book:233 - Inserted new book: Between Shades of Gray
2025-11-13 16:39:59 | INFO     | src.database.mongodb:insert_book:77 - Inserted new book: Best of My Love (Fool's Gold #20) (ID: 6915dfafab77a3ff4810a818)
2025-11-13 16:39:59 | INFO     | src.crawler.scraper:_crawl_book:233 - Inserted new book: Best of My Love (Fool's Gold #20)
2025-11-13 16:39:59 | INFO     | src.database.mongodb:insert_book:77 - Inserted new book: Beowulf (ID: 6915dfafab77a3ff4810a819)
2025-11-13 16:39:59 | INFO     | src.crawler.scraper:_crawl_book:233 - Inserted new book: Beowulf
2025-11-13 16:39:59 | INFO     | src.database.mongodb:insert_book:77 - Inserted new book: Beautiful Creatures (Caster Chronicles #1) (ID: 6915dfafab77a3ff4810a81a)
2025-11-13 16:39:59 | INFO     | src.crawler.scraper:_crawl_book:233 - Inserted new book: Beautiful Creatures (Caster Chronicles #1)
2025-11-13 16:39:59 | INFO     | src.database.mongodb:insert_book:77 - Inserted new book: Are We There Yet? (ID: 6915dfafab77a3ff4810a81b)
2025-11-13 16:39:59 | INFO     | src.crawler.scraper:_crawl_book:233 - Inserted new book: Are We There Yet?
2025-11-13 16:39:59 | INFO     | src.database.mongodb:insert_book:77 - Inserted new book: Ash (ID: 6915dfafab77a3ff4810a81c)
2025-11-13 16:39:59 | INFO     | src.crawler.scraper:_crawl_book:233 - Inserted new book: Ash
2025-11-13 16:39:59 | INFO     | src.database.mongodb:insert_book:77 - Inserted new book: Are We Smart Enough to Know How Smart Animals Are? (ID: 6915dfafab77a3ff4810a81d)
2025-11-13 16:39:59 | INFO     | src.crawler.scraper:_crawl_book:233 - Inserted new book: Are We Smart Enough to Know How Smart Animals Are?
2025-11-13 16:39:59 | INFO     | src.database.mongodb:insert_book:77 - Inserted new book: Awkward (ID: 6915dfafab77a3ff4810a81e)
2025-11-13 16:39:59 | INFO     | src.crawler.scraper:_crawl_book:233 - Inserted new book: Awkward
2025-11-13 16:39:59 | INFO     | src.crawler.scraper:_crawl_catalog:125 - Crawling catalog page 45: https://books.toscrape.com/catalogue/page-45.html
2025-11-13 16:40:00 | INFO     | src.crawler.parser:extract_book_links:169 - Extracted 20 book links from page
2025-11-13 16:40:00 | INFO     | src.crawler.scraper:_crawl_catalog:143 - Found 20 new books on page 45
2025-11-13 16:40:00 | INFO     | src.database.mongodb:insert_book:77 - Inserted new book: Annie on My Mind (ID: 6915dfb0ab77a3ff4810a81f)
2025-11-13 16:40:00 | INFO     | src.crawler.scraper:_crawl_book:233 - Inserted new book: Annie on My Mind
2025-11-13 16:40:00 | INFO     | src.database.mongodb:insert_book:77 - Inserted new book: A Storm of Swords (A Song of Ice and Fire #3) (ID: 6915dfb0ab77a3ff4810a820)
2025-11-13 16:40:00 | INFO     | src.crawler.scraper:_crawl_book:233 - Inserted new book: A Storm of Swords (A Song of Ice and Fire #3)
2025-11-13 16:40:00 | INFO     | src.database.mongodb:insert_book:77 - Inserted new book: And Then There Were None (ID: 6915dfb0ab77a3ff4810a821)
2025-11-13 16:40:00 | INFO     | src.crawler.scraper:_crawl_book:233 - Inserted new book: And Then There Were None
2025-11-13 16:40:00 | INFO     | src.database.mongodb:insert_book:77 - Inserted new book: #GIRLBOSS (ID: 6915dfb0ab77a3ff4810a822)
2025-11-13 16:40:00 | INFO     | src.crawler.scraper:_crawl_book:233 - Inserted new book: #GIRLBOSS
2025-11-13 16:40:00 | INFO     | src.database.mongodb:insert_book:77 - Inserted new book: A Heartbreaking Work of Staggering Genius (ID: 6915dfb0ab77a3ff4810a823)
2025-11-13 16:40:00 | INFO     | src.crawler.scraper:_crawl_book:233 - Inserted new book: A Heartbreaking Work of Staggering Genius
2025-11-13 16:40:00 | INFO     | src.database.mongodb:insert_book:77 - Inserted new book: The Sandman, Vol. 2: The Doll's House (The Sandman (volumes) #2) (ID: 6915dfb0ab77a3ff4810a824)
2025-11-13 16:40:00 | INFO     | src.crawler.scraper:_crawl_book:233 - Inserted new book: The Sandman, Vol. 2: The Doll's House (The Sandman (volumes) #2)
2025-11-13 16:40:00 | INFO     | src.database.mongodb:insert_book:77 - Inserted new book: The Sense of an Ending (ID: 6915dfb0ab77a3ff4810a825)
2025-11-13 16:40:00 | INFO     | src.crawler.scraper:_crawl_book:233 - Inserted new book: The Sense of an Ending
2025-11-13 16:40:01 | INFO     | src.database.mongodb:insert_book:77 - Inserted new book: A Visit from the Goon Squad (ID: 6915dfb0ab77a3ff4810a826)
2025-11-13 16:40:01 | INFO     | src.crawler.scraper:_crawl_book:233 - Inserted new book: A Visit from the Goon Squad
2025-11-13 16:40:01 | INFO     | src.database.mongodb:insert_book:77 - Inserted new book: A Walk in the Woods: Rediscovering America on the Appalachian Trail (ID: 6915dfb0ab77a3ff4810a828)
2025-11-13 16:40:01 | INFO     | src.crawler.scraper:_crawl_book:233 - Inserted new book: A Walk in the Woods: Rediscovering America on the Appalachian Trail
2025-11-13 16:40:01 | INFO     | src.database.mongodb:insert_book:77 - Inserted new book: The Suffragettes (Little Black Classics, #96) (ID: 6915dfb0ab77a3ff4810a827)
2025-11-13 16:40:01 | INFO     | src.crawler.scraper:_crawl_book:233 - Inserted new book: The Suffragettes (Little Black Classics, #96)
2025-11-13 16:40:01 | INFO     | src.database.mongodb:insert_book:77 - Inserted new book: 8 Keys to Mental Health Through Exercise (ID: 6915dfb0ab77a3ff4810a829)
2025-11-13 16:40:01 | INFO     | src.crawler.scraper:_crawl_book:233 - Inserted new book: 8 Keys to Mental Health Through Exercise
2025-11-13 16:40:01 | INFO     | src.database.mongodb:insert_book:77 - Inserted new book: The Course of Love (ID: 6915dfb1ab77a3ff4810a82a)
2025-11-13 16:40:01 | INFO     | src.crawler.scraper:_crawl_book:233 - Inserted new book: The Course of Love
2025-11-13 16:40:01 | INFO     | src.database.mongodb:insert_book:77 - Inserted new book: Sugar Rush (Offensive Line #2) (ID: 6915dfb1ab77a3ff4810a82b)
2025-11-13 16:40:01 | INFO     | src.crawler.scraper:_crawl_book:233 - Inserted new book: Sugar Rush (Offensive Line #2)
2025-11-13 16:40:01 | INFO     | src.database.mongodb:insert_book:77 - Inserted new book: Saga, Volume 2 (Saga (Collected Editions) #2) (ID: 6915dfb1ab77a3ff4810a82c)
2025-11-13 16:40:01 | INFO     | src.crawler.scraper:_crawl_book:233 - Inserted new book: Saga, Volume 2 (Saga (Collected Editions) #2)
2025-11-13 16:40:01 | INFO     | src.database.mongodb:insert_book:77 - Inserted new book: New Moon (Twilight #2) (ID: 6915dfb1ab77a3ff4810a82d)
2025-11-13 16:40:01 | INFO     | src.crawler.scraper:_crawl_book:233 - Inserted new book: New Moon (Twilight #2)
2025-11-13 16:40:01 | INFO     | src.database.mongodb:insert_book:77 - Inserted new book: Kindle Paperwhite User's Guide (ID: 6915dfb1ab77a3ff4810a82e)
2025-11-13 16:40:01 | INFO     | src.crawler.scraper:_crawl_book:233 - Inserted new book: Kindle Paperwhite User's Guide
2025-11-13 16:40:01 | INFO     | src.database.mongodb:insert_book:77 - Inserted new book: H is for Hawk (ID: 6915dfb1ab77a3ff4810a82f)
2025-11-13 16:40:01 | INFO     | src.crawler.scraper:_crawl_book:233 - Inserted new book: H is for Hawk
2025-11-13 16:40:01 | INFO     | src.database.mongodb:insert_book:77 - Inserted new book: Girl Online On Tour (Girl Online #2) (ID: 6915dfb1ab77a3ff4810a830)
2025-11-13 16:40:01 | INFO     | src.crawler.scraper:_crawl_book:233 - Inserted new book: Girl Online On Tour (Girl Online #2)
2025-11-13 16:40:01 | INFO     | src.database.mongodb:insert_book:77 - Inserted new book: Life (ID: 6915dfb1ab77a3ff4810a831)
2025-11-13 16:40:01 | INFO     | src.crawler.scraper:_crawl_book:233 - Inserted new book: Life
2025-11-13 16:40:01 | INFO     | src.database.mongodb:insert_book:77 - Inserted new book: Run, Spot, Run: The Ethics of Keeping Pets (ID: 6915dfb1ab77a3ff4810a832)
2025-11-13 16:40:01 | INFO     | src.crawler.scraper:_crawl_book:233 - Inserted new book: Run, Spot, Run: The Ethics of Keeping Pets
2025-11-13 16:40:01 | INFO     | src.crawler.scraper:_crawl_catalog:125 - Crawling catalog page 46: https://books.toscrape.com/catalogue/page-46.html
2025-11-13 16:40:02 | INFO     | src.crawler.parser:extract_book_links:169 - Extracted 20 book links from page
2025-11-13 16:40:02 | INFO     | src.crawler.scraper:_crawl_catalog:143 - Found 20 new books on page 46
2025-11-13 16:40:02 | INFO     | src.database.mongodb:insert_book:77 - Inserted new book: Fruits Basket, Vol. 2 (Fruits Basket #2) (ID: 6915dfb2ab77a3ff4810a833)
2025-11-13 16:40:02 | INFO     | src.crawler.scraper:_crawl_book:233 - Inserted new book: Fruits Basket, Vol. 2 (Fruits Basket #2)
2025-11-13 16:40:02 | INFO     | src.database.mongodb:insert_book:77 - Inserted new book: Diary of a Minecraft Zombie Book 1: A Scare of a Dare (An Unofficial Minecraft Book) (ID: 6915dfb2ab77a3ff4810a834)
2025-11-13 16:40:02 | INFO     | src.crawler.scraper:_crawl_book:233 - Inserted new book: Diary of a Minecraft Zombie Book 1: A Scare of a Dare (An Unofficial Minecraft Book)
2025-11-13 16:40:02 | INFO     | src.database.mongodb:insert_book:77 - Inserted new book: Vampire Knight, Vol. 1 (Vampire Knight #1) (ID: 6915dfb2ab77a3ff4810a836)
2025-11-13 16:40:02 | INFO     | src.crawler.scraper:_crawl_book:233 - Inserted new book: Vampire Knight, Vol. 1 (Vampire Knight #1)
2025-11-13 16:40:02 | INFO     | src.database.mongodb:insert_book:77 - Inserted new book: Where Lightning Strikes (Bleeding Stars #3) (ID: 6915dfb2ab77a3ff4810a835)
2025-11-13 16:40:02 | INFO     | src.crawler.scraper:_crawl_book:233 - Inserted new book: Where Lightning Strikes (Bleeding Stars #3)
2025-11-13 16:40:02 | INFO     | src.database.mongodb:insert_book:77 - Inserted new book: Travels with Charley: In Search of America (ID: 6915dfb2ab77a3ff4810a837)
2025-11-13 16:40:02 | INFO     | src.crawler.scraper:_crawl_book:233 - Inserted new book: Travels with Charley: In Search of America
2025-11-13 16:40:02 | INFO     | src.database.mongodb:insert_book:77 - Inserted new book: When I'm Gone (ID: 6915dfb2ab77a3ff4810a838)
2025-11-13 16:40:02 | INFO     | src.crawler.scraper:_crawl_book:233 - Inserted new book: When I'm Gone
2025-11-13 16:40:02 | INFO     | src.database.mongodb:insert_book:77 - Inserted new book: Twenty Love Poems and a Song of Despair (ID: 6915dfb2ab77a3ff4810a839)
2025-11-13 16:40:02 | INFO     | src.crawler.scraper:_crawl_book:233 - Inserted new book: Twenty Love Poems and a Song of Despair
2025-11-13 16:40:02 | INFO     | src.database.mongodb:insert_book:77 - Inserted new book: While You Were Mine (ID: 6915dfb2ab77a3ff4810a83a)
2025-11-13 16:40:02 | INFO     | src.crawler.scraper:_crawl_book:233 - Inserted new book: While You Were Mine
2025-11-13 16:40:02 | INFO     | src.database.mongodb:insert_book:77 - Inserted new book: Vampire Girl (Vampire Girl #1) (ID: 6915dfb2ab77a3ff4810a83b)
2025-11-13 16:40:02 | INFO     | src.crawler.scraper:_crawl_book:233 - Inserted new book: Vampire Girl (Vampire Girl #1)
2025-11-13 16:40:02 | INFO     | src.database.mongodb:insert_book:77 - Inserted new book: Y: The Last Man, Vol. 1: Unmanned (Y: The Last Man #1) (ID: 6915dfb2ab77a3ff4810a83d)
2025-11-13 16:40:02 | INFO     | src.crawler.scraper:_crawl_book:233 - Inserted new book: Y: The Last Man, Vol. 1: Unmanned (Y: The Last Man #1)
2025-11-13 16:40:02 | INFO     | src.database.mongodb:insert_book:77 - Inserted new book: Ways of Seeing (ID: 6915dfb2ab77a3ff4810a83c)
2025-11-13 16:40:02 | INFO     | src.crawler.scraper:_crawl_book:233 - Inserted new book: Ways of Seeing
2025-11-13 16:40:03 | INFO     | src.database.mongodb:insert_book:77 - Inserted new book: Three Wishes (River of Time: California #1) (ID: 6915dfb3ab77a3ff4810a83e)
2025-11-13 16:40:03 | INFO     | src.crawler.scraper:_crawl_book:233 - Inserted new book: Three Wishes (River of Time: California #1)
2025-11-13 16:40:03 | INFO     | src.database.mongodb:insert_book:77 - Inserted new book: This One Moment (Pushing Limits #1) (ID: 6915dfb3ab77a3ff4810a83f)
2025-11-13 16:40:03 | INFO     | src.crawler.scraper:_crawl_book:233 - Inserted new book: This One Moment (Pushing Limits #1)
2025-11-13 16:40:03 | INFO     | src.database.mongodb:insert_book:77 - Inserted new book: The Silent Wife (ID: 6915dfb3ab77a3ff4810a841)
2025-11-13 16:40:03 | INFO     | src.crawler.scraper:_crawl_book:233 - Inserted new book: The Silent Wife
2025-11-13 16:40:03 | INFO     | src.database.mongodb:insert_book:77 - Inserted new book: The Zombie Room (ID: 6915dfb3ab77a3ff4810a840)
2025-11-13 16:40:03 | INFO     | src.crawler.scraper:_crawl_book:233 - Inserted new book: The Zombie Room
2025-11-13 16:40:03 | INFO     | src.database.mongodb:insert_book:77 - Inserted new book: The Selfish Gene (ID: 6915dfb3ab77a3ff4810a842)
2025-11-13 16:40:03 | INFO     | src.crawler.scraper:_crawl_book:233 - Inserted new book: The Selfish Gene
2025-11-13 16:40:03 | INFO     | src.database.mongodb:insert_book:77 - Inserted new book: The Wicked + The Divine, Vol. 1: The Faust Act (The Wicked + The Divine) (ID: 6915dfb3ab77a3ff4810a845)
2025-11-13 16:40:03 | INFO     | src.crawler.scraper:_crawl_book:233 - Inserted new book: The Wicked + The Divine, Vol. 1: The Faust Act (The Wicked + The Divine)
2025-11-13 16:40:03 | INFO     | src.database.mongodb:insert_book:77 - Inserted new book: The Tumor (ID: 6915dfb3ab77a3ff4810a843)
2025-11-13 16:40:03 | INFO     | src.crawler.scraper:_crawl_book:233 - Inserted new book: The Tumor
2025-11-13 16:40:03 | INFO     | src.database.mongodb:insert_book:77 - Inserted new book: The Silent Twin (Detective Jennifer Knight #3) (ID: 6915dfb3ab77a3ff4810a844)
2025-11-13 16:40:03 | INFO     | src.crawler.scraper:_crawl_book:233 - Inserted new book: The Silent Twin (Detective Jennifer Knight #3)
2025-11-13 16:40:03 | INFO     | src.database.mongodb:insert_book:77 - Inserted new book: The Story of Hong Gildong (ID: 6915dfb3ab77a3ff4810a846)
2025-11-13 16:40:03 | INFO     | src.crawler.scraper:_crawl_book:233 - Inserted new book: The Story of Hong Gildong
2025-11-13 16:40:03 | INFO     | src.crawler.scraper:_crawl_catalog:125 - Crawling catalog page 47: https://books.toscrape.com/catalogue/page-47.html
2025-11-13 16:40:04 | INFO     | src.crawler.parser:extract_book_links:169 - Extracted 20 book links from page
2025-11-13 16:40:04 | INFO     | src.crawler.scraper:_crawl_catalog:143 - Found 20 new books on page 47
2025-11-13 16:40:04 | INFO     | src.database.mongodb:insert_book:77 - Inserted new book: The Secret Healer (ID: 6915dfb4ab77a3ff4810a847)
2025-11-13 16:40:04 | INFO     | src.crawler.scraper:_crawl_book:233 - Inserted new book: The Secret Healer
2025-11-13 16:40:04 | INFO     | src.database.mongodb:insert_book:77 - Inserted new book: The Mirror & the Maze (The Wrath and the Dawn #1.5) (ID: 6915dfb4ab77a3ff4810a848)
2025-11-13 16:40:04 | INFO     | src.crawler.scraper:_crawl_book:233 - Inserted new book: The Mirror & the Maze (The Wrath and the Dawn #1.5)
2025-11-13 16:40:04 | INFO     | src.database.mongodb:insert_book:77 - Inserted new book: The No. 1 Ladies' Detective Agency (No. 1 Ladies' Detective Agency #1) (ID: 6915dfb4ab77a3ff4810a849)
2025-11-13 16:40:04 | INFO     | src.crawler.scraper:_crawl_book:233 - Inserted new book: The No. 1 Ladies' Detective Agency (No. 1 Ladies' Detective Agency #1)
2025-11-13 16:40:04 | INFO     | src.database.mongodb:insert_book:77 - Inserted new book: The Nicomachean Ethics (ID: 6915dfb4ab77a3ff4810a84a)
2025-11-13 16:40:04 | INFO     | src.crawler.scraper:_crawl_book:233 - Inserted new book: The Nicomachean Ethics
2025-11-13 16:40:04 | INFO     | src.database.mongodb:insert_book:77 - Inserted new book: The Last Girl (The Dominion Trilogy #1) (ID: 6915dfb4ab77a3ff4810a84b)
2025-11-13 16:40:04 | INFO     | src.crawler.scraper:_crawl_book:233 - Inserted new book: The Last Girl (The Dominion Trilogy #1)
2025-11-13 16:40:04 | INFO     | src.database.mongodb:insert_book:77 - Inserted new book: The Sandman, Vol. 1: Preludes and Nocturnes (The Sandman (volumes) #1) (ID: 6915dfb4ab77a3ff4810a84c)
2025-11-13 16:40:04 | INFO     | src.crawler.scraper:_crawl_book:233 - Inserted new book: The Sandman, Vol. 1: Preludes and Nocturnes (The Sandman (volumes) #1)
2025-11-13 16:40:04 | INFO     | src.database.mongodb:insert_book:77 - Inserted new book: The Light of the Fireflies (ID: 6915dfb4ab77a3ff4810a84d)
2025-11-13 16:40:04 | INFO     | src.crawler.scraper:_crawl_book:233 - Inserted new book: The Light of the Fireflies
2025-11-13 16:40:04 | INFO     | src.database.mongodb:insert_book:77 - Inserted new book: The Odyssey (ID: 6915dfb4ab77a3ff4810a84e)
2025-11-13 16:40:04 | INFO     | src.crawler.scraper:_crawl_book:233 - Inserted new book: The Odyssey
2025-11-13 16:40:04 | INFO     | src.database.mongodb:insert_book:77 - Inserted new book: The Iliad (ID: 6915dfb4ab77a3ff4810a84f)
2025-11-13 16:40:04 | INFO     | src.crawler.scraper:_crawl_book:233 - Inserted new book: The Iliad
2025-11-13 16:40:04 | INFO     | src.database.mongodb:insert_book:77 - Inserted new book: The Name of the Wind (The Kingkiller Chronicle #1) (ID: 6915dfb4ab77a3ff4810a850)
2025-11-13 16:40:04 | INFO     | src.crawler.scraper:_crawl_book:233 - Inserted new book: The Name of the Wind (The Kingkiller Chronicle #1)
2025-11-13 16:40:04 | INFO     | src.database.mongodb:insert_book:77 - Inserted new book: The Republic (ID: 6915dfb4ab77a3ff4810a851)
2025-11-13 16:40:04 | INFO     | src.crawler.scraper:_crawl_book:233 - Inserted new book: The Republic
2025-11-13 16:40:04 | INFO     | src.database.mongodb:insert_book:77 - Inserted new book: The Little Prince (ID: 6915dfb4ab77a3ff4810a852)
2025-11-13 16:40:04 | INFO     | src.crawler.scraper:_crawl_book:233 - Inserted new book: The Little Prince
2025-11-13 16:40:04 | INFO     | src.database.mongodb:insert_book:77 - Inserted new book: The Hook Up (Game On #1) (ID: 6915dfb4ab77a3ff4810a853)
2025-11-13 16:40:04 | INFO     | src.crawler.scraper:_crawl_book:233 - Inserted new book: The Hook Up (Game On #1)
2025-11-13 16:40:05 | INFO     | src.database.mongodb:insert_book:77 - Inserted new book: The Haters (ID: 6915dfb5ab77a3ff4810a854)
2025-11-13 16:40:05 | INFO     | src.crawler.scraper:_crawl_book:233 - Inserted new book: The Haters
2025-11-13 16:40:05 | INFO     | src.database.mongodb:insert_book:77 - Inserted new book: The Girl You Lost (ID: 6915dfb5ab77a3ff4810a855)
2025-11-13 16:40:05 | INFO     | src.crawler.scraper:_crawl_book:233 - Inserted new book: The Girl You Lost
2025-11-13 16:40:05 | INFO     | src.database.mongodb:insert_book:77 - Inserted new book: The Girl In The Ice (DCI Erika Foster #1) (ID: 6915dfb5ab77a3ff4810a856)
2025-11-13 16:40:05 | INFO     | src.crawler.scraper:_crawl_book:233 - Inserted new book: The Girl In The Ice (DCI Erika Foster #1)
2025-11-13 16:40:05 | INFO     | src.database.mongodb:insert_book:77 - Inserted new book: The Complete Maus (Maus #1-2) (ID: 6915dfb5ab77a3ff4810a857)
2025-11-13 16:40:05 | INFO     | src.crawler.scraper:_crawl_book:233 - Inserted new book: The Complete Maus (Maus #1-2)
2025-11-13 16:40:05 | INFO     | src.database.mongodb:insert_book:77 - Inserted new book: The Communist Manifesto (ID: 6915dfb5ab77a3ff4810a858)
2025-11-13 16:40:05 | INFO     | src.crawler.scraper:_crawl_book:233 - Inserted new book: The Communist Manifesto
2025-11-13 16:40:05 | INFO     | src.database.mongodb:insert_book:77 - Inserted new book: The End of the Jesus Era (An Investigation #1) (ID: 6915dfb5ab77a3ff4810a859)
2025-11-13 16:40:05 | INFO     | src.crawler.scraper:_crawl_book:233 - Inserted new book: The End of the Jesus Era (An Investigation #1)
2025-11-13 16:40:05 | INFO     | src.database.mongodb:insert_book:77 - Inserted new book: The Edge of Reason (Bridget Jones #2) (ID: 6915dfb5ab77a3ff4810a85a)
2025-11-13 16:40:05 | INFO     | src.crawler.scraper:_crawl_book:233 - Inserted new book: The Edge of Reason (Bridget Jones #2)
2025-11-13 16:40:05 | INFO     | src.crawler.scraper:_crawl_catalog:125 - Crawling catalog page 48: https://books.toscrape.com/catalogue/page-48.html
2025-11-13 16:40:05 | INFO     | src.crawler.parser:extract_book_links:169 - Extracted 20 book links from page
2025-11-13 16:40:05 | INFO     | src.crawler.scraper:_crawl_catalog:143 - Found 20 new books on page 48
2025-11-13 16:40:05 | INFO     | src.database.mongodb:insert_book:77 - Inserted new book: The Bhagavad Gita (ID: 6915dfb5ab77a3ff4810a85b)
2025-11-13 16:40:05 | INFO     | src.crawler.scraper:_crawl_book:233 - Inserted new book: The Bhagavad Gita
2025-11-13 16:40:05 | INFO     | src.database.mongodb:insert_book:77 - Inserted new book: The Bette Davis Club (ID: 6915dfb5ab77a3ff4810a85c)
2025-11-13 16:40:05 | INFO     | src.crawler.scraper:_crawl_book:233 - Inserted new book: The Bette Davis Club
2025-11-13 16:40:06 | INFO     | src.database.mongodb:insert_book:77 - Inserted new book: Shatter Me (Shatter Me #1) (ID: 6915dfb6ab77a3ff4810a85e)
2025-11-13 16:40:06 | INFO     | src.crawler.scraper:_crawl_book:233 - Inserted new book: Shatter Me (Shatter Me #1)
2025-11-13 16:40:06 | INFO     | src.database.mongodb:insert_book:77 - Inserted new book: Starlark (ID: 6915dfb6ab77a3ff4810a85d)
2025-11-13 16:40:06 | INFO     | src.crawler.scraper:_crawl_book:233 - Inserted new book: Starlark
2025-11-13 16:40:06 | INFO     | src.database.mongodb:insert_book:77 - Inserted new book: Skip Beat!, Vol. 01 (Skip Beat! #1) (ID: 6915dfb6ab77a3ff4810a85f)
2025-11-13 16:40:06 | INFO     | src.crawler.scraper:_crawl_book:233 - Inserted new book: Skip Beat!, Vol. 01 (Skip Beat! #1)
2025-11-13 16:40:06 | INFO     | src.database.mongodb:insert_book:77 - Inserted new book: Shadow Rites (Jane Yellowrock #10) (ID: 6915dfb6ab77a3ff4810a860)
2025-11-13 16:40:06 | INFO     | src.crawler.scraper:_crawl_book:233 - Inserted new book: Shadow Rites (Jane Yellowrock #10)
2025-11-13 16:40:06 | INFO     | src.database.mongodb:insert_book:77 - Inserted new book: Settling the Score (The Summer Games #1) (ID: 6915dfb6ab77a3ff4810a861)
2025-11-13 16:40:06 | INFO     | src.crawler.scraper:_crawl_book:233 - Inserted new book: Settling the Score (The Summer Games #1)
2025-11-13 16:40:06 | INFO     | src.database.mongodb:insert_book:77 - Inserted new book: Sense and Sensibility (ID: 6915dfb6ab77a3ff4810a862)
2025-11-13 16:40:06 | INFO     | src.crawler.scraper:_crawl_book:233 - Inserted new book: Sense and Sensibility
2025-11-13 16:40:06 | INFO     | src.database.mongodb:insert_book:77 - Inserted new book: Shameless (ID: 6915dfb6ab77a3ff4810a863)
2025-11-13 16:40:06 | INFO     | src.crawler.scraper:_crawl_book:233 - Inserted new book: Shameless
2025-11-13 16:40:06 | INFO     | src.database.mongodb:insert_book:77 - Inserted new book: Sister Sable (The Mad Queen #1) (ID: 6915dfb6ab77a3ff4810a865)
2025-11-13 16:40:06 | INFO     | src.crawler.scraper:_crawl_book:233 - Inserted new book: Sister Sable (The Mad Queen #1)
2025-11-13 16:40:06 | INFO     | src.database.mongodb:insert_book:77 - Inserted new book: Taking Shots (Assassins #1) (ID: 6915dfb6ab77a3ff4810a864)
2025-11-13 16:40:06 | INFO     | src.crawler.scraper:_crawl_book:233 - Inserted new book: Taking Shots (Assassins #1)
2025-11-13 16:40:06 | INFO     | src.database.mongodb:insert_book:77 - Inserted new book: The Art of Not Breathing (ID: 6915dfb6ab77a3ff4810a866)
2025-11-13 16:40:06 | INFO     | src.crawler.scraper:_crawl_book:233 - Inserted new book: The Art of Not Breathing
2025-11-13 16:40:06 | INFO     | src.database.mongodb:insert_book:77 - Inserted new book: Saga, Volume 1 (Saga (Collected Editions) #1) (ID: 6915dfb6ab77a3ff4810a867)
2025-11-13 16:40:06 | INFO     | src.crawler.scraper:_crawl_book:233 - Inserted new book: Saga, Volume 1 (Saga (Collected Editions) #1)
2025-11-13 16:40:06 | INFO     | src.database.mongodb:insert_book:77 - Inserted new book: Rhythm, Chord & Malykhin (ID: 6915dfb6ab77a3ff4810a868)
2025-11-13 16:40:06 | INFO     | src.crawler.scraper:_crawl_book:233 - Inserted new book: Rhythm, Chord & Malykhin
2025-11-13 16:40:06 | INFO     | src.database.mongodb:insert_book:77 - Inserted new book: Rat Queens, Vol. 1: Sass & Sorcery (Rat Queens (Collected Editions) #1-5) (ID: 6915dfb6ab77a3ff4810a869)
2025-11-13 16:40:06 | INFO     | src.crawler.scraper:_crawl_book:233 - Inserted new book: Rat Queens, Vol. 1: Sass & Sorcery (Rat Queens (Collected Editions) #1-5)
2025-11-13 16:40:06 | INFO     | src.database.mongodb:insert_book:77 - Inserted new book: Paper Girls, Vol. 1 (Paper Girls #1-5) (ID: 6915dfb6ab77a3ff4810a86a)
2025-11-13 16:40:06 | INFO     | src.crawler.scraper:_crawl_book:233 - Inserted new book: Paper Girls, Vol. 1 (Paper Girls #1-5)
2025-11-13 16:40:06 | INFO     | src.database.mongodb:insert_book:77 - Inserted new book: Ouran High School Host Club, Vol. 1 (Ouran High School Host Club #1) (ID: 6915dfb6ab77a3ff4810a86b)
2025-11-13 16:40:06 | INFO     | src.crawler.scraper:_crawl_book:233 - Inserted new book: Ouran High School Host Club, Vol. 1 (Ouran High School Host Club #1)
2025-11-13 16:40:06 | INFO     | src.database.mongodb:insert_book:77 - Inserted new book: One Second (Seven #7) (ID: 6915dfb6ab77a3ff4810a86c)
2025-11-13 16:40:06 | INFO     | src.crawler.scraper:_crawl_book:233 - Inserted new book: One Second (Seven #7)
2025-11-13 16:40:06 | INFO     | src.database.mongodb:insert_book:77 - Inserted new book: Paradise Lost (Paradise #1) (ID: 6915dfb6ab77a3ff4810a86e)
2025-11-13 16:40:06 | INFO     | src.crawler.scraper:_crawl_book:233 - Inserted new book: Paradise Lost (Paradise #1)
2025-11-13 16:40:06 | INFO     | src.database.mongodb:insert_book:77 - Inserted new book: Origins (Alphas 0.5) (ID: 6915dfb6ab77a3ff4810a86d)
2025-11-13 16:40:06 | INFO     | src.crawler.scraper:_crawl_book:233 - Inserted new book: Origins (Alphas 0.5)
2025-11-13 16:40:06 | INFO     | src.crawler.scraper:_crawl_catalog:125 - Crawling catalog page 49: https://books.toscrape.com/catalogue/page-49.html
2025-11-13 16:40:06 | INFO     | src.crawler.parser:extract_book_links:169 - Extracted 20 book links from page
2025-11-13 16:40:06 | INFO     | src.crawler.scraper:_crawl_catalog:143 - Found 20 new books on page 49
2025-11-13 16:40:07 | INFO     | src.database.mongodb:insert_book:77 - Inserted new book: On the Road (Duluoz Legend) (ID: 6915dfb7ab77a3ff4810a86f)
2025-11-13 16:40:07 | INFO     | src.crawler.scraper:_crawl_book:233 - Inserted new book: On the Road (Duluoz Legend)
2025-11-13 16:40:07 | INFO     | src.database.mongodb:insert_book:77 - Inserted new book: Myriad (Prentor #1) (ID: 6915dfb7ab77a3ff4810a871)
2025-11-13 16:40:07 | INFO     | src.crawler.scraper:_crawl_book:233 - Inserted new book: Myriad (Prentor #1)
2025-11-13 16:40:07 | INFO     | src.database.mongodb:insert_book:77 - Inserted new book: Old Records Never Die: One Man's Quest for His Vinyl and His Past (ID: 6915dfb7ab77a3ff4810a870)
2025-11-13 16:40:07 | INFO     | src.crawler.scraper:_crawl_book:233 - Inserted new book: Old Records Never Die: One Man's Quest for His Vinyl and His Past
2025-11-13 16:40:07 | INFO     | src.database.mongodb:insert_book:77 - Inserted new book: Lost Among the Living (ID: 6915dfb7ab77a3ff4810a874)
2025-11-13 16:40:07 | INFO     | src.crawler.scraper:_crawl_book:233 - Inserted new book: Lost Among the Living
2025-11-13 16:40:07 | INFO     | src.database.mongodb:insert_book:77 - Inserted new book: Meditations (ID: 6915dfb7ab77a3ff4810a872)
2025-11-13 16:40:07 | INFO     | src.crawler.scraper:_crawl_book:233 - Inserted new book: Meditations
2025-11-13 16:40:07 | INFO     | src.database.mongodb:insert_book:77 - Inserted new book: My Perfect Mistake (Over the Top #1) (ID: 6915dfb7ab77a3ff4810a873)
2025-11-13 16:40:07 | INFO     | src.crawler.scraper:_crawl_book:233 - Inserted new book: My Perfect Mistake (Over the Top #1)
2025-11-13 16:40:07 | INFO     | src.database.mongodb:insert_book:77 - Inserted new book: Matilda (ID: 6915dfb7ab77a3ff4810a875)
2025-11-13 16:40:07 | INFO     | src.crawler.scraper:_crawl_book:233 - Inserted new book: Matilda
2025-11-13 16:40:07 | INFO     | src.database.mongodb:insert_book:77 - Inserted new book: Lord of the Flies (ID: 6915dfb7ab77a3ff4810a877)
2025-11-13 16:40:07 | INFO     | src.crawler.scraper:_crawl_book:233 - Inserted new book: Lord of the Flies
2025-11-13 16:40:07 | INFO     | src.database.mongodb:insert_book:77 - Inserted new book: Off Sides (Off #1) (ID: 6915dfb7ab77a3ff4810a878)
2025-11-13 16:40:07 | INFO     | src.crawler.scraper:_crawl_book:233 - Inserted new book: Off Sides (Off #1)
2025-11-13 16:40:07 | INFO     | src.database.mongodb:insert_book:77 - Inserted new book: Of Mice and Men (ID: 6915dfb7ab77a3ff4810a876)
2025-11-13 16:40:07 | INFO     | src.crawler.scraper:_crawl_book:233 - Inserted new book: Of Mice and Men
2025-11-13 16:40:07 | INFO     | src.database.mongodb:insert_book:77 - Inserted new book: Ms. Marvel, Vol. 1: No Normal (Ms. Marvel (2014-2015) #1) (ID: 6915dfb7ab77a3ff4810a879)
2025-11-13 16:40:07 | INFO     | src.crawler.scraper:_crawl_book:233 - Inserted new book: Ms. Marvel, Vol. 1: No Normal (Ms. Marvel (2014-2015) #1)
2025-11-13 16:40:07 | INFO     | src.database.mongodb:insert_book:77 - Inserted new book: Listen to Me (Fusion #1) (ID: 6915dfb7ab77a3ff4810a87a)
2025-11-13 16:40:07 | INFO     | src.crawler.scraper:_crawl_book:233 - Inserted new book: Listen to Me (Fusion #1)
2025-11-13 16:40:08 | INFO     | src.database.mongodb:insert_book:77 - Inserted new book: Kitchens of the Great Midwest (ID: 6915dfb8ab77a3ff4810a87b)
2025-11-13 16:40:08 | INFO     | src.crawler.scraper:_crawl_book:233 - Inserted new book: Kitchens of the Great Midwest
2025-11-13 16:40:08 | INFO     | src.database.mongodb:insert_book:77 - Inserted new book: Jane Eyre (ID: 6915dfb8ab77a3ff4810a87c)
2025-11-13 16:40:08 | INFO     | src.crawler.scraper:_crawl_book:233 - Inserted new book: Jane Eyre
2025-11-13 16:40:08 | INFO     | src.database.mongodb:insert_book:77 - Inserted new book: Hawkeye, Vol. 1: My Life as a Weapon (Hawkeye #1) (ID: 6915dfb8ab77a3ff4810a87d)
2025-11-13 16:40:08 | INFO     | src.crawler.scraper:_crawl_book:233 - Inserted new book: Hawkeye, Vol. 1: My Life as a Weapon (Hawkeye #1)
2025-11-13 16:40:08 | INFO     | src.database.mongodb:insert_book:77 - Inserted new book: Having the Barbarian's Baby (Ice Planet Barbarians #7.5) (ID: 6915dfb8ab77a3ff4810a87e)
2025-11-13 16:40:08 | INFO     | src.crawler.scraper:_crawl_book:233 - Inserted new book: Having the Barbarian's Baby (Ice Planet Barbarians #7.5)
2025-11-13 16:40:08 | INFO     | src.database.mongodb:insert_book:77 - Inserted new book: Icing (Aces Hockey #2) (ID: 6915dfb8ab77a3ff4810a87f)
2025-11-13 16:40:08 | INFO     | src.crawler.scraper:_crawl_book:233 - Inserted new book: Icing (Aces Hockey #2)
2025-11-13 16:40:08 | INFO     | src.database.mongodb:insert_book:77 - Inserted new book: Giant Days, Vol. 1 (Giant Days #1-4) (ID: 6915dfb8ab77a3ff4810a880)
2025-11-13 16:40:08 | INFO     | src.crawler.scraper:_crawl_book:233 - Inserted new book: Giant Days, Vol. 1 (Giant Days #1-4)
2025-11-13 16:40:08 | INFO     | src.database.mongodb:insert_book:77 - Inserted new book: Fruits Basket, Vol. 1 (Fruits Basket #1) (ID: 6915dfb8ab77a3ff4810a881)
2025-11-13 16:40:08 | INFO     | src.crawler.scraper:_crawl_book:233 - Inserted new book: Fruits Basket, Vol. 1 (Fruits Basket #1)
2025-11-13 16:40:08 | INFO     | src.database.mongodb:insert_book:77 - Inserted new book: Imperfect Harmony (ID: 6915dfb8ab77a3ff4810a882)
2025-11-13 16:40:08 | INFO     | src.crawler.scraper:_crawl_book:233 - Inserted new book: Imperfect Harmony
2025-11-13 16:40:08 | INFO     | src.crawler.scraper:_crawl_catalog:125 - Crawling catalog page 50: https://books.toscrape.com/catalogue/page-50.html
2025-11-13 16:40:08 | INFO     | src.crawler.parser:extract_book_links:169 - Extracted 20 book links from page
2025-11-13 16:40:08 | INFO     | src.crawler.scraper:_crawl_catalog:143 - Found 20 new books on page 50
2025-11-13 16:40:08 | INFO     | src.database.mongodb:insert_book:77 - Inserted new book: Frankenstein (ID: 6915dfb8ab77a3ff4810a883)
2025-11-13 16:40:08 | INFO     | src.crawler.scraper:_crawl_book:233 - Inserted new book: Frankenstein
2025-11-13 16:40:08 | INFO     | src.database.mongodb:insert_book:77 - Inserted new book: Eat, Pray, Love (ID: 6915dfb8ab77a3ff4810a884)
2025-11-13 16:40:08 | INFO     | src.crawler.scraper:_crawl_book:233 - Inserted new book: Eat, Pray, Love
2025-11-13 16:40:08 | INFO     | src.database.mongodb:insert_book:77 - Inserted new book: Charlie and the Chocolate Factory (Charlie Bucket #1) (ID: 6915dfb8ab77a3ff4810a885)
2025-11-13 16:40:08 | INFO     | src.crawler.scraper:_crawl_book:233 - Inserted new book: Charlie and the Chocolate Factory (Charlie Bucket #1)
2025-11-13 16:40:08 | INFO     | src.database.mongodb:insert_book:77 - Inserted new book: Emma (ID: 6915dfb8ab77a3ff4810a886)
2025-11-13 16:40:08 | INFO     | src.crawler.scraper:_crawl_book:233 - Inserted new book: Emma
2025-11-13 16:40:09 | INFO     | src.database.mongodb:insert_book:77 - Inserted new book: Forever Rockers (The Rocker #12) (ID: 6915dfb9ab77a3ff4810a887)
2025-11-13 16:40:09 | INFO     | src.crawler.scraper:_crawl_book:233 - Inserted new book: Forever Rockers (The Rocker #12)
2025-11-13 16:40:09 | INFO     | src.database.mongodb:insert_book:77 - Inserted new book: Deep Under (Walker Security #1) (ID: 6915dfb9ab77a3ff4810a888)
2025-11-13 16:40:09 | INFO     | src.crawler.scraper:_crawl_book:233 - Inserted new book: Deep Under (Walker Security #1)
2025-11-13 16:40:09 | INFO     | src.database.mongodb:insert_book:77 - Inserted new book: Bright Lines (ID: 6915dfb9ab77a3ff4810a889)
2025-11-13 16:40:09 | INFO     | src.crawler.scraper:_crawl_book:233 - Inserted new book: Bright Lines
2025-11-13 16:40:09 | INFO     | src.database.mongodb:insert_book:77 - Inserted new book: Choosing Our Religion: The Spiritual Lives of America's Nones (ID: 6915dfb9ab77a3ff4810a88a)
2025-11-13 16:40:09 | INFO     | src.crawler.scraper:_crawl_book:233 - Inserted new book: Choosing Our Religion: The Spiritual Lives of America's Nones
2025-11-13 16:40:09 | INFO     | src.database.mongodb:insert_book:77 - Inserted new book: Charity's Cross (Charles Towne Belles #4) (ID: 6915dfb9ab77a3ff4810a88b)
2025-11-13 16:40:09 | INFO     | src.crawler.scraper:_crawl_book:233 - Inserted new book: Charity's Cross (Charles Towne Belles #4)
2025-11-13 16:40:09 | INFO     | src.database.mongodb:insert_book:77 - Inserted new book: Bridget Jones's Diary (Bridget Jones #1) (ID: 6915dfb9ab77a3ff4810a88c)
2025-11-13 16:40:09 | INFO     | src.crawler.scraper:_crawl_book:233 - Inserted new book: Bridget Jones's Diary (Bridget Jones #1)
2025-11-13 16:40:09 | INFO     | src.database.mongodb:insert_book:77 - Inserted new book: Fighting Fate (Fighting #6) (ID: 6915dfb9ab77a3ff4810a88d)
2025-11-13 16:40:09 | INFO     | src.crawler.scraper:_crawl_book:233 - Inserted new book: Fighting Fate (Fighting #6)
2025-11-13 16:40:09 | INFO     | src.database.mongodb:insert_book:77 - Inserted new book: Bounty (Colorado Mountain #7) (ID: 6915dfb9ab77a3ff4810a88e)
2025-11-13 16:40:09 | INFO     | src.crawler.scraper:_crawl_book:233 - Inserted new book: Bounty (Colorado Mountain #7)
2025-11-13 16:40:09 | INFO     | src.database.mongodb:insert_book:77 - Inserted new book: Blood Defense (Samantha Brinkman #1) (ID: 6915dfb9ab77a3ff4810a88f)
2025-11-13 16:40:09 | INFO     | src.crawler.scraper:_crawl_book:233 - Inserted new book: Blood Defense (Samantha Brinkman #1)
2025-11-13 16:40:09 | INFO     | src.database.mongodb:insert_book:77 - Inserted new book: Bleach, Vol. 1: Strawberry and the Soul Reapers (Bleach #1) (ID: 6915dfb9ab77a3ff4810a890)
2025-11-13 16:40:09 | INFO     | src.crawler.scraper:_crawl_book:233 - Inserted new book: Bleach, Vol. 1: Strawberry and the Soul Reapers (Bleach #1)
2025-11-13 16:40:09 | INFO     | src.database.mongodb:insert_book:77 - Inserted new book: Beyond Good and Evil (ID: 6915dfb9ab77a3ff4810a891)
2025-11-13 16:40:09 | INFO     | src.crawler.scraper:_crawl_book:233 - Inserted new book: Beyond Good and Evil
2025-11-13 16:40:09 | INFO     | src.database.mongodb:insert_book:77 - Inserted new book: Alice in Wonderland (Alice's Adventures in Wonderland #1) (ID: 6915dfb9ab77a3ff4810a892)
2025-11-13 16:40:09 | INFO     | src.crawler.scraper:_crawl_book:233 - Inserted new book: Alice in Wonderland (Alice's Adventures in Wonderland #1)
2025-11-13 16:40:09 | INFO     | src.database.mongodb:insert_book:77 - Inserted new book: Ajin: Demi-Human, Volume 1 (Ajin: Demi-Human #1) (ID: 6915dfb9ab77a3ff4810a893)
2025-11-13 16:40:09 | INFO     | src.crawler.scraper:_crawl_book:233 - Inserted new book: Ajin: Demi-Human, Volume 1 (Ajin: Demi-Human #1)
2025-11-13 16:40:09 | INFO     | src.database.mongodb:insert_book:77 - Inserted new book: A Spy's Devotion (The Regency Spies of London #1) (ID: 6915dfb9ab77a3ff4810a894)
2025-11-13 16:40:09 | INFO     | src.crawler.scraper:_crawl_book:233 - Inserted new book: A Spy's Devotion (The Regency Spies of London #1)
2025-11-13 16:40:09 | INFO     | src.database.mongodb:insert_book:77 - Inserted new book: 1st to Die (Women's Murder Club #1) (ID: 6915dfb9ab77a3ff4810a895)
2025-11-13 16:40:09 | INFO     | src.crawler.scraper:_crawl_book:233 - Inserted new book: 1st to Die (Women's Murder Club #1)
2025-11-13 16:40:09 | INFO     | src.database.mongodb:insert_book:77 - Inserted new book: 1,000 Places to See Before You Die (ID: 6915dfb9ab77a3ff4810a896)
2025-11-13 16:40:09 | INFO     | src.crawler.scraper:_crawl_book:233 - Inserted new book: 1,000 Places to See Before You Die
2025-11-13 16:40:09 | INFO     | src.crawler.scraper:_crawl_catalog:156 - No more catalog pages found
2025-11-13 16:40:09 | INFO     | src.crawler.scraper:crawl:76 - Crawl completed: 1000 books processed, 1000 new, 0 updated, 0 failed
2025-11-13 16:40:10 | INFO     | src.database.mongodb:disconnect:35 - Disconnected from MongoDB
2025-11-13 16:40:10 | INFO     | __main__:main:18 - ============================================================
2025-11-13 16:40:10 | INFO     | __main__:main:19 - Crawl Summary:
2025-11-13 16:40:10 | INFO     | __main__:main:20 -   Total Books: 1000
2025-11-13 16:40:10 | INFO     | __main__:main:21 -   New Books: 1000
2025-11-13 16:40:10 | INFO     | __main__:main:22 -   Updated Books: 0
2025-11-13 16:40:10 | INFO     | __main__:main:23 -   Failed Pages: 0
2025-11-13 16:40:10 | INFO     | __main__:main:24 - ============================================================
2025-11-13 16:44:41 | INFO     | __main__:main:10 - ============================================================
2025-11-13 16:44:41 | INFO     | __main__:main:11 - Starting Books Scraper Scheduler
2025-11-13 16:44:41 | INFO     | __main__:main:12 - ============================================================
2025-11-13 16:44:41 | ERROR    | __main__:main:23 - Scheduler failed with error: no running event loop
2025-11-13 16:46:44 | INFO     | __main__:main:10 - ============================================================
2025-11-13 16:46:44 | INFO     | __main__:main:11 - Starting Books Scraper Scheduler
2025-11-13 16:46:44 | INFO     | __main__:main:12 - ============================================================
2025-11-13 16:46:44 | ERROR    | __main__:main:23 - Scheduler failed with error: no running event loop
2025-11-13 16:48:19 | INFO     | __main__:main:10 - ============================================================
2025-11-13 16:48:19 | INFO     | __main__:main:11 - Starting Books Scraper API
2025-11-13 16:48:19 | INFO     | __main__:main:12 - Host: 0.0.0.0
2025-11-13 16:48:19 | INFO     | __main__:main:13 - Port: 8000
2025-11-13 16:48:19 | INFO     | __main__:main:14 - Documentation: http://0.0.0.0:8000/docs
2025-11-13 16:48:19 | INFO     | __main__:main:15 - ============================================================
2025-11-13 16:48:21 | INFO     | src.api.main:lifespan:23 - Starting up FastAPI application...
2025-11-13 16:48:21 | INFO     | src.database.mongodb:_create_indexes:66 - Database indexes created successfully
2025-11-13 16:48:21 | INFO     | src.database.mongodb:connect:26 - Connected to MongoDB: books_scraper
2025-11-13 16:48:21 | INFO     | src.api.main:lifespan:25 - Application started successfully
2025-11-13 16:50:27 | INFO     | __main__:main:10 - ============================================================
2025-11-13 16:50:27 | INFO     | __main__:main:11 - Starting Books Scraper Scheduler
2025-11-13 16:50:27 | INFO     | __main__:main:12 - ============================================================
2025-11-13 16:50:27 | ERROR    | __main__:main:23 - Scheduler failed with error: no running event loop
2025-11-13 16:50:33 | INFO     | __main__:main:10 - ============================================================
2025-11-13 16:50:33 | INFO     | __main__:main:11 - Starting Books Scraper Scheduler
2025-11-13 16:50:33 | INFO     | __main__:main:12 - ============================================================
2025-11-13 16:50:33 | ERROR    | __main__:main:23 - Scheduler failed with error: no running event loop
2025-11-13 16:51:21 | INFO     | __main__:main:10 - ============================================================
2025-11-13 16:51:21 | INFO     | __main__:main:11 - Starting Books Scraper Scheduler
2025-11-13 16:51:21 | INFO     | __main__:main:12 - ============================================================
2025-11-13 16:51:22 | INFO     | src.scheduler.scheduler:start:55 - Scheduler started. Daily crawl scheduled at 02:00
2025-11-13 16:51:22 | INFO     | src.scheduler.scheduler:run_scheduler:165 - Scheduler is running. Press Ctrl+C to exit.
2025-11-13 16:52:24 | INFO     | __main__:main:10 - ============================================================
2025-11-13 16:52:24 | INFO     | __main__:main:11 - Starting Books Scraper Scheduler
2025-11-13 16:52:24 | INFO     | __main__:main:12 - ============================================================
2025-11-13 16:52:24 | INFO     | src.scheduler.scheduler:start:55 - Scheduler started. Daily crawl scheduled at 02:00
2025-11-13 16:52:24 | INFO     | src.scheduler.scheduler:run_scheduler:165 - Scheduler is running. Press Ctrl+C to exit.
2025-11-13 16:53:36 | INFO     | src.scheduler.scheduler:run_scheduler:171 - Shutting down scheduler...
2025-11-13 16:53:36 | INFO     | src.scheduler.scheduler:stop:67 - Scheduler stopped
2025-11-13 16:53:43 | INFO     | __main__:main:10 - ============================================================
2025-11-13 16:53:43 | INFO     | __main__:main:11 - Starting Books Scraper API
2025-11-13 16:53:43 | INFO     | __main__:main:12 - Host: 0.0.0.0
2025-11-13 16:53:43 | INFO     | __main__:main:13 - Port: 8000
2025-11-13 16:53:43 | INFO     | __main__:main:14 - Documentation: http://0.0.0.0:8000/docs
2025-11-13 16:53:43 | INFO     | __main__:main:15 - ============================================================
2025-11-13 16:53:43 | INFO     | src.api.main:lifespan:23 - Starting up FastAPI application...
2025-11-13 16:53:43 | INFO     | src.database.mongodb:_create_indexes:66 - Database indexes created successfully
2025-11-13 16:53:43 | INFO     | src.database.mongodb:connect:26 - Connected to MongoDB: books_scraper
2025-11-13 16:53:43 | INFO     | src.api.main:lifespan:25 - Application started successfully
2025-11-13 16:53:43 | INFO     | src.api.main:lifespan:30 - Shutting down FastAPI application...
2025-11-13 16:53:43 | INFO     | src.database.mongodb:disconnect:35 - Disconnected from MongoDB
2025-11-13 16:53:43 | INFO     | src.api.main:lifespan:32 - Application shut down successfully
2025-11-13 16:53:58 | INFO     | __main__:main:10 - ============================================================
2025-11-13 16:53:58 | INFO     | __main__:main:11 - Starting Books Scraper API
2025-11-13 16:53:58 | INFO     | __main__:main:12 - Host: 0.0.0.0
2025-11-13 16:53:58 | INFO     | __main__:main:13 - Port: 8000
2025-11-13 16:53:58 | INFO     | __main__:main:14 - Documentation: http://0.0.0.0:8000/docs
2025-11-13 16:53:58 | INFO     | __main__:main:15 - ============================================================
2025-11-13 16:53:59 | INFO     | src.api.main:lifespan:23 - Starting up FastAPI application...
2025-11-13 16:53:59 | INFO     | src.database.mongodb:_create_indexes:66 - Database indexes created successfully
2025-11-13 16:53:59 | INFO     | src.database.mongodb:connect:26 - Connected to MongoDB: books_scraper
2025-11-13 16:53:59 | INFO     | src.api.main:lifespan:25 - Application started successfully
2025-11-13 16:58:46 | INFO     | __main__:main:10 - ============================================================
2025-11-13 16:58:46 | INFO     | __main__:main:11 - Starting Books Scraper API
2025-11-13 16:58:46 | INFO     | __main__:main:12 - Host: 0.0.0.0
2025-11-13 16:58:46 | INFO     | __main__:main:13 - Port: 8000
2025-11-13 16:58:46 | INFO     | __main__:main:14 - Documentation: http://0.0.0.0:8000/docs
2025-11-13 16:58:46 | INFO     | __main__:main:15 - ============================================================
2025-11-13 16:58:46 | INFO     | src.api.main:lifespan:23 - Starting up FastAPI application...
2025-11-13 16:58:46 | INFO     | src.database.mongodb:_create_indexes:66 - Database indexes created successfully
2025-11-13 16:58:46 | INFO     | src.database.mongodb:connect:26 - Connected to MongoDB: books_scraper
2025-11-13 16:58:46 | INFO     | src.api.main:lifespan:25 - Application started successfully
2025-11-13 16:59:04 | INFO     | src.api.routes:get_books:106 - Returned 20 books (page 1/50)
